-- phpMyAdmin SQL Dump
-- version 5.2.1
-- https://www.phpmyadmin.net/
--
-- Host: 127.0.0.1
-- Generation Time: Jan 27, 2025 at 07:20 AM
-- Server version: 10.4.32-MariaDB
-- PHP Version: 8.0.30

SET SQL_MODE = "NO_AUTO_VALUE_ON_ZERO";
START TRANSACTION;
SET time_zone = "+00:00";


/*!40101 SET @OLD_CHARACTER_SET_CLIENT=@@CHARACTER_SET_CLIENT */;
/*!40101 SET @OLD_CHARACTER_SET_RESULTS=@@CHARACTER_SET_RESULTS */;
/*!40101 SET @OLD_COLLATION_CONNECTION=@@COLLATION_CONNECTION */;
/*!40101 SET NAMES utf8mb4 */;

--
-- Database: `grandelitepayrollsystem`
--

-- --------------------------------------------------------

--
-- Table structure for table `attendance`
--

CREATE TABLE `attendance` (
  `attendance_record_id` varchar(255) NOT NULL,
  `actual_end_time` datetime(6) DEFAULT NULL,
  `actual_start_time` datetime(6) DEFAULT NULL,
  `attendance` varchar(255) DEFAULT NULL,
  `date` date NOT NULL,
  `lc_early_clockout_mins` bigint(20) DEFAULT NULL,
  `lc_late_clockin_mins` bigint(20) DEFAULT NULL,
  `lc_mins` bigint(20) DEFAULT NULL,
  `ot_early_clockin_mins` bigint(20) DEFAULT NULL,
  `ot_late_clockout_mins` bigint(20) DEFAULT NULL,
  `ot_mins` bigint(20) DEFAULT NULL,
  `work_mins` bigint(20) DEFAULT NULL,
  `employee_id` bigint(20) DEFAULT NULL,
  `shift_id` bigint(20) DEFAULT NULL
) ENGINE=InnoDB DEFAULT CHARSET=utf8mb4 COLLATE=utf8mb4_general_ci;

--
-- Dumping data for table `attendance`
--

INSERT INTO `attendance` (`attendance_record_id`, `actual_end_time`, `actual_start_time`, `attendance`, `date`, `lc_early_clockout_mins`, `lc_late_clockin_mins`, `lc_mins`, `ot_early_clockin_mins`, `ot_late_clockout_mins`, `ot_mins`, `work_mins`, `employee_id`, `shift_id`) VALUES
('Arjuna2024-09-30', '2024-10-01 00:01:36.000000', '2024-09-30 17:24:15.000000', '0.5', '2024-09-30', NULL, 144, 144, NULL, 1, 1, 397, 16, 4),
('Arjuna2024-10-01', '2024-10-02 00:01:37.000000', '2024-10-01 16:56:09.000000', '0.5', '2024-10-01', NULL, 116, 116, NULL, 1, 1, 425, 16, 4),
('Arjuna2024-10-02', '2024-10-03 00:00:59.000000', '2024-10-02 17:49:38.000000', '0.5', '2024-10-02', 0, 169, 169, NULL, NULL, 0, 371, 16, 4),
('Arjuna2024-10-03', '2024-10-03 22:12:09.000000', '2024-10-03 07:16:09.000000', '1', '2024-10-03', NULL, 16, 16, NULL, 372, 372, 896, 16, 3),
('Arjuna2024-10-04', '2024-10-05 00:03:30.000000', '2024-10-04 14:57:57.000000', '1', '2024-10-04', NULL, NULL, 0, 2, 3, 5, 545, 16, 4),
('Arjuna2024-10-05', '2024-10-05 21:05:39.000000', '2024-10-05 07:11:27.000000', '1', '2024-10-05', NULL, 11, 11, NULL, 305, 305, 834, 16, 3),
('Arjuna2024-10-06', '2024-10-07 00:01:30.000000', '2024-10-06 14:56:53.000000', '1', '2024-10-06', NULL, NULL, 0, 3, 1, 4, 544, 16, 4),
('Arjuna2024-10-07', NULL, NULL, NULL, '2024-10-07', NULL, NULL, NULL, NULL, NULL, NULL, NULL, 16, NULL),
('Arjuna2024-10-08', '2024-10-08 23:37:51.000000', '2024-10-08 17:08:25.000000', '0.5', '2024-10-08', 22, 128, 150, NULL, NULL, 0, 389, 16, 4),
('Arjuna2024-10-09', '2024-10-09 23:40:49.000000', '2024-10-09 16:56:58.000000', '0.5', '2024-10-09', 19, 116, 135, NULL, NULL, 0, 403, 16, 4),
('Arjuna2024-10-10', '2024-10-10 16:14:57.000000', '2024-10-10 07:10:35.000000', '1', '2024-10-10', NULL, 10, 10, NULL, 14, 14, 544, 16, 3),
('Arjuna2024-10-12', '2024-10-12 23:46:21.000000', '2024-10-12 14:52:12.000000', '0.5', '2024-10-12', 13, NULL, 13, 7, NULL, 7, 534, 16, 4),
('Arjuna2024-10-13', '2024-10-13 22:47:08.000000', '2024-10-13 07:36:20.000000', '1', '2024-10-13', NULL, 36, 36, NULL, 407, 407, 910, 16, 3),
('Arjuna2024-10-14', '2024-10-15 00:02:14.000000', '2024-10-14 14:48:34.000000', '1', '2024-10-14', NULL, NULL, 0, 11, 2, 13, 553, 16, 4),
('Arjuna2024-10-15', '2024-10-16 00:04:35.000000', '2024-10-15 14:59:06.000000', '1', '2024-10-15', NULL, 0, 0, NULL, 4, 4, 545, 16, 4),
('Arjuna2024-10-16', '2024-10-17 00:01:01.000000', '2024-10-16 07:11:49.000000', '1', '2024-10-16', NULL, 11, 11, NULL, 481, 481, 1009, 16, 3),
('Arjuna2024-10-17', '2024-10-17 22:37:40.000000', '2024-10-17 14:55:10.000000', '0.5', '2024-10-17', 82, NULL, 82, 4, NULL, 4, 462, 16, 4),
('Arjuna2024-10-18', '2024-10-18 16:43:37.000000', '2024-10-18 07:17:28.000000', '1', '2024-10-18', NULL, 17, 17, NULL, 43, 43, 566, 16, 3),
('Arjuna2024-10-19', '2024-10-20 00:00:09.000000', '2024-10-19 14:55:43.000000', '1', '2024-10-19', 0, NULL, 0, 4, NULL, 4, 544, 16, 4),
('Arjuna2024-10-20', '2024-10-21 00:02:43.000000', '2024-10-20 14:40:55.000000', '1', '2024-10-20', NULL, NULL, 0, 19, 2, 21, 561, 16, 4),
('Arjuna2024-10-21', '2024-10-22 00:00:18.000000', '2024-10-21 18:23:26.000000', '0.5', '2024-10-21', 0, 203, 203, NULL, NULL, 0, 336, 16, 4),
('Arjuna2024-10-23', '2024-10-24 00:00:37.000000', '2024-10-23 17:42:09.000000', '0.5', '2024-10-23', 0, 162, 162, NULL, NULL, 0, 378, 16, 4),
('Arjuna2024-10-24', '2024-10-24 23:47:12.000000', '2024-10-24 07:18:09.000000', '1', '2024-10-24', NULL, 18, 18, NULL, 467, 467, 989, 16, 3),
('Arjuna2024-10-25', '2024-10-25 14:57:04.000000', '2024-10-25 14:57:04.000000', '?', '2024-10-25', NULL, NULL, 0, NULL, NULL, 0, 0, 16, 4),
('Arjuna2024-10-26', '2024-10-26 21:36:30.000000', '2024-10-26 07:19:25.000000', '1', '2024-10-26', NULL, 19, 19, NULL, 336, 336, 857, 16, 3),
('Arjuna2024-10-27', '2024-10-28 00:00:54.000000', '2024-10-27 14:56:21.000000', '1', '2024-10-27', 0, NULL, 0, 3, NULL, 3, 544, 16, 4),
('Arjuna2024-10-28', '2024-10-29 00:01:18.000000', '2024-10-28 17:47:51.000000', '0.5', '2024-10-28', NULL, 167, 167, NULL, 1, 1, 373, 16, 4),
('Arjuna2024-10-29', '2024-10-30 00:02:12.000000', '2024-10-29 18:12:57.000000', '0.5', '2024-10-29', NULL, 192, 192, NULL, 2, 2, 349, 16, 4),
('Arjuna2024-10-30', '2024-10-31 00:10:24.000000', '2024-10-30 16:54:54.000000', '0.5', '2024-10-30', NULL, 114, 114, NULL, 10, 10, 435, 16, 4),
('Arjuna2024-10-31', '2024-11-01 00:02:04.000000', '2024-10-31 14:49:33.000000', '1', '2024-10-31', NULL, NULL, 0, 10, 2, 12, 552, 16, 4),
('Arjuna2024-11-02', '2024-11-03 00:20:43.000000', '2024-11-02 07:06:49.000000', '1', '2024-11-02', NULL, 6, 6, NULL, 500, 500, 1033, 16, 3),
('Arjuna2024-11-03', '2024-11-04 00:00:22.000000', '2024-11-03 14:51:05.000000', '1', '2024-11-03', 0, NULL, 0, 8, NULL, 8, 549, 16, 4),
('Arjuna2024-11-04', '2024-11-04 23:54:16.000000', '2024-11-04 18:19:55.000000', '0.5', '2024-11-04', 5, 199, 204, NULL, NULL, 0, 334, 16, 4),
('Arjuna2024-11-05', '2024-11-06 00:00:40.000000', '2024-11-05 16:20:15.000000', '0.5', '2024-11-05', 0, 80, 80, NULL, NULL, 0, 460, 16, 4),
('Arjuna2024-11-07', '2024-11-07 22:32:18.000000', '2024-11-07 07:14:25.000000', '1', '2024-11-07', NULL, 14, 14, NULL, 392, 392, 917, 16, 3),
('Arjuna2024-11-08', '2024-11-09 00:00:24.000000', '2024-11-08 14:56:14.000000', '1', '2024-11-08', 0, NULL, 0, 3, NULL, 3, 544, 16, 4),
('Arjuna2024-11-09', '2024-11-09 23:49:18.000000', '2024-11-09 07:11:56.000000', '1', '2024-11-09', NULL, 11, 11, NULL, 469, 469, 997, 16, 3),
('Arjuna2024-11-10', '2024-11-11 00:02:08.000000', '2024-11-10 14:55:41.000000', '1', '2024-11-10', NULL, NULL, 0, 4, 2, 6, 546, 16, 4),
('Arjuna2024-11-11', '2024-11-11 23:14:56.000000', '2024-11-11 14:51:49.000000', '0.5', '2024-11-11', 45, NULL, 45, 8, NULL, 8, 503, 16, 4),
('Arjuna2024-11-12', '2024-11-13 00:00:58.000000', '2024-11-12 17:20:19.000000', '0.5', '2024-11-12', 0, 140, 140, NULL, NULL, 0, 400, 16, 4),
('Arjuna2024-11-13', '2024-11-13 23:57:48.000000', '2024-11-13 14:49:41.000000', '1', '2024-11-13', 2, NULL, 2, 10, NULL, 10, 548, 16, 4),
('Arjuna2024-11-15', '2024-11-15 16:13:39.000000', '2024-11-15 07:08:46.000000', '1', '2024-11-15', NULL, 8, 8, NULL, 13, 13, 544, 16, 3),
('Arjuna2024-11-16', '2024-11-17 00:04:54.000000', '2024-11-16 14:50:49.000000', '1', '2024-11-16', NULL, NULL, 0, 9, 4, 13, 554, 16, 4),
('Arjuna2024-11-17', '2024-11-17 16:14:41.000000', '2024-11-17 07:10:37.000000', '1', '2024-11-17', NULL, 10, 10, NULL, 14, 14, 544, 16, 3),
('Arjuna2024-11-18', '2024-11-18 23:55:08.000000', '2024-11-18 15:03:28.000000', '0.5', '2024-11-18', 4, 3, 7, NULL, NULL, 0, 531, 16, 4),
('Arjuna2024-11-19', '2024-11-20 00:01:39.000000', '2024-11-19 16:55:13.000000', '0.5', '2024-11-19', NULL, 115, 115, NULL, 1, 1, 426, 16, 4),
('Arjuna2024-11-21', '2024-11-22 00:01:37.000000', '2024-11-21 14:47:38.000000', '1', '2024-11-21', NULL, NULL, 0, 12, 1, 13, 553, 16, 4),
('Arjuna2024-11-22', '2024-11-22 18:00:51.000000', '2024-11-22 07:15:10.000000', '1', '2024-11-22', NULL, 15, 15, NULL, 120, 120, 645, 16, 3),
('Arjuna2024-11-23', '2024-11-24 00:03:06.000000', '2024-11-23 14:55:16.000000', '1', '2024-11-23', NULL, NULL, 0, 4, 3, 7, 547, 16, 4),
('Arjuna2024-11-24', '2024-11-25 00:06:39.000000', '2024-11-24 14:45:49.000000', '1', '2024-11-24', NULL, NULL, 0, 14, 6, 20, 560, 16, 4),
('Arjuna2024-11-25', '2024-11-26 00:11:20.000000', '2024-11-25 14:52:36.000000', '1', '2024-11-25', NULL, NULL, 0, 7, 11, 18, 558, 16, 4),
('Arjuna2024-11-26', '2024-11-27 00:08:45.000000', '2024-11-26 18:24:02.000000', '0.5', '2024-11-26', NULL, 204, 204, NULL, 8, 8, 344, 16, 4),
('Arjuna2024-11-27', '2024-11-27 20:00:13.000000', '2024-11-27 07:11:55.000000', '1', '2024-11-27', NULL, 11, 11, NULL, 240, 240, 768, 16, 3),
('Arjuna2024-11-28', '2024-11-28 14:52:39.000000', '2024-11-28 14:52:39.000000', '?', '2024-11-28', NULL, NULL, 0, NULL, NULL, 0, 0, 16, 4),
('Arjuna2024-11-29', '2024-11-30 00:01:30.000000', '2024-11-29 13:32:20.000000', '1', '2024-11-29', NULL, NULL, 0, 87, 1, 88, 629, 16, 4),
('Arjuna2024-11-30', '2024-12-01 00:00:49.000000', '2024-11-30 07:12:29.000000', '1', '2024-11-30', NULL, 12, 12, NULL, 480, 480, 1008, 16, 3),
('Arjuna2024-12-01', '2024-12-02 00:02:08.000000', '2024-12-01 14:52:35.000000', '1', '2024-12-01', NULL, NULL, 0, 7, 2, 9, 549, 16, 4),
('Arjuna2024-12-03', '2024-12-04 00:00:19.000000', '2024-12-03 18:22:41.000000', '0.5', '2024-12-03', 0, 202, 202, NULL, NULL, 0, 337, 16, 4),
('Arjuna2024-12-04', '2024-12-05 00:03:22.000000', '2024-12-04 14:45:07.000000', '1', '2024-12-04', NULL, NULL, 0, 14, 3, 17, 558, 16, 4),
('Arjuna2024-12-05', '2024-12-05 19:00:02.000000', '2024-12-05 07:06:44.000000', '1', '2024-12-05', NULL, 6, 6, NULL, 180, 180, 713, 16, 3),
('Arjuna2024-12-06', '2024-12-07 00:07:27.000000', '2024-12-06 07:05:33.000000', '1', '2024-12-06', NULL, 5, 5, NULL, 487, 487, 1021, 16, 3),
('Arjuna2024-12-07', '2024-12-08 00:34:39.000000', '2024-12-07 07:09:55.000000', '1', '2024-12-07', NULL, 9, 9, NULL, 514, 514, 1044, 16, 3),
('Arjuna2024-12-08', '2024-12-09 00:14:52.000000', '2024-12-08 14:52:05.000000', '1', '2024-12-08', NULL, NULL, 0, 7, 14, 21, 562, 16, 4),
('Arjuna2024-12-09', '2024-12-10 00:05:44.000000', '2024-12-09 14:51:54.000000', '1', '2024-12-09', NULL, NULL, 0, 8, 5, 13, 553, 16, 4),
('Arjuna2024-12-10', '2024-12-11 00:13:21.000000', '2024-12-10 14:50:42.000000', '1', '2024-12-10', NULL, NULL, 0, 9, 13, 22, 562, 16, 4),
('Arjuna2024-12-11', '2024-12-11 23:10:56.000000', '2024-12-11 06:57:03.000000', '1', '2024-12-11', NULL, NULL, 0, 2, 430, 432, 973, 16, 3),
('Arjuna2024-12-12', '2024-12-13 00:36:07.000000', '2024-12-12 14:49:01.000000', '1', '2024-12-12', NULL, NULL, 0, 10, 36, 46, 587, 16, 4),
('Arjuna2024-12-13', '2024-12-14 00:36:39.000000', '2024-12-13 14:44:54.000000', '1', '2024-12-13', NULL, NULL, 0, 15, 36, 51, 591, 16, 4),
('Arjuna2024-12-14', '2024-12-14 22:00:34.000000', '2024-12-14 07:07:32.000000', '1', '2024-12-14', NULL, 7, 7, NULL, 360, 360, 893, 16, 3),
('Arjuna2024-12-15', '2024-12-16 00:17:36.000000', '2024-12-15 14:45:58.000000', '1', '2024-12-15', NULL, NULL, 0, 14, 17, 31, 571, 16, 4),
('Arjuna2024-12-16', '2024-12-17 00:29:11.000000', '2024-12-16 14:47:29.000000', '1', '2024-12-16', NULL, NULL, 0, 12, 29, 41, 581, 16, 4),
('Arjuna2024-12-17', '2024-12-18 00:07:13.000000', '2024-12-17 18:32:02.000000', '0.5', '2024-12-17', NULL, 212, 212, NULL, 7, 7, 335, 16, 4),
('Arjuna2024-12-18', '2024-12-19 00:01:19.000000', '2024-12-18 14:52:34.000000', '1', '2024-12-18', NULL, NULL, 0, 7, 1, 8, 548, 16, 4),
('Arjuna2024-12-19', '2024-12-20 01:12:54.000000', '2024-12-19 07:14:17.000000', '1', '2024-12-19', NULL, 14, 14, NULL, 552, 552, 1078, 16, 3),
('Arjuna2024-12-21', '2024-12-22 00:06:19.000000', '2024-12-21 07:10:44.000000', '1', '2024-12-21', NULL, 10, 10, NULL, 486, 486, 1015, 16, 3),
('Arjuna2024-12-22', '2024-12-23 00:05:24.000000', '2024-12-22 14:52:55.000000', '1', '2024-12-22', NULL, NULL, 0, 7, 5, 12, 552, 16, 4),
('Arjuna2024-12-23', '2024-12-23 23:58:33.000000', '2024-12-23 14:47:59.000000', '1', '2024-12-23', 1, NULL, 1, 12, NULL, 12, 550, 16, 4),
('Arjuna2024-12-24', '2024-12-25 00:01:25.000000', '2024-12-24 07:17:17.000000', '1', '2024-12-24', NULL, 17, 17, NULL, 481, 481, 1004, 16, 3),
('Arjuna2024-12-25', '2024-12-25 23:00:31.000000', '2024-12-25 14:52:31.000000', '0.5', '2024-12-25', 59, NULL, 59, 7, NULL, 7, 488, 16, 4),
('Arjuna2024-12-26', '2024-12-27 00:03:40.000000', '2024-12-26 07:05:32.000000', '1', '2024-12-26', NULL, 5, 5, NULL, 483, 483, 1018, 16, 3),
('Arjuna2024-12-27', '2024-12-28 00:05:28.000000', '2024-12-27 14:50:24.000000', '1', '2024-12-27', NULL, NULL, 0, 9, 5, 14, 555, 16, 4),
('Arjuna2024-12-28', '2024-12-28 23:07:21.000000', '2024-12-28 07:09:13.000000', '1', '2024-12-28', NULL, 9, 9, NULL, 427, 427, 958, 16, 3),
('Arjuna2024-12-29', '2024-12-30 00:00:19.000000', '2024-12-29 14:43:02.000000', '1', '2024-12-29', 0, NULL, 0, 16, NULL, 16, 557, 16, 4),
('Arjuna2024-12-30', '2024-12-31 00:01:26.000000', '2024-12-30 14:51:31.000000', '1', '2024-12-30', NULL, NULL, 0, 8, 1, 9, 549, 16, 4),
('Arjuna2024-12-31', '2025-01-01 00:41:40.000000', '2024-12-31 07:11:56.000000', '1', '2024-12-31', NULL, 11, 11, NULL, 521, 521, 1049, 16, 3),
('Arjuna2025-01-01', '2025-01-01 09:47:45.000000', '2025-01-01 09:47:45.000000', '?', '2025-01-01', NULL, NULL, 0, NULL, NULL, 0, 0, 16, 3),
('Ashan2024-09-30', '2024-10-01 00:01:53.000000', '2024-09-30 10:10:49.000000', '1', '2024-09-30', NULL, 10, 10, NULL, 1, 1, 831, 5, 6),
('Ashan2024-10-01', '2024-10-02 00:06:35.000000', '2024-10-01 10:06:26.000000', '1', '2024-10-01', NULL, 6, 6, NULL, 6, 6, 840, 5, 6),
('Ashan2024-10-02', NULL, NULL, NULL, '2024-10-02', NULL, NULL, NULL, NULL, NULL, NULL, NULL, 5, NULL),
('Ashan2024-10-03', '2024-10-03 21:38:56.000000', '2024-10-03 07:23:44.000000', '1', '2024-10-03', 141, NULL, 141, 156, NULL, 156, 855, 5, 6),
('Ashan2024-10-04', '2024-10-04 09:59:30.000000', '2024-10-04 09:59:30.000000', '?', '2024-10-04', NULL, NULL, 0, NULL, NULL, 0, 0, 5, 6),
('Ashan2024-10-05', '2024-10-06 00:02:56.000000', '2024-10-05 10:01:51.000000', '1', '2024-10-05', NULL, 1, 1, NULL, 2, 2, 841, 5, 6),
('Ashan2024-10-06', '2024-10-07 00:02:57.000000', '2024-10-06 09:59:51.000000', '1', '2024-10-06', NULL, 0, 0, NULL, 2, 2, 843, 5, 6),
('Ashan2024-10-07', '2024-10-08 00:04:55.000000', '2024-10-07 10:02:05.000000', '1', '2024-10-07', NULL, 2, 2, NULL, 4, 4, 842, 5, 6),
('Ashan2024-10-08', '2024-10-08 23:54:26.000000', '2024-10-08 09:59:39.000000', '1', '2024-10-08', 5, 0, 5, NULL, NULL, 0, 834, 5, 6),
('Ashan2024-10-09', '2024-10-10 00:01:39.000000', '2024-10-09 09:39:23.000000', '1', '2024-10-09', NULL, NULL, 0, 20, 1, 21, 862, 5, 6),
('Ashan2024-10-10', '2024-10-10 09:59:48.000000', '2024-10-10 09:59:48.000000', '?', '2024-10-10', NULL, NULL, 0, NULL, NULL, 0, 0, 5, 6),
('Ashan2024-10-16', '2024-10-17 00:04:30.000000', '2024-10-16 09:59:56.000000', '1', '2024-10-16', NULL, 0, 0, NULL, 4, 4, 844, 5, 6),
('Ashan2024-10-17', '2024-10-17 22:34:09.000000', '2024-10-17 09:59:11.000000', '1', '2024-10-17', 85, 0, 85, NULL, NULL, 0, 754, 5, 6),
('Ashan2024-10-18', '2024-10-19 00:10:35.000000', '2024-10-18 10:03:22.000000', '1', '2024-10-18', NULL, 3, 3, NULL, 10, 10, 847, 5, 6),
('Ashan2024-10-19', '2024-10-20 00:05:18.000000', '2024-10-19 09:57:50.000000', '1', '2024-10-19', NULL, NULL, 0, 2, 5, 7, 847, 5, 6),
('Ashan2024-10-20', '2024-10-20 09:57:33.000000', '2024-10-20 09:57:33.000000', '?', '2024-10-20', NULL, NULL, 0, NULL, NULL, 0, 0, 5, 6),
('Ashan2024-10-21', '2024-10-21 23:53:08.000000', '2024-10-21 06:58:09.000000', '1', '2024-10-21', 6, NULL, 6, 181, NULL, 181, 1014, 5, 6),
('Ashan2024-10-22', '2024-10-22 23:56:11.000000', '2024-10-22 10:01:19.000000', '1', '2024-10-22', 3, 1, 4, NULL, NULL, 0, 834, 5, 6),
('Ashan2024-10-23', '2024-10-24 00:09:44.000000', '2024-10-23 10:00:20.000000', '1', '2024-10-23', NULL, 0, 0, NULL, 9, 9, 849, 5, 6),
('Ashan2024-10-24', '2024-10-24 23:32:25.000000', '2024-10-24 07:10:10.000000', '1', '2024-10-24', 27, NULL, 27, 169, NULL, 169, 982, 5, 6),
('Ashan2024-10-25', '2024-10-25 23:44:13.000000', '2024-10-25 10:00:59.000000', '1', '2024-10-25', 15, 0, 15, NULL, NULL, 0, 823, 5, 6),
('Ashan2024-10-26', '2024-10-27 00:16:00.000000', '2024-10-26 10:00:10.000000', '1', '2024-10-26', NULL, 0, 0, NULL, 16, 16, 855, 5, 6),
('Ashan2024-10-27', '2024-10-28 00:20:58.000000', '2024-10-27 09:44:25.000000', '1', '2024-10-27', NULL, NULL, 0, 15, 20, 35, 876, 5, 6),
('Ashan2024-10-28', '2024-10-29 00:11:01.000000', '2024-10-28 09:48:26.000000', '1', '2024-10-28', NULL, NULL, 0, 11, 11, 22, 862, 5, 6),
('Ashan2024-10-29', '2024-10-30 00:20:54.000000', '2024-10-29 07:20:36.000000', '1', '2024-10-29', NULL, NULL, 0, 159, 20, 179, 1020, 5, 6),
('Ashan2024-10-30', '2024-10-31 00:17:52.000000', '2024-10-30 07:48:43.000000', '1', '2024-10-30', NULL, NULL, 0, 131, 17, 148, 989, 5, 6),
('Ashan2024-10-31', '2024-10-31 07:47:31.000000', '2024-10-31 07:47:31.000000', '?', '2024-10-31', NULL, NULL, 0, NULL, NULL, 0, 0, 5, 6),
('Ashan2024-11-01', '2024-11-02 00:01:18.000000', '2024-11-01 10:03:35.000000', '1', '2024-11-01', NULL, 3, 3, NULL, 1, 1, 837, 5, 6),
('Ashan2024-11-02', '2024-11-03 00:13:33.000000', '2024-11-02 10:05:11.000000', '1', '2024-11-02', NULL, 5, 5, NULL, 13, 13, 848, 5, 6),
('Ashan2024-11-03', '2024-11-03 23:59:36.000000', '2024-11-03 09:55:01.000000', '1', '2024-11-03', 0, NULL, 0, 4, NULL, 4, 844, 5, 6),
('Ashan2024-11-04', '2024-11-04 22:41:28.000000', '2024-11-04 09:56:08.000000', '1', '2024-11-04', 78, NULL, 78, 3, NULL, 3, 765, 5, 6),
('Ashan2024-11-05', '2024-11-05 23:37:31.000000', '2024-11-05 10:01:08.000000', '1', '2024-11-05', 22, 1, 23, NULL, NULL, 0, 816, 5, 6),
('Ashan2024-11-06', '2024-11-06 23:54:10.000000', '2024-11-06 07:13:01.000000', '1', '2024-11-06', 5, NULL, 5, 166, NULL, 166, 1001, 5, 6),
('Ashan2024-11-07', '2024-11-07 23:59:25.000000', '2024-11-07 07:19:40.000000', '1', '2024-11-07', 0, NULL, 0, 160, NULL, 160, 999, 5, 6),
('Ashan2024-11-08', '2024-11-08 23:11:21.000000', '2024-11-08 07:20:48.000000', '1', '2024-11-08', 48, NULL, 48, 159, NULL, 159, 950, 5, 6),
('Ashan2024-11-09', '2024-11-10 00:00:05.000000', '2024-11-09 10:00:24.000000', '1', '2024-11-09', 0, 0, 0, NULL, NULL, 0, 839, 5, 6),
('Ashan2024-11-10', '2024-11-10 23:59:25.000000', '2024-11-10 10:00:56.000000', '1', '2024-11-10', 0, 0, 0, NULL, NULL, 0, 838, 5, 6),
('Ashan2024-11-11', '2024-11-11 23:00:15.000000', '2024-11-11 07:27:05.000000', '1', '2024-11-11', 59, NULL, 59, 152, NULL, 152, 933, 5, 6),
('Ashan2024-11-12', '2024-11-12 23:58:20.000000', '2024-11-12 09:54:32.000000', '1', '2024-11-12', 1, NULL, 1, 5, NULL, 5, 843, 5, 6),
('Ashan2024-11-13', '2024-11-13 14:44:55.000000', '2024-11-13 07:17:53.000000', '0.5', '2024-11-13', 555, NULL, 555, 162, NULL, 162, 447, 5, 6),
('Ashan2024-11-20', '2024-11-20 09:18:13.000000', '2024-11-20 09:18:13.000000', '?', '2024-11-20', NULL, NULL, 0, NULL, NULL, 0, 0, 5, 6),
('Ashan2024-11-21', '2024-11-21 23:12:40.000000', '2024-11-21 07:18:42.000000', '1', '2024-11-21', 47, NULL, 47, 161, NULL, 161, 953, 5, 6),
('Ashan2024-11-22', '2024-11-22 23:45:07.000000', '2024-11-22 07:31:03.000000', '1', '2024-11-22', 14, NULL, 14, 148, NULL, 148, 974, 5, 6),
('Ashan2024-11-23', '2024-11-24 00:00:44.000000', '2024-11-23 07:58:15.000000', '1', '2024-11-23', 0, NULL, 0, 121, NULL, 121, 962, 5, 6),
('Ashan2024-11-24', '2024-11-24 23:30:06.000000', '2024-11-24 07:44:43.000000', '1', '2024-11-24', 29, NULL, 29, 135, NULL, 135, 945, 5, 6),
('Ashan2024-11-25', '2024-11-25 07:28:09.000000', '2024-11-25 07:28:09.000000', '?', '2024-11-25', NULL, NULL, 0, NULL, NULL, 0, 0, 5, 6),
('Ashan2024-11-26', '2024-11-26 23:35:26.000000', '2024-11-26 07:24:04.000000', '1', '2024-11-26', 24, NULL, 24, 155, NULL, 155, 971, 5, 6),
('Ashan2024-11-27', '2024-11-27 23:44:18.000000', '2024-11-27 07:27:10.000000', '1', '2024-11-27', 15, NULL, 15, 152, NULL, 152, 977, 5, 6),
('Ashan2024-11-28', '2024-11-28 23:33:15.000000', '2024-11-28 07:43:36.000000', '1', '2024-11-28', 26, NULL, 26, 136, NULL, 136, 949, 5, 6),
('Ashan2024-11-29', '2024-11-29 23:55:11.000000', '2024-11-29 07:31:16.000000', '1', '2024-11-29', 4, NULL, 4, 148, NULL, 148, 983, 5, 6),
('Ashan2024-11-30', '2024-11-30 23:59:50.000000', '2024-11-30 07:29:44.000000', '1', '2024-11-30', 0, NULL, 0, 150, NULL, 150, 990, 5, 6),
('Ashan2024-12-01', '2024-12-01 23:10:09.000000', '2024-12-01 07:24:12.000000', '1', '2024-12-01', 49, NULL, 49, 155, NULL, 155, 945, 5, 6),
('Ashan2024-12-02', '2024-12-02 23:06:36.000000', '2024-12-02 07:04:39.000000', '1', '2024-12-02', 53, NULL, 53, 175, NULL, 175, 961, 5, 6),
('Ashan2024-12-03', '2024-12-03 23:53:03.000000', '2024-12-03 10:00:21.000000', '1', '2024-12-03', 6, 0, 6, NULL, NULL, 0, 832, 5, 6),
('Ashan2024-12-04', '2024-12-04 09:51:38.000000', '2024-12-04 09:51:38.000000', '?', '2024-12-04', NULL, NULL, 0, NULL, NULL, 0, 0, 5, 6),
('Ashan2024-12-05', '2024-12-05 23:19:15.000000', '2024-12-05 09:55:17.000000', '1', '2024-12-05', 40, NULL, 40, 4, NULL, 4, 803, 5, 6),
('Ashan2024-12-06', '2024-12-06 23:55:52.000000', '2024-12-06 06:59:06.000000', '1', '2024-12-06', 4, NULL, 4, 180, NULL, 180, 1016, 5, 6),
('Ashan2024-12-07', '2024-12-07 23:59:42.000000', '2024-12-07 07:09:44.000000', '1', '2024-12-07', 0, NULL, 0, 170, NULL, 170, 1009, 5, 6),
('Ashan2024-12-08', '2024-12-09 00:13:58.000000', '2024-12-08 09:59:58.000000', '1', '2024-12-08', NULL, 0, 0, NULL, 13, 13, 854, 5, 6),
('Ashan2024-12-09', '2024-12-09 23:58:12.000000', '2024-12-09 10:06:17.000000', '1', '2024-12-09', 1, 6, 7, NULL, NULL, 0, 831, 5, 6),
('Ashan2024-12-10', '2024-12-11 00:12:05.000000', '2024-12-10 09:57:56.000000', '1', '2024-12-10', NULL, NULL, 0, 2, 12, 14, 854, 5, 6),
('Ashan2024-12-11', '2024-12-11 23:13:28.000000', '2024-12-11 07:07:25.000000', '1', '2024-12-11', 46, NULL, 46, 172, NULL, 172, 966, 5, 6),
('Ashan2024-12-12', '2024-12-13 00:25:00.000000', '2024-12-12 09:55:00.000000', '1', '2024-12-12', NULL, NULL, 0, 5, 25, 30, 870, 5, 6),
('Ashan2024-12-13', '2024-12-14 00:05:40.000000', '2024-12-13 09:54:54.000000', '1', '2024-12-13', NULL, NULL, 0, 5, 5, 10, 850, 5, 6),
('Ashan2024-12-20', '2024-12-21 00:15:03.000000', '2024-12-20 09:27:09.000000', '1', '2024-12-20', NULL, NULL, 0, 32, 15, 47, 887, 5, 6),
('Ashan2024-12-21', '2024-12-22 00:24:18.000000', '2024-12-21 10:01:08.000000', '1', '2024-12-21', NULL, 1, 1, NULL, 24, 24, 863, 5, 6),
('Ashan2024-12-22', '2024-12-23 00:19:40.000000', '2024-12-22 09:59:53.000000', '1', '2024-12-22', NULL, 0, 0, NULL, 19, 19, 859, 5, 6),
('Ashan2024-12-23', '2024-12-23 09:58:44.000000', '2024-12-23 09:58:44.000000', '?', '2024-12-23', NULL, NULL, 0, NULL, NULL, 0, 0, 5, 6),
('Ashan2024-12-24', '2024-12-24 09:59:04.000000', '2024-12-24 09:59:04.000000', '?', '2024-12-24', NULL, NULL, 0, NULL, NULL, 0, 0, 5, 6),
('Ashan2024-12-25', '2024-12-25 23:04:40.000000', '2024-12-25 09:59:54.000000', '1', '2024-12-25', 55, 0, 55, NULL, NULL, 0, 784, 5, 6),
('Ashan2024-12-26', '2024-12-27 00:26:26.000000', '2024-12-26 07:23:54.000000', '1', '2024-12-26', NULL, NULL, 0, 156, 26, 182, 1022, 5, 6),
('Ashan2024-12-27', '2024-12-28 00:01:47.000000', '2024-12-27 09:59:13.000000', '1', '2024-12-27', NULL, 0, 0, NULL, 1, 1, 842, 5, 6),
('Ashan2024-12-28', '2024-12-28 23:40:51.000000', '2024-12-28 08:26:37.000000', '1', '2024-12-28', 19, NULL, 19, 93, NULL, 93, 914, 5, 6),
('Ashan2024-12-29', '2024-12-29 23:36:50.000000', '2024-12-29 10:06:29.000000', '1', '2024-12-29', 23, 6, 29, NULL, NULL, 0, 810, 5, 6),
('Ashan2024-12-30', '2024-12-30 10:02:21.000000', '2024-12-30 10:02:21.000000', '?', '2024-12-30', NULL, NULL, 0, NULL, NULL, 0, 0, 5, 6),
('Ashan2024-12-31', '2024-12-31 08:14:01.000000', '2024-12-31 08:14:01.000000', '?', '2024-12-31', NULL, NULL, 0, NULL, NULL, 0, 0, 5, 6),
('Ashan2025-01-01', '2025-01-01 09:36:53.000000', '2025-01-01 09:36:53.000000', '?', '2025-01-01', NULL, NULL, 0, NULL, NULL, 0, 0, 5, 6),
('Ayesha2024-09-30', '2024-09-30 18:07:55.000000', '2024-09-30 08:09:06.000000', '1', '2024-09-30', NULL, 9, 9, NULL, 67, 67, 598, 21, 5),
('Ayesha2024-10-01', '2024-10-01 17:27:54.000000', '2024-10-01 08:05:46.000000', '1', '2024-10-01', NULL, 5, 5, NULL, 27, 27, 562, 21, 5),
('Ayesha2024-10-02', '2024-10-02 17:47:38.000000', '2024-10-02 07:56:17.000000', '1', '2024-10-02', NULL, NULL, 0, 3, 47, 50, 591, 21, 5),
('Ayesha2024-10-03', '2024-10-03 17:19:00.000000', '2024-10-03 08:03:23.000000', '1', '2024-10-03', NULL, 3, 3, NULL, 19, 19, 555, 21, 5),
('Ayesha2024-10-05', '2024-10-05 17:50:12.000000', '2024-10-05 08:04:46.000000', '1', '2024-10-05', NULL, 4, 4, NULL, 50, 50, 585, 21, 5),
('Ayesha2024-10-06', '2024-10-06 17:38:40.000000', '2024-10-06 08:01:20.000000', '1', '2024-10-06', NULL, 1, 1, NULL, 38, 38, 577, 21, 5),
('Ayesha2024-10-08', '2024-10-08 17:56:49.000000', '2024-10-08 08:11:49.000000', '1', '2024-10-08', NULL, 11, 11, NULL, 56, 56, 585, 21, 5),
('Ayesha2024-10-09', '2024-10-09 17:19:13.000000', '2024-10-09 08:03:05.000000', '1', '2024-10-09', NULL, 3, 3, NULL, 19, 19, 556, 21, 5),
('Ayesha2024-10-10', '2024-10-10 17:29:38.000000', '2024-10-10 07:59:01.000000', '1', '2024-10-10', NULL, 0, 0, NULL, 29, 29, 570, 21, 5),
('Ayesha2024-10-11', '2024-10-11 17:29:04.000000', '2024-10-11 08:13:05.000000', '1', '2024-10-11', NULL, 13, 13, NULL, 29, 29, 555, 21, 5),
('Ayesha2024-10-17', '2024-10-17 17:56:20.000000', '2024-10-17 07:57:48.000000', '1', '2024-10-17', NULL, NULL, 0, 2, 56, 58, 598, 21, 5),
('Ayesha2024-10-18', '2024-10-18 17:47:32.000000', '2024-10-18 08:03:55.000000', '1', '2024-10-18', NULL, 3, 3, NULL, 47, 47, 583, 21, 5),
('Ayesha2024-10-19', '2024-10-19 17:55:36.000000', '2024-10-19 08:02:50.000000', '1', '2024-10-19', NULL, 2, 2, NULL, 55, 55, 592, 21, 5),
('Ayesha2024-10-20', '2024-10-20 17:46:51.000000', '2024-10-20 08:01:26.000000', '1', '2024-10-20', NULL, 1, 1, NULL, 46, 46, 585, 21, 5),
('Ayesha2024-10-21', '2024-10-21 17:16:37.000000', '2024-10-21 07:54:31.000000', '1', '2024-10-21', NULL, NULL, 0, 5, 16, 21, 562, 21, 5),
('Ayesha2024-10-22', '2024-10-22 17:21:17.000000', '2024-10-22 08:14:25.000000', '1', '2024-10-22', NULL, 14, 14, NULL, 21, 21, 546, 21, 5),
('Ayesha2024-10-23', '2024-10-23 17:21:52.000000', '2024-10-23 07:54:31.000000', '1', '2024-10-23', NULL, NULL, 0, 5, 21, 26, 567, 21, 5),
('Ayesha2024-10-24', '2024-10-24 17:45:55.000000', '2024-10-24 07:57:14.000000', '1', '2024-10-24', NULL, NULL, 0, 2, 45, 47, 588, 21, 5),
('Ayesha2024-10-25', '2024-10-25 17:21:26.000000', '2024-10-25 08:00:35.000000', '1', '2024-10-25', NULL, 0, 0, NULL, 21, 21, 560, 21, 5),
('Ayesha2024-10-26', '2024-10-26 17:47:10.000000', '2024-10-26 08:06:13.000000', '1', '2024-10-26', NULL, 6, 6, NULL, 47, 47, 580, 21, 5),
('Ayesha2024-10-27', '2024-10-27 18:04:48.000000', '2024-10-27 08:05:19.000000', '1', '2024-10-27', NULL, 5, 5, NULL, 64, 64, 599, 21, 5),
('Ayesha2024-10-28', '2024-10-28 17:39:50.000000', '2024-10-28 07:54:06.000000', '1', '2024-10-28', NULL, NULL, 0, 5, 39, 44, 585, 21, 5),
('Ayesha2024-10-29', '2024-10-29 17:33:19.000000', '2024-10-29 08:01:03.000000', '1', '2024-10-29', NULL, 1, 1, NULL, 33, 33, 572, 21, 5),
('Ayesha2024-10-30', '2024-10-30 18:11:52.000000', '2024-10-30 07:55:05.000000', '1', '2024-10-30', NULL, NULL, 0, 4, 71, 75, 616, 21, 5),
('Ayesha2024-10-31', '2024-10-31 17:31:12.000000', '2024-10-31 08:01:55.000000', '1', '2024-10-31', NULL, 1, 1, NULL, 31, 31, 569, 21, 5),
('Ayesha2024-11-01', '2024-11-01 18:24:01.000000', '2024-11-01 07:59:05.000000', '1', '2024-11-01', NULL, 0, 0, NULL, 84, 84, 624, 21, 5),
('Ayesha2024-11-02', '2024-11-02 17:19:19.000000', '2024-11-02 08:11:53.000000', '1', '2024-11-02', NULL, 11, 11, NULL, 19, 19, 547, 21, 5),
('Ayesha2024-11-03', '2024-11-03 18:03:04.000000', '2024-11-03 08:13:12.000000', '1', '2024-11-03', NULL, 13, 13, NULL, 63, 63, 589, 21, 5),
('Ayesha2024-11-04', '2024-11-04 17:39:29.000000', '2024-11-04 07:54:30.000000', '1', '2024-11-04', NULL, NULL, 0, 5, 39, 44, 584, 21, 5),
('Ayesha2024-11-05', '2024-11-05 17:24:34.000000', '2024-11-05 07:55:22.000000', '1', '2024-11-05', NULL, NULL, 0, 4, 24, 28, 569, 21, 5),
('Ayesha2024-11-06', '2024-11-06 17:17:35.000000', '2024-11-06 07:50:19.000000', '1', '2024-11-06', NULL, NULL, 0, 9, 17, 26, 567, 21, 5),
('Ayesha2024-11-07', '2024-11-07 17:27:51.000000', '2024-11-07 07:59:34.000000', '1', '2024-11-07', NULL, 0, 0, NULL, 27, 27, 568, 21, 5),
('Ayesha2024-11-08', '2024-11-08 15:13:36.000000', '2024-11-08 07:52:22.000000', '0.5', '2024-11-08', 106, NULL, 106, 7, NULL, 7, 441, 21, 5),
('Ayesha2024-11-10', '2024-11-10 17:25:27.000000', '2024-11-10 07:45:01.000000', '1', '2024-11-10', NULL, NULL, 0, 14, 25, 39, 580, 21, 5),
('Ayesha2024-11-11', '2024-11-11 17:24:15.000000', '2024-11-11 07:42:32.000000', '1', '2024-11-11', NULL, NULL, 0, 17, 24, 41, 581, 21, 5),
('Ayesha2024-11-12', '2024-11-12 17:24:56.000000', '2024-11-12 07:32:25.000000', '1', '2024-11-12', NULL, NULL, 0, 27, 24, 51, 592, 21, 5),
('Ayesha2024-11-13', '2024-11-13 17:17:42.000000', '2024-11-13 08:01:25.000000', '1', '2024-11-13', NULL, 1, 1, NULL, 17, 17, 556, 21, 5),
('Ayesha2024-11-15', '2024-11-15 17:10:28.000000', '2024-11-15 08:00:35.000000', '1', '2024-11-15', NULL, 0, 0, NULL, 10, 10, 549, 21, 5),
('Ayesha2024-11-16', '2024-11-16 17:20:11.000000', '2024-11-16 08:12:15.000000', '1', '2024-11-16', NULL, 12, 12, NULL, 20, 20, 547, 21, 5),
('Ayesha2024-11-17', '2024-11-17 17:38:10.000000', '2024-11-17 07:58:44.000000', '1', '2024-11-17', NULL, NULL, 0, 1, 38, 39, 579, 21, 5),
('Ayesha2024-11-18', '2024-11-18 17:39:00.000000', '2024-11-18 07:59:08.000000', '1', '2024-11-18', NULL, 0, 0, NULL, 39, 39, 579, 21, 5),
('Ayesha2024-11-19', '2024-11-19 17:27:19.000000', '2024-11-19 08:00:33.000000', '1', '2024-11-19', NULL, 0, 0, NULL, 27, 27, 566, 21, 5),
('Ayesha2024-11-20', '2024-11-20 17:49:31.000000', '2024-11-20 08:03:30.000000', '1', '2024-11-20', NULL, 3, 3, NULL, 49, 49, 586, 21, 5),
('Ayesha2024-11-21', '2024-11-21 17:44:46.000000', '2024-11-21 08:13:15.000000', '1', '2024-11-21', NULL, 13, 13, NULL, 44, 44, 571, 21, 5),
('Ayesha2024-11-22', '2024-11-22 17:41:09.000000', '2024-11-22 08:05:58.000000', '1', '2024-11-22', NULL, 5, 5, NULL, 41, 41, 575, 21, 5),
('Ayesha2024-11-24', '2024-11-24 17:46:31.000000', '2024-11-24 08:14:06.000000', '1', '2024-11-24', NULL, 14, 14, NULL, 46, 46, 572, 21, 5),
('Ayesha2024-11-25', '2024-11-25 18:01:36.000000', '2024-11-25 08:10:00.000000', '1', '2024-11-25', NULL, 10, 10, NULL, 61, 61, 591, 21, 5),
('Ayesha2024-11-26', '2024-11-26 18:01:28.000000', '2024-11-26 07:49:20.000000', '1', '2024-11-26', NULL, NULL, 0, 10, 61, 71, 612, 21, 5),
('Ayesha2024-11-27', '2024-11-27 18:08:54.000000', '2024-11-27 08:07:00.000000', '1', '2024-11-27', NULL, 7, 7, NULL, 68, 68, 601, 21, 5),
('Ayesha2024-11-28', '2024-11-28 17:25:08.000000', '2024-11-28 07:58:25.000000', '1', '2024-11-28', NULL, NULL, 0, 1, 25, 26, 566, 21, 5),
('Ayesha2024-11-29', '2024-11-29 19:45:07.000000', '2024-11-29 08:13:15.000000', '1', '2024-11-29', NULL, 13, 13, NULL, 165, 165, 691, 21, 5),
('Ayesha2024-11-30', '2024-11-30 18:10:10.000000', '2024-11-30 08:08:49.000000', '1', '2024-11-30', NULL, 8, 8, NULL, 70, 70, 601, 21, 5),
('Ayesha2024-12-01', '2024-12-01 18:29:11.000000', '2024-12-01 08:21:17.000000', '1', '2024-12-01', NULL, 21, 21, NULL, 89, 89, 607, 21, 5),
('Ayesha2024-12-02', '2024-12-02 18:05:12.000000', '2024-12-02 08:15:30.000000', '1', '2024-12-02', NULL, 15, 15, NULL, 65, 65, 589, 21, 5),
('Ayesha2024-12-03', '2024-12-03 17:59:27.000000', '2024-12-03 07:55:28.000000', '1', '2024-12-03', NULL, NULL, 0, 4, 59, 63, 603, 21, 5),
('Ayesha2024-12-04', '2024-12-04 17:52:17.000000', '2024-12-04 07:59:55.000000', '1', '2024-12-04', NULL, 0, 0, NULL, 52, 52, 592, 21, 5),
('Ayesha2024-12-05', '2024-12-05 18:01:59.000000', '2024-12-05 08:08:17.000000', '1', '2024-12-05', NULL, 8, 8, NULL, 61, 61, 593, 21, 5),
('Ayesha2024-12-06', '2024-12-06 08:12:49.000000', '2024-12-06 08:12:49.000000', '?', '2024-12-06', NULL, NULL, 0, NULL, NULL, 0, 0, 21, 5),
('Ayesha2024-12-07', '2024-12-07 17:41:46.000000', '2024-12-07 08:02:58.000000', '1', '2024-12-07', NULL, 2, 2, NULL, 41, 41, 578, 21, 5),
('Ayesha2024-12-08', '2024-12-08 18:19:59.000000', '2024-12-08 08:53:19.000000', '1', '2024-12-08', NULL, 53, 53, NULL, 79, 79, 566, 21, 5),
('Ayesha2024-12-09', '2024-12-09 17:17:41.000000', '2024-12-09 08:03:08.000000', '1', '2024-12-09', NULL, 3, 3, NULL, 17, 17, 554, 21, 5),
('Ayesha2024-12-10', '2024-12-10 17:40:07.000000', '2024-12-10 08:04:12.000000', '1', '2024-12-10', NULL, 4, 4, NULL, 40, 40, 575, 21, 5),
('Ayesha2024-12-11', '2024-12-11 17:56:29.000000', '2024-12-11 08:02:09.000000', '1', '2024-12-11', NULL, 2, 2, NULL, 56, 56, 594, 21, 5),
('Ayesha2024-12-14', '2024-12-14 18:10:29.000000', '2024-12-14 08:13:20.000000', '1', '2024-12-14', NULL, 13, 13, NULL, 70, 70, 597, 21, 5),
('Ayesha2024-12-15', '2024-12-15 18:14:26.000000', '2024-12-15 08:12:32.000000', '1', '2024-12-15', NULL, 12, 12, NULL, 74, 74, 601, 21, 5),
('Ayesha2024-12-16', '2024-12-16 18:13:33.000000', '2024-12-16 07:54:17.000000', '1', '2024-12-16', NULL, NULL, 0, 5, 73, 78, 619, 21, 5),
('Ayesha2024-12-18', '2024-12-18 17:47:27.000000', '2024-12-18 08:17:19.000000', '1', '2024-12-18', NULL, 17, 17, NULL, 47, 47, 570, 21, 5),
('Ayesha2024-12-19', '2024-12-19 18:38:01.000000', '2024-12-19 08:10:08.000000', '1', '2024-12-19', NULL, 10, 10, NULL, 98, 98, 627, 21, 5),
('Ayesha2024-12-20', '2024-12-20 18:08:55.000000', '2024-12-20 07:54:48.000000', '1', '2024-12-20', NULL, NULL, 0, 5, 68, 73, 614, 21, 5),
('Ayesha2024-12-21', '2024-12-21 18:09:59.000000', '2024-12-21 08:09:29.000000', '1', '2024-12-21', NULL, 9, 9, NULL, 69, 69, 600, 21, 5),
('Ayesha2024-12-22', '2024-12-22 18:17:03.000000', '2024-12-22 08:03:00.000000', '1', '2024-12-22', NULL, 3, 3, NULL, 77, 77, 614, 21, 5),
('Ayesha2024-12-23', '2024-12-23 18:31:30.000000', '2024-12-23 07:59:53.000000', '1', '2024-12-23', NULL, 0, 0, NULL, 91, 91, 631, 21, 5),
('Ayesha2024-12-24', '2024-12-24 18:09:40.000000', '2024-12-24 08:09:14.000000', '1', '2024-12-24', NULL, 9, 9, NULL, 69, 69, 600, 21, 5),
('Ayesha2024-12-25', '2024-12-25 18:15:20.000000', '2024-12-25 08:07:39.000000', '1', '2024-12-25', NULL, 7, 7, NULL, 75, 75, 607, 21, 5),
('Ayesha2024-12-26', '2024-12-26 17:59:14.000000', '2024-12-26 07:41:37.000000', '1', '2024-12-26', NULL, NULL, 0, 18, 59, 77, 617, 21, 5),
('Ayesha2024-12-27', '2024-12-27 18:27:22.000000', '2024-12-27 07:57:52.000000', '1', '2024-12-27', NULL, NULL, 0, 2, 87, 89, 629, 21, 5),
('Ayesha2024-12-28', '2024-12-28 17:53:33.000000', '2024-12-28 07:47:47.000000', '1', '2024-12-28', NULL, NULL, 0, 12, 53, 65, 605, 21, 5),
('Ayesha2024-12-29', '2024-12-29 17:44:08.000000', '2024-12-29 08:11:40.000000', '1', '2024-12-29', NULL, 11, 11, NULL, 44, 44, 572, 21, 5),
('Ayesha2024-12-30', '2024-12-30 18:13:35.000000', '2024-12-30 08:13:45.000000', '1', '2024-12-30', NULL, 13, 13, NULL, 73, 73, 599, 21, 5),
('Ayesha2024-12-31', '2024-12-31 19:34:08.000000', '2024-12-31 08:04:52.000000', '1', '2024-12-31', NULL, 4, 4, NULL, 154, 154, 689, 21, 5),
('Ayesha2025-01-01', '2025-01-01 18:16:36.000000', '2025-01-01 07:57:38.000000', '1', '2025-01-01', NULL, NULL, 0, 2, 76, 78, 618, 21, 5),
('Bhagya2024-09-30', '2024-09-30 17:44:33.000000', '2024-09-30 08:26:48.000000', '1', '2024-09-30', NULL, 26, 26, NULL, 44, 44, 557, 28, 5),
('Bhagya2024-10-01', '2024-10-01 17:23:30.000000', '2024-10-01 08:09:36.000000', '1', '2024-10-01', NULL, 9, 9, NULL, 23, 23, 553, 28, 5),
('Bhagya2024-10-02', '2024-10-02 17:37:34.000000', '2024-10-02 08:03:19.000000', '1', '2024-10-02', NULL, 3, 3, NULL, 37, 37, 574, 28, 5),
('Bhagya2024-10-03', '2024-10-03 17:04:17.000000', '2024-10-03 07:35:01.000000', '1', '2024-10-03', NULL, NULL, 0, 24, 4, 28, 569, 28, 5),
('Bhagya2024-10-04', '2024-10-04 18:18:32.000000', '2024-10-04 07:54:26.000000', '1', '2024-10-04', NULL, NULL, 0, 5, 78, 83, 624, 28, 5),
('Bhagya2024-10-08', '2024-10-08 17:21:12.000000', '2024-10-08 07:47:52.000000', '1', '2024-10-08', NULL, NULL, 0, 12, 21, 33, 573, 28, 5),
('Bhagya2024-10-10', '2024-10-10 17:10:22.000000', '2024-10-10 08:06:41.000000', '1', '2024-10-10', NULL, 6, 6, NULL, 10, 10, 543, 28, 5),
('Bhagya2024-10-11', '2024-10-11 15:13:01.000000', '2024-10-11 08:11:21.000000', '0.5', '2024-10-11', 106, 11, 117, NULL, NULL, 0, 421, 28, 5),
('Bhagya2024-10-14', '2024-10-14 17:04:47.000000', '2024-10-14 08:13:48.000000', '0.5', '2024-10-14', NULL, 13, 13, NULL, 4, 4, 530, 28, 5),
('Bhagya2024-10-15', '2024-10-15 17:37:58.000000', '2024-10-15 08:27:14.000000', '1', '2024-10-15', NULL, 27, 27, NULL, 37, 37, 550, 28, 5),
('Bhagya2024-10-16', '2024-10-16 13:23:45.000000', '2024-10-16 08:23:20.000000', 'ab', '2024-10-16', 216, 23, 239, NULL, NULL, 0, 300, 28, 5),
('Bhagya2024-10-22', '2024-10-22 17:08:31.000000', '2024-10-22 08:12:18.000000', '0.5', '2024-10-22', NULL, 12, 12, NULL, 8, 8, 536, 28, 5),
('Bhagya2024-10-23', '2024-10-23 17:12:48.000000', '2024-10-23 08:12:49.000000', '0.5', '2024-10-23', NULL, 12, 12, NULL, 12, 12, 539, 28, 5),
('Bhagya2024-10-24', '2024-10-24 17:30:43.000000', '2024-10-24 07:55:34.000000', '1', '2024-10-24', NULL, NULL, 0, 4, 30, 34, 575, 28, 5),
('Bhagya2024-10-26', '2024-10-26 17:14:09.000000', '2024-10-26 08:14:40.000000', '0.5', '2024-10-26', NULL, 14, 14, NULL, 14, 14, 539, 28, 5),
('Bhagya2024-10-28', '2024-10-28 17:30:45.000000', '2024-10-28 08:10:51.000000', '1', '2024-10-28', NULL, 10, 10, NULL, 30, 30, 559, 28, 5),
('Bhagya2024-10-29', '2024-10-29 17:12:24.000000', '2024-10-29 08:01:57.000000', '1', '2024-10-29', NULL, 1, 1, NULL, 12, 12, 550, 28, 5),
('Bhagya2024-11-01', '2024-11-01 17:11:00.000000', '2024-11-01 08:16:30.000000', '0.5', '2024-11-01', NULL, 16, 16, NULL, 11, 11, 534, 28, 5),
('Bhagya2024-11-04', '2024-11-04 17:10:56.000000', '2024-11-04 08:01:02.000000', '1', '2024-11-04', NULL, 1, 1, NULL, 10, 10, 549, 28, 5),
('Bhagya2024-11-05', '2024-11-05 17:14:29.000000', '2024-11-05 08:17:00.000000', '0.5', '2024-11-05', NULL, 17, 17, NULL, 14, 14, 537, 28, 5),
('Bhagya2024-11-06', '2024-11-06 17:03:55.000000', '2024-11-06 08:02:57.000000', '0.5', '2024-11-06', NULL, 2, 2, NULL, 3, 3, 540, 28, 5),
('Bhagya2024-11-07', '2024-11-07 17:16:56.000000', '2024-11-07 08:02:07.000000', '1', '2024-11-07', NULL, 2, 2, NULL, 16, 16, 554, 28, 5),
('Bhagya2024-11-08', '2024-11-08 15:02:16.000000', '2024-11-08 07:53:03.000000', '0.5', '2024-11-08', 117, NULL, 117, 6, NULL, 6, 429, 28, 5),
('Bhagya2024-11-09', '2024-11-09 17:10:20.000000', '2024-11-09 07:49:32.000000', '1', '2024-11-09', NULL, NULL, 0, 10, 10, 20, 560, 28, 5),
('Bhagya2024-11-11', '2024-11-11 17:10:15.000000', '2024-11-11 08:15:20.000000', '0.5', '2024-11-11', NULL, 15, 15, NULL, 10, 10, 534, 28, 5),
('Bhagya2024-11-12', '2024-11-12 17:05:14.000000', '2024-11-12 08:08:57.000000', '0.5', '2024-11-12', NULL, 8, 8, NULL, 5, 5, 536, 28, 5),
('Bhagya2024-11-13', '2024-11-13 17:06:43.000000', '2024-11-13 08:14:08.000000', '0.5', '2024-11-13', NULL, 14, 14, NULL, 6, 6, 532, 28, 5),
('Bhagya2024-11-16', '2024-11-16 17:15:46.000000', '2024-11-16 08:20:53.000000', '0.5', '2024-11-16', NULL, 20, 20, NULL, 15, 15, 534, 28, 5),
('Bhagya2024-11-18', '2024-11-18 17:06:56.000000', '2024-11-18 08:00:52.000000', '1', '2024-11-18', NULL, 0, 0, NULL, 6, 6, 546, 28, 5),
('Bhagya2024-11-21', '2024-11-21 17:07:09.000000', '2024-11-21 08:16:48.000000', '0.5', '2024-11-21', NULL, 16, 16, NULL, 7, 7, 530, 28, 5),
('Bhagya2024-11-22', '2024-11-22 17:20:13.000000', '2024-11-22 08:16:19.000000', '1', '2024-11-22', NULL, 16, 16, NULL, 20, 20, 543, 28, 5),
('Bhagya2024-11-25', '2024-11-25 17:15:05.000000', '2024-11-25 08:31:52.000000', '0.5', '2024-11-25', NULL, 31, 31, NULL, 15, 15, 523, 28, 5),
('Bhagya2024-11-26', '2024-11-26 17:03:47.000000', '2024-11-26 08:19:13.000000', '0.5', '2024-11-26', NULL, 19, 19, NULL, 3, 3, 524, 28, 5),
('Bhagya2024-11-27', '2024-11-27 17:16:00.000000', '2024-11-27 08:34:20.000000', '0.5', '2024-11-27', NULL, 34, 34, NULL, 16, 16, 521, 28, 5),
('Bhagya2024-11-28', '2024-11-28 17:05:39.000000', '2024-11-28 08:50:27.000000', '0.5', '2024-11-28', NULL, 50, 50, NULL, 5, 5, 495, 28, 5),
('Bhagya2024-11-29', '2024-11-29 17:07:04.000000', '2024-11-29 08:40:06.000000', '0.5', '2024-11-29', NULL, 40, 40, NULL, 7, 7, 506, 28, 5),
('Bhagya2024-11-30', '2024-11-30 17:16:38.000000', '2024-11-30 08:39:50.000000', '0.5', '2024-11-30', NULL, 39, 39, NULL, 16, 16, 516, 28, 5),
('Bhagya2024-12-02', '2024-12-02 17:17:11.000000', '2024-12-02 08:31:24.000000', '0.5', '2024-12-02', NULL, 31, 31, NULL, 17, 17, 525, 28, 5),
('Bhagya2024-12-05', '2024-12-05 17:07:33.000000', '2024-12-05 08:17:56.000000', '0.5', '2024-12-05', NULL, 17, 17, NULL, 7, 7, 529, 28, 5),
('Bhagya2024-12-09', '2024-12-09 17:06:24.000000', '2024-12-09 08:13:24.000000', '0.5', '2024-12-09', NULL, 13, 13, NULL, 6, 6, 533, 28, 5),
('Bhagya2024-12-10', '2024-12-10 17:31:16.000000', '2024-12-10 08:08:23.000000', '1', '2024-12-10', NULL, 8, 8, NULL, 31, 31, 562, 28, 5),
('Bhagya2024-12-13', '2024-12-13 17:03:32.000000', '2024-12-13 08:13:40.000000', '0.5', '2024-12-13', NULL, 13, 13, NULL, 3, 3, 529, 28, 5),
('Bhagya2024-12-16', '2024-12-16 17:25:09.000000', '2024-12-16 08:16:25.000000', '1', '2024-12-16', NULL, 16, 16, NULL, 25, 25, 548, 28, 5),
('Bhagya2024-12-17', '2024-12-17 17:04:54.000000', '2024-12-17 08:02:35.000000', '1', '2024-12-17', NULL, 2, 2, NULL, 4, 4, 542, 28, 5),
('Bhagya2024-12-20', '2024-12-20 17:03:02.000000', '2024-12-20 08:09:43.000000', '0.5', '2024-12-20', NULL, 9, 9, NULL, 3, 3, 533, 28, 5),
('Bhagya2024-12-23', '2024-12-23 17:13:06.000000', '2024-12-23 08:19:01.000000', '0.5', '2024-12-23', NULL, 19, 19, NULL, 13, 13, 534, 28, 5),
('Bhagya2024-12-27', '2024-12-27 17:09:58.000000', '2024-12-27 08:04:40.000000', '1', '2024-12-27', NULL, 4, 4, NULL, 9, 9, 545, 28, 5),
('Bhagya2024-12-30', '2024-12-30 17:06:52.000000', '2024-12-30 08:24:44.000000', '0.5', '2024-12-30', NULL, 24, 24, NULL, 6, 6, 522, 28, 5),
('Bhagya2024-12-31', '2024-12-31 17:11:54.000000', '2024-12-31 08:09:42.000000', '1', '2024-12-31', NULL, 9, 9, NULL, 11, 11, 542, 28, 5),
('Chalinda2024-09-30', '2024-10-01 00:20:51.000000', '2024-09-30 09:28:25.000000', '1', '2024-09-30', NULL, NULL, 0, 31, 20, 51, 892, 12, 6),
('Chalinda2024-10-01', '2024-10-02 00:32:11.000000', '2024-10-01 09:47:11.000000', '1', '2024-10-01', NULL, NULL, 0, 12, 32, 44, 885, 12, 6),
('Chalinda2024-10-02', '2024-10-03 00:20:12.000000', '2024-10-02 09:45:11.000000', '1', '2024-10-02', NULL, NULL, 0, 14, 20, 34, 875, 12, 6),
('Chalinda2024-10-03', '2024-10-03 22:15:32.000000', '2024-10-03 09:11:41.000000', '1', '2024-10-03', 104, NULL, 104, 48, NULL, 48, 783, 12, 6),
('Chalinda2024-10-04', '2024-10-05 00:39:22.000000', '2024-10-04 09:51:07.000000', '1', '2024-10-04', NULL, NULL, 0, 8, 39, 47, 888, 12, 6),
('Chalinda2024-10-05', '2024-10-06 00:18:25.000000', '2024-10-05 09:45:22.000000', '1', '2024-10-05', NULL, NULL, 0, 14, 18, 32, 873, 12, 6),
('Chalinda2024-10-06', '2024-10-07 00:17:56.000000', '2024-10-06 09:42:17.000000', '1', '2024-10-06', NULL, NULL, 0, 17, 17, 34, 875, 12, 6),
('Chalinda2024-10-07', '2024-10-08 00:12:54.000000', '2024-10-07 09:56:48.000000', '1', '2024-10-07', NULL, NULL, 0, 3, 12, 15, 856, 12, 6),
('Chalinda2024-10-08', '2024-10-09 00:06:05.000000', '2024-10-08 09:34:47.000000', '1', '2024-10-08', NULL, NULL, 0, 25, 6, 31, 871, 12, 6),
('Chalinda2024-10-09', '2024-10-10 00:14:48.000000', '2024-10-09 09:36:38.000000', '1', '2024-10-09', NULL, NULL, 0, 23, 14, 37, 878, 12, 6),
('Chalinda2024-10-10', '2024-10-10 10:03:08.000000', '2024-10-10 10:03:08.000000', '?', '2024-10-10', NULL, NULL, 0, NULL, NULL, 0, 0, 12, 6),
('Chalinda2024-10-11', '2024-10-12 00:21:33.000000', '2024-10-11 09:42:23.000000', '1', '2024-10-11', NULL, NULL, 0, 17, 21, 38, 879, 12, 6),
('Chalinda2024-10-12', '2024-10-13 00:21:22.000000', '2024-10-12 09:58:06.000000', '1', '2024-10-12', NULL, NULL, 0, 1, 21, 22, 863, 12, 6),
('Chalinda2024-10-13', '2024-10-14 00:16:15.000000', '2024-10-13 09:50:59.000000', '1', '2024-10-13', NULL, NULL, 0, 9, 16, 25, 865, 12, 6),
('Chalinda2024-10-14', '2024-10-15 00:34:32.000000', '2024-10-14 09:37:08.000000', '1', '2024-10-14', NULL, NULL, 0, 22, 34, 56, 897, 12, 6),
('Chalinda2024-10-15', '2024-10-16 00:20:05.000000', '2024-10-15 09:28:15.000000', '1', '2024-10-15', NULL, NULL, 0, 31, 20, 51, 891, 12, 6),
('Chalinda2024-10-16', '2024-10-16 08:11:35.000000', '2024-10-16 08:11:35.000000', '?', '2024-10-16', NULL, NULL, 0, NULL, NULL, 0, 0, 12, 6),
('Chalinda2024-10-17', '2024-10-17 22:34:59.000000', '2024-10-17 09:47:43.000000', '1', '2024-10-17', 85, NULL, 85, 12, NULL, 12, 767, 12, 6),
('Chalinda2024-10-18', '2024-10-19 00:16:09.000000', '2024-10-18 09:52:51.000000', '1', '2024-10-18', NULL, NULL, 0, 7, 16, 23, 863, 12, 6),
('Chalinda2024-10-19', '2024-10-20 00:30:06.000000', '2024-10-19 09:56:07.000000', '1', '2024-10-19', NULL, NULL, 0, 3, 30, 33, 873, 12, 6),
('Chalinda2024-10-20', '2024-10-21 00:22:06.000000', '2024-10-20 09:49:56.000000', '1', '2024-10-20', NULL, NULL, 0, 10, 22, 32, 872, 12, 6),
('Chalinda2024-10-21', '2024-10-22 00:20:15.000000', '2024-10-21 08:07:04.000000', '1', '2024-10-21', NULL, NULL, 0, 112, 20, 132, 973, 12, 6),
('Chalinda2024-10-22', '2024-10-23 00:23:05.000000', '2024-10-22 09:59:44.000000', '1', '2024-10-22', NULL, 0, 0, NULL, 23, 23, 863, 12, 6),
('Chalinda2024-10-23', '2024-10-24 00:31:09.000000', '2024-10-23 09:58:31.000000', '1', '2024-10-23', NULL, NULL, 0, 1, 31, 32, 872, 12, 6),
('Chalinda2024-10-24', NULL, NULL, NULL, '2024-10-24', NULL, NULL, NULL, NULL, NULL, NULL, NULL, 12, NULL),
('Chalinda2024-10-25', '2024-10-26 00:33:30.000000', '2024-10-25 09:53:44.000000', '1', '2024-10-25', NULL, NULL, 0, 6, 33, 39, 879, 12, 6),
('Chalinda2024-10-26', '2024-10-27 00:15:55.000000', '2024-10-26 09:53:22.000000', '1', '2024-10-26', NULL, NULL, 0, 6, 15, 21, 862, 12, 6),
('Chalinda2024-11-01', '2024-11-02 00:31:35.000000', '2024-11-01 09:13:18.000000', '1', '2024-11-01', NULL, NULL, 0, 46, 31, 77, 918, 12, 6),
('Chalinda2024-11-02', '2024-11-03 00:37:28.000000', '2024-11-02 09:53:19.000000', '1', '2024-11-02', NULL, NULL, 0, 6, 37, 43, 884, 12, 6),
('Chalinda2024-11-03', '2024-11-04 00:19:50.000000', '2024-11-03 09:57:35.000000', '1', '2024-11-03', NULL, NULL, 0, 2, 19, 21, 862, 12, 6),
('Chalinda2024-11-04', '2024-11-05 00:16:10.000000', '2024-11-04 09:53:29.000000', '1', '2024-11-04', NULL, NULL, 0, 6, 16, 22, 862, 12, 6),
('Chalinda2024-11-05', '2024-11-05 09:52:11.000000', '2024-11-05 09:52:11.000000', '?', '2024-11-05', NULL, NULL, 0, NULL, NULL, 0, 0, 12, 6),
('Chalinda2024-11-06', '2024-11-07 00:21:58.000000', '2024-11-06 09:50:26.000000', '1', '2024-11-06', NULL, NULL, 0, 9, 21, 30, 871, 12, 6),
('Chalinda2024-11-07', '2024-11-08 00:17:18.000000', '2024-11-07 07:40:58.000000', '1', '2024-11-07', NULL, NULL, 0, 139, 17, 156, 996, 12, 6),
('Chalinda2024-11-08', '2024-11-09 00:26:24.000000', '2024-11-08 09:50:57.000000', '1', '2024-11-08', NULL, NULL, 0, 9, 26, 35, 875, 12, 6),
('Chalinda2024-11-09', '2024-11-10 00:18:27.000000', '2024-11-09 09:38:04.000000', '1', '2024-11-09', NULL, NULL, 0, 21, 18, 39, 880, 12, 6),
('Chalinda2024-11-10', '2024-11-11 00:21:05.000000', '2024-11-10 09:50:16.000000', '1', '2024-11-10', NULL, NULL, 0, 9, 21, 30, 870, 12, 6),
('Chalinda2024-11-11', '2024-11-12 00:16:03.000000', '2024-11-11 09:50:42.000000', '1', '2024-11-11', NULL, NULL, 0, 9, 16, 25, 865, 12, 6),
('Chalinda2024-11-12', '2024-11-13 00:20:00.000000', '2024-11-12 09:43:05.000000', '1', '2024-11-12', NULL, NULL, 0, 16, 20, 36, 876, 12, 6),
('Chalinda2024-11-13', '2024-11-14 00:25:47.000000', '2024-11-13 10:10:49.000000', '1', '2024-11-13', NULL, 10, 10, NULL, 25, 25, 854, 12, 6),
('Chalinda2024-11-15', '2024-11-15 22:21:39.000000', '2024-11-15 10:06:01.000000', '1', '2024-11-15', 98, 6, 104, NULL, NULL, 0, 735, 12, 6),
('Chalinda2024-11-16', '2024-11-17 00:23:03.000000', '2024-11-16 09:31:08.000000', '1', '2024-11-16', NULL, NULL, 0, 28, 23, 51, 891, 12, 6),
('Chalinda2024-11-17', '2024-11-18 00:38:33.000000', '2024-11-17 09:58:54.000000', '1', '2024-11-17', NULL, NULL, 0, 1, 38, 39, 879, 12, 6),
('Chalinda2024-11-19', '2024-11-20 00:09:40.000000', '2024-11-19 09:58:48.000000', '1', '2024-11-19', NULL, NULL, 0, 1, 9, 10, 850, 12, 6),
('Chalinda2024-11-20', '2024-11-20 19:01:01.000000', '2024-11-20 10:01:04.000000', '0.5', '2024-11-20', 298, 1, 299, NULL, NULL, 0, 539, 12, 6),
('Chalinda2024-11-26', '2024-11-27 00:11:34.000000', '2024-11-26 09:42:33.000000', '1', '2024-11-26', NULL, NULL, 0, 17, 11, 28, 869, 12, 6),
('Chalinda2024-11-27', '2024-11-28 00:18:17.000000', '2024-11-27 09:46:10.000000', '1', '2024-11-27', NULL, NULL, 0, 13, 18, 31, 872, 12, 6),
('Chalinda2024-11-28', '2024-11-29 00:15:26.000000', '2024-11-28 09:51:44.000000', '1', '2024-11-28', NULL, NULL, 0, 8, 15, 23, 863, 12, 6),
('Chalinda2024-11-29', '2024-11-30 00:16:26.000000', '2024-11-29 09:59:34.000000', '1', '2024-11-29', NULL, 0, 0, NULL, 16, 16, 856, 12, 6),
('Chalinda2024-11-30', '2024-12-01 00:13:32.000000', '2024-11-30 10:18:34.000000', '1', '2024-11-30', NULL, 18, 18, NULL, 13, 13, 834, 12, 6),
('Chalinda2024-12-01', '2024-12-02 00:43:01.000000', '2024-12-01 10:08:43.000000', '1', '2024-12-01', NULL, 8, 8, NULL, 43, 43, 874, 12, 6),
('Chalinda2024-12-02', '2024-12-03 00:15:32.000000', '2024-12-02 10:11:32.000000', '1', '2024-12-02', NULL, 11, 11, NULL, 15, 15, 844, 12, 6),
('Chalinda2024-12-03', '2024-12-04 00:35:42.000000', '2024-12-03 09:59:43.000000', '1', '2024-12-03', NULL, 0, 0, NULL, 35, 35, 875, 12, 6),
('Chalinda2024-12-04', '2024-12-05 00:13:35.000000', '2024-12-04 10:01:15.000000', '1', '2024-12-04', NULL, 1, 1, NULL, 13, 13, 852, 12, 6),
('Chalinda2024-12-05', '2024-12-06 00:24:12.000000', '2024-12-05 09:55:28.000000', '1', '2024-12-05', NULL, NULL, 0, 4, 24, 28, 868, 12, 6),
('Chalinda2024-12-06', '2024-12-07 00:26:25.000000', '2024-12-06 06:49:56.000000', '1', '2024-12-06', NULL, NULL, 0, 190, 26, 216, 1056, 12, 6),
('Chalinda2024-12-07', '2024-12-08 01:06:19.000000', '2024-12-07 09:08:46.000000', '1', '2024-12-07', NULL, NULL, 0, 51, 66, 117, 957, 12, 6),
('Chalinda2024-12-08', '2024-12-09 00:36:23.000000', '2024-12-08 09:56:34.000000', '1', '2024-12-08', NULL, NULL, 0, 3, 36, 39, 879, 12, 6),
('Chalinda2024-12-09', '2024-12-10 00:26:46.000000', '2024-12-09 10:02:15.000000', '1', '2024-12-09', NULL, 2, 2, NULL, 26, 26, 864, 12, 6),
('Chalinda2024-12-10', '2024-12-11 00:48:23.000000', '2024-12-10 09:35:36.000000', '1', '2024-12-10', NULL, NULL, 0, 24, 48, 72, 912, 12, 6),
('Chalinda2024-12-11', '2024-12-12 00:16:47.000000', '2024-12-11 07:22:03.000000', '1', '2024-12-11', NULL, NULL, 0, 157, 16, 173, 1014, 12, 6),
('Chalinda2024-12-12', '2024-12-13 00:54:22.000000', '2024-12-12 10:04:22.000000', '1', '2024-12-12', NULL, 4, 4, NULL, 54, 54, 890, 12, 6),
('Chalinda2024-12-13', '2024-12-14 00:32:53.000000', '2024-12-13 09:58:33.000000', '1', '2024-12-13', NULL, NULL, 0, 1, 32, 33, 874, 12, 6),
('Chalinda2024-12-14', '2024-12-14 22:09:05.000000', '2024-12-14 09:41:19.000000', '1', '2024-12-14', 110, NULL, 110, 18, NULL, 18, 747, 12, 6),
('Chalinda2024-12-15', '2024-12-16 00:50:22.000000', '2024-12-15 09:58:21.000000', '1', '2024-12-15', NULL, NULL, 0, 1, 50, 51, 892, 12, 6),
('Chalinda2024-12-16', '2024-12-17 00:28:55.000000', '2024-12-16 09:56:19.000000', '1', '2024-12-16', NULL, NULL, 0, 3, 28, 31, 872, 12, 6),
('Chalinda2024-12-17', '2024-12-18 00:13:37.000000', '2024-12-17 09:55:23.000000', '1', '2024-12-17', NULL, NULL, 0, 4, 13, 17, 858, 12, 6);
INSERT INTO `attendance` (`attendance_record_id`, `actual_end_time`, `actual_start_time`, `attendance`, `date`, `lc_early_clockout_mins`, `lc_late_clockin_mins`, `lc_mins`, `ot_early_clockin_mins`, `ot_late_clockout_mins`, `ot_mins`, `work_mins`, `employee_id`, `shift_id`) VALUES
('Chalinda2024-12-18', '2024-12-18 09:59:25.000000', '2024-12-18 09:59:25.000000', '?', '2024-12-18', NULL, NULL, 0, NULL, NULL, 0, 0, 12, 6),
('Chalinda2024-12-19', '2024-12-20 01:03:44.000000', '2024-12-19 10:02:05.000000', '1', '2024-12-19', NULL, 2, 2, NULL, 63, 63, 901, 12, 6),
('Chalinda2024-12-20', '2024-12-21 00:16:27.000000', '2024-12-20 09:45:34.000000', '1', '2024-12-20', NULL, NULL, 0, 14, 16, 30, 870, 12, 6),
('Chalinda2024-12-25', '2024-12-25 23:05:26.000000', '2024-12-25 09:40:34.000000', '1', '2024-12-25', 54, NULL, 54, 19, NULL, 19, 804, 12, 6),
('Chalinda2024-12-26', '2024-12-27 00:16:22.000000', '2024-12-26 07:37:44.000000', '1', '2024-12-26', NULL, NULL, 0, 142, 16, 158, 998, 12, 6),
('Chalinda2024-12-27', '2024-12-28 00:33:59.000000', '2024-12-27 09:47:42.000000', '1', '2024-12-27', NULL, NULL, 0, 12, 33, 45, 886, 12, 6),
('Chalinda2024-12-28', '2024-12-29 00:29:05.000000', '2024-12-28 09:55:26.000000', '1', '2024-12-28', NULL, NULL, 0, 4, 29, 33, 873, 12, 6),
('Chalinda2024-12-29', '2024-12-30 00:33:50.000000', '2024-12-29 10:39:23.000000', '1', '2024-12-29', NULL, 39, 39, NULL, 33, 33, 834, 12, 6),
('Chalinda2024-12-30', '2024-12-31 00:36:00.000000', '2024-12-30 09:58:08.000000', '1', '2024-12-30', NULL, NULL, 0, 1, 36, 37, 877, 12, 6),
('Chalinda2024-12-31', '2025-01-01 01:18:10.000000', '2024-12-31 09:31:32.000000', '1', '2024-12-31', NULL, NULL, 0, 28, 78, 106, 946, 12, 6),
('Chalinda2025-01-01', '2025-01-01 09:06:46.000000', '2025-01-01 09:06:46.000000', '?', '2025-01-01', NULL, NULL, 0, NULL, NULL, 0, 0, 12, 6),
('Dilshan2024-09-30', '2024-10-01 00:00:45.000000', '2024-09-30 17:24:07.000000', '0.5', '2024-09-30', 0, 144, 144, NULL, NULL, 0, 396, 17, 4),
('Dilshan2024-10-01', '2024-10-02 00:06:25.000000', '2024-10-01 16:55:58.000000', '0.5', '2024-10-01', NULL, 115, 115, NULL, 6, 6, 430, 17, 4),
('Dilshan2024-10-02', '2024-10-03 00:01:27.000000', '2024-10-02 17:49:43.000000', '0.5', '2024-10-02', NULL, 169, 169, NULL, 1, 1, 371, 17, 4),
('Dilshan2024-10-03', '2024-10-03 21:31:56.000000', '2024-10-03 07:04:42.000000', '1', '2024-10-03', NULL, 4, 4, NULL, 331, 331, 867, 17, 3),
('Dilshan2024-10-04', '2024-10-05 00:03:57.000000', '2024-10-04 14:58:18.000000', '1', '2024-10-04', NULL, NULL, 0, 1, 3, 4, 545, 17, 4),
('Dilshan2024-10-05', '2024-10-06 00:04:11.000000', '2024-10-05 14:55:43.000000', '1', '2024-10-05', NULL, NULL, 0, 4, 4, 8, 548, 17, 4),
('Dilshan2024-10-06', '2024-10-07 00:01:10.000000', '2024-10-06 14:55:38.000000', '1', '2024-10-06', NULL, NULL, 0, 4, 1, 5, 545, 17, 4),
('Dilshan2024-10-07', '2024-10-08 00:00:35.000000', '2024-10-07 18:22:45.000000', '0.5', '2024-10-07', 0, 202, 202, NULL, NULL, 0, 337, 17, 4),
('Dilshan2024-10-08', '2024-10-09 00:04:00.000000', '2024-10-08 17:08:16.000000', '0.5', '2024-10-08', NULL, 128, 128, NULL, 4, 4, 415, 17, 4),
('Dilshan2024-10-09', '2024-10-09 23:40:54.000000', '2024-10-09 16:56:53.000000', '0.5', '2024-10-09', 19, 116, 135, NULL, NULL, 0, 404, 17, 4),
('Dilshan2024-10-10', '2024-10-10 14:59:35.000000', '2024-10-10 14:59:35.000000', '?', '2024-10-10', NULL, NULL, 0, NULL, NULL, 0, 0, 17, 4),
('Dilshan2024-10-11', '2024-10-11 23:38:52.000000', '2024-10-11 08:25:51.000000', '1', '2024-10-11', NULL, 85, 85, NULL, 458, 458, 913, 17, 3),
('Dilshan2024-10-15', '2024-10-16 00:13:29.000000', '2024-10-15 15:00:48.000000', '1', '2024-10-15', NULL, 0, 0, NULL, 13, 13, 552, 17, 4),
('Dilshan2024-10-16', '2024-10-17 00:05:23.000000', '2024-10-16 14:53:50.000000', '1', '2024-10-16', NULL, NULL, 0, 6, 5, 11, 551, 17, 4),
('Dilshan2024-10-17', '2024-10-17 22:36:44.000000', '2024-10-17 07:08:11.000000', '1', '2024-10-17', NULL, 8, 8, NULL, 396, 396, 928, 17, 3),
('Dilshan2024-10-18', '2024-10-19 00:00:37.000000', '2024-10-18 14:57:08.000000', '1', '2024-10-18', 0, NULL, 0, 2, NULL, 2, 543, 17, 4),
('Dilshan2024-10-19', '2024-10-19 16:00:37.000000', '2024-10-19 07:11:15.000000', '0.5', '2024-10-19', 0, 11, 11, NULL, NULL, 0, 529, 17, 3),
('Dilshan2024-10-20', '2024-10-21 00:00:13.000000', '2024-10-20 15:03:33.000000', '0.5', '2024-10-20', 0, 3, 3, NULL, NULL, 0, 536, 17, 4),
('Dilshan2024-10-21', '2024-10-22 00:01:05.000000', '2024-10-21 18:23:30.000000', '0.5', '2024-10-21', NULL, 203, 203, NULL, 1, 1, 337, 17, 4),
('Dilshan2024-10-22', '2024-10-23 00:13:00.000000', '2024-10-22 16:57:50.000000', '0.5', '2024-10-22', NULL, 117, 117, NULL, 13, 13, 435, 17, 4),
('Dilshan2024-10-23', '2024-10-23 17:42:04.000000', '2024-10-23 17:42:04.000000', '?', '2024-10-23', NULL, NULL, 0, NULL, NULL, 0, 0, 17, 4),
('Dilshan2024-10-24', '2024-10-25 00:08:26.000000', '2024-10-24 06:58:11.000000', '1', '2024-10-24', NULL, NULL, 0, 1, 488, 489, 1030, 17, 3),
('Dilshan2024-10-25', '2024-10-25 23:19:01.000000', '2024-10-25 07:04:16.000000', '1', '2024-10-25', NULL, 4, 4, NULL, 439, 439, 974, 17, 3),
('Dilshan2024-10-26', '2024-10-27 00:04:29.000000', '2024-10-26 13:59:47.000000', '1', '2024-10-26', NULL, NULL, 0, 60, 4, 64, 604, 17, 4),
('Dilshan2024-10-27', '2024-10-28 00:21:20.000000', '2024-10-27 07:08:21.000000', '1', '2024-10-27', NULL, 8, 8, NULL, 501, 501, 1032, 17, 3),
('Dilshan2024-10-28', '2024-10-29 00:11:23.000000', '2024-10-28 17:58:43.000000', '0.5', '2024-10-28', NULL, 178, 178, NULL, 11, 11, 372, 17, 4),
('Dilshan2024-10-29', '2024-10-30 00:20:58.000000', '2024-10-29 18:12:53.000000', '0.5', '2024-10-29', NULL, 192, 192, NULL, 20, 20, 368, 17, 4),
('Dilshan2024-10-30', '2024-10-30 16:54:59.000000', '2024-10-30 16:54:59.000000', '?', '2024-10-30', NULL, NULL, 0, NULL, NULL, 0, 0, 17, 4),
('Dilshan2024-10-31', '2024-11-01 00:17:11.000000', '2024-10-31 09:32:54.000000', '1', '2024-10-31', NULL, 152, 152, NULL, 497, 497, 884, 17, 3),
('Dilshan2024-11-01', '2024-11-01 23:05:23.000000', '2024-11-01 07:17:49.000000', '1', '2024-11-01', NULL, 17, 17, NULL, 425, 425, 947, 17, 3),
('Dilshan2024-11-04', NULL, NULL, NULL, '2024-11-04', NULL, NULL, NULL, NULL, NULL, NULL, NULL, 17, NULL),
('Dilshan2024-11-06', '2024-11-07 00:03:08.000000', '2024-11-06 15:41:50.000000', '0.5', '2024-11-06', NULL, 41, 41, NULL, 3, 3, 501, 17, 4),
('Dilshan2024-11-07', '2024-11-07 23:01:37.000000', '2024-11-07 07:01:00.000000', '1', '2024-11-07', NULL, 1, 1, NULL, 421, 421, 960, 17, 3),
('Dilshan2024-11-08', '2024-11-08 23:03:38.000000', '2024-11-08 07:13:10.000000', '1', '2024-11-08', NULL, 13, 13, NULL, 423, 423, 950, 17, 3),
('Dilshan2024-11-09', '2024-11-10 00:07:25.000000', '2024-11-09 14:47:49.000000', '1', '2024-11-09', NULL, NULL, 0, 12, 7, 19, 559, 17, 4),
('Dilshan2024-11-10', '2024-11-11 00:00:16.000000', '2024-11-10 12:30:05.000000', '1', '2024-11-10', 0, NULL, 0, 149, NULL, 149, 690, 17, 4),
('Dilshan2024-11-11', '2024-11-11 16:16:14.000000', '2024-11-11 07:10:02.000000', '1', '2024-11-11', NULL, 10, 10, NULL, 16, 16, 546, 17, 3),
('Dilshan2024-11-12', '2024-11-13 00:06:11.000000', '2024-11-12 17:20:13.000000', '0.5', '2024-11-12', NULL, 140, 140, NULL, 6, 6, 405, 17, 4),
('Dilshan2024-11-13', '2024-11-13 14:44:50.000000', '2024-11-13 07:04:50.000000', '0.5', '2024-11-13', 75, 4, 79, NULL, NULL, 0, 460, 17, 3),
('Dilshan2024-11-15', '2024-11-15 22:11:45.000000', '2024-11-15 14:55:42.000000', '0.5', '2024-11-15', 108, NULL, 108, 4, NULL, 4, 436, 17, 4),
('Dilshan2024-11-16', '2024-11-17 00:03:20.000000', '2024-11-16 06:59:20.000000', '1', '2024-11-16', NULL, 0, 0, NULL, 483, 483, 1024, 17, 3),
('Dilshan2024-11-17', '2024-11-18 00:07:38.000000', '2024-11-17 14:46:42.000000', '1', '2024-11-17', NULL, NULL, 0, 13, 7, 20, 560, 17, 4),
('Dilshan2024-11-18', '2024-11-18 23:56:25.000000', '2024-11-18 15:05:59.000000', '0.5', '2024-11-18', 3, 5, 8, NULL, NULL, 0, 530, 17, 4),
('Dilshan2024-11-19', '2024-11-20 00:01:52.000000', '2024-11-19 16:55:06.000000', '0.5', '2024-11-19', NULL, 115, 115, NULL, 1, 1, 426, 17, 4),
('Dilshan2024-11-20', '2024-11-20 14:50:45.000000', '2024-11-20 14:50:45.000000', '?', '2024-11-20', NULL, NULL, 0, NULL, NULL, 0, 0, 17, 4),
('Dilshan2024-11-21', '2024-11-21 09:27:49.000000', '2024-11-21 09:27:49.000000', '?', '2024-11-21', NULL, NULL, 0, NULL, NULL, 0, 0, 17, 3),
('Dilshan2024-11-22', '2024-11-23 00:20:13.000000', '2024-11-22 09:41:04.000000', '1', '2024-11-22', NULL, 161, 161, NULL, 500, 500, 879, 17, 3),
('Dilshan2024-11-23', '2024-11-23 09:38:53.000000', '2024-11-23 09:38:53.000000', '?', '2024-11-23', NULL, NULL, 0, NULL, NULL, 0, 0, 17, 3),
('Dilshan2024-11-24', '2024-11-24 09:48:14.000000', '2024-11-24 09:48:14.000000', '?', '2024-11-24', NULL, NULL, 0, NULL, NULL, 0, 0, 17, 3),
('Dilshan2024-11-25', '2024-11-26 00:27:46.000000', '2024-11-25 09:38:05.000000', '1', '2024-11-25', NULL, 158, 158, NULL, 507, 507, 889, 17, 3),
('Dilshan2024-11-26', '2024-11-27 00:12:02.000000', '2024-11-26 18:24:35.000000', '0.5', '2024-11-26', NULL, 204, 204, NULL, 12, 12, 347, 17, 4),
('Dilshan2024-11-27', '2024-11-28 00:18:21.000000', '2024-11-27 14:54:27.000000', '1', '2024-11-27', NULL, NULL, 0, 5, 18, 23, 563, 17, 4),
('Dilshan2024-11-28', '2024-11-29 00:14:09.000000', '2024-11-28 14:56:09.000000', '1', '2024-11-28', NULL, NULL, 0, 3, 14, 17, 558, 17, 4),
('Dilshan2024-11-29', '2024-11-29 23:15:03.000000', '2024-11-29 07:12:46.000000', '1', '2024-11-29', NULL, 12, 12, NULL, 435, 435, 962, 17, 3),
('Dilshan2024-11-30', '2024-12-01 00:21:29.000000', '2024-11-30 14:54:51.000000', '1', '2024-11-30', NULL, NULL, 0, 5, 21, 26, 566, 17, 4),
('Dilshan2024-12-01', '2024-12-02 00:28:55.000000', '2024-12-01 13:21:26.000000', '1', '2024-12-01', NULL, NULL, 0, 98, 28, 126, 667, 17, 4),
('Dilshan2024-12-03', '2024-12-04 00:16:41.000000', '2024-12-03 14:59:44.000000', '1', '2024-12-03', NULL, 0, 0, NULL, 16, 16, 556, 17, 4),
('Dilshan2024-12-04', '2024-12-05 00:13:30.000000', '2024-12-04 14:50:20.000000', '1', '2024-12-04', NULL, NULL, 0, 9, 13, 22, 563, 17, 4),
('Dilshan2024-12-05', '2024-12-06 00:00:39.000000', '2024-12-05 14:51:29.000000', '1', '2024-12-05', 0, NULL, 0, 8, NULL, 8, 549, 17, 4),
('Dilshan2024-12-06', '2024-12-07 00:03:36.000000', '2024-12-06 06:43:32.000000', '1', '2024-12-06', NULL, NULL, 0, 16, 483, 499, 1040, 17, 3),
('Dilshan2024-12-07', '2024-12-07 23:31:38.000000', '2024-12-07 07:12:37.000000', '1', '2024-12-07', NULL, 12, 12, NULL, 451, 451, 979, 17, 3),
('Dilshan2024-12-08', '2024-12-08 21:50:59.000000', '2024-12-08 07:11:03.000000', '1', '2024-12-08', NULL, 11, 11, NULL, 350, 350, 879, 17, 3),
('Dilshan2024-12-10', '2024-12-11 00:12:10.000000', '2024-12-10 14:58:40.000000', '1', '2024-12-10', NULL, NULL, 0, 1, 12, 13, 553, 17, 4),
('Dilshan2024-12-11', '2024-12-12 00:12:13.000000', '2024-12-11 07:08:25.000000', '1', '2024-12-11', NULL, 8, 8, NULL, 492, 492, 1023, 17, 3),
('Dilshan2024-12-12', '2024-12-13 00:13:08.000000', '2024-12-12 14:58:37.000000', '1', '2024-12-12', NULL, NULL, 0, 1, 13, 14, 554, 17, 4),
('Dilshan2024-12-13', '2024-12-13 23:11:40.000000', '2024-12-13 06:53:54.000000', '1', '2024-12-13', NULL, NULL, 0, 6, 431, 437, 977, 17, 3),
('Dilshan2024-12-16', '2024-12-17 00:29:04.000000', '2024-12-16 14:56:17.000000', '1', '2024-12-16', NULL, NULL, 0, 3, 29, 32, 572, 17, 4),
('Dilshan2024-12-17', '2024-12-18 00:07:02.000000', '2024-12-17 07:01:58.000000', '1', '2024-12-17', NULL, 1, 1, NULL, 487, 487, 1025, 17, 3),
('Dilshan2024-12-18', '2024-12-19 00:00:46.000000', '2024-12-18 15:32:30.000000', '0.5', '2024-12-18', 0, 32, 32, NULL, NULL, 0, 508, 17, 4),
('Dilshan2024-12-19', '2024-12-20 01:03:37.000000', '2024-12-19 09:50:35.000000', '1', '2024-12-19', NULL, 170, 170, NULL, 543, 543, 913, 17, 3),
('Dilshan2024-12-20', '2024-12-21 00:34:30.000000', '2024-12-20 14:46:02.000000', '1', '2024-12-20', NULL, NULL, 0, 13, 34, 47, 588, 17, 4),
('Dilshan2024-12-22', '2024-12-23 00:32:25.000000', '2024-12-22 09:30:23.000000', '1', '2024-12-22', NULL, 150, 150, NULL, 512, 512, 902, 17, 3),
('Dilshan2024-12-23', '2024-12-24 00:27:00.000000', '2024-12-23 09:26:47.000000', '1', '2024-12-23', NULL, 146, 146, NULL, 507, 507, 900, 17, 3),
('Dilshan2024-12-24', '2024-12-24 09:32:38.000000', '2024-12-24 09:32:38.000000', '?', '2024-12-24', NULL, NULL, 0, NULL, NULL, 0, 0, 17, 3),
('Dilshan2024-12-25', '2024-12-25 23:07:36.000000', '2024-12-25 13:56:02.000000', '1', '2024-12-25', 52, NULL, 52, 63, NULL, 63, 551, 17, 4),
('Dilshan2024-12-26', '2024-12-26 22:58:48.000000', '2024-12-26 07:19:09.000000', '1', '2024-12-26', NULL, 19, 19, NULL, 418, 418, 939, 17, 3),
('Dilshan2024-12-27', '2024-12-27 23:57:58.000000', '2024-12-27 06:58:22.000000', '1', '2024-12-27', NULL, NULL, 0, 1, 477, 478, 1019, 17, 3),
('Dilshan2024-12-28', '2024-12-29 00:38:28.000000', '2024-12-28 14:48:04.000000', '1', '2024-12-28', NULL, NULL, 0, 11, 38, 49, 590, 17, 4),
('Dilshan2024-12-29', '2024-12-29 23:57:05.000000', '2024-12-29 14:54:32.000000', '1', '2024-12-29', 2, NULL, 2, 5, NULL, 5, 542, 17, 4),
('Dilshan2024-12-30', '2024-12-30 14:54:14.000000', '2024-12-30 14:52:23.000000', 'ab', '2024-12-30', 545, NULL, 545, 7, NULL, 7, 1, 17, 4),
('Dilshan2024-12-31', '2024-12-31 07:08:19.000000', '2024-12-31 07:08:19.000000', '?', '2024-12-31', NULL, NULL, 0, NULL, NULL, 0, 0, 17, 3),
('Dilshan2025-01-01', '2025-01-01 21:42:43.000000', '2025-01-01 07:35:33.000000', '1', '2025-01-01', NULL, 35, 35, NULL, 342, 342, 847, 17, 3),
('Ishara2024-09-30', '2024-10-01 00:01:02.000000', '2024-09-30 15:08:02.000000', '0.5', '2024-09-30', NULL, 8, 8, NULL, 1, 1, 533, 15, 4),
('Ishara2024-10-01', '2024-10-01 07:00:03.000000', '2024-10-01 07:00:03.000000', '?', '2024-10-01', NULL, NULL, 0, NULL, NULL, 0, 0, 15, 3),
('Ishara2024-10-02', '2024-10-03 00:01:48.000000', '2024-10-02 15:24:20.000000', '0.5', '2024-10-02', NULL, 24, 24, NULL, 1, 1, 517, 15, 4),
('Ishara2024-10-03', '2024-10-03 21:32:05.000000', '2024-10-03 07:15:39.000000', '1', '2024-10-03', NULL, 15, 15, NULL, 332, 332, 856, 15, 3),
('Ishara2024-10-06', '2024-10-07 00:01:17.000000', '2024-10-06 15:02:26.000000', '0.5', '2024-10-06', NULL, 2, 2, NULL, 1, 1, 538, 15, 4),
('Ishara2024-10-07', '2024-10-08 00:01:04.000000', '2024-10-07 15:06:39.000000', '0.5', '2024-10-07', NULL, 6, 6, NULL, 1, 1, 534, 15, 4),
('Ishara2024-10-08', '2024-10-08 23:32:03.000000', '2024-10-08 15:03:25.000000', '0.5', '2024-10-08', 27, 3, 30, NULL, NULL, 0, 508, 15, 4),
('Ishara2024-10-09', '2024-10-09 16:12:20.000000', '2024-10-09 07:01:48.000000', '1', '2024-10-09', NULL, 1, 1, NULL, 12, 12, 550, 15, 3),
('Ishara2024-10-10', '2024-10-10 09:47:57.000000', '2024-10-10 09:47:57.000000', '?', '2024-10-10', NULL, NULL, 0, NULL, NULL, 0, 0, 15, 3),
('Ishara2024-10-11', '2024-10-12 00:51:10.000000', '2024-10-11 11:50:05.000000', '1', '2024-10-11', NULL, 290, 290, NULL, 531, 531, 781, 15, 3),
('Ishara2024-10-12', '2024-10-12 17:10:57.000000', '2024-10-12 08:01:27.000000', '1', '2024-10-12', NULL, 61, 61, NULL, 70, 70, 549, 15, 3),
('Ishara2024-10-13', '2024-10-14 00:03:32.000000', '2024-10-13 15:04:50.000000', '0.5', '2024-10-13', NULL, 4, 4, NULL, 3, 3, 538, 15, 4),
('Ishara2024-10-14', '2024-10-15 00:31:28.000000', '2024-10-14 14:05:20.000000', '1', '2024-10-14', NULL, NULL, 0, 54, 31, 85, 626, 15, 4),
('Ishara2024-10-15', '2024-10-15 16:08:59.000000', '2024-10-15 07:11:56.000000', '0.5', '2024-10-15', NULL, 11, 11, NULL, 8, 8, 537, 15, 3),
('Ishara2024-10-16', '2024-10-17 00:00:38.000000', '2024-10-16 15:05:51.000000', '0.5', '2024-10-16', 0, 5, 5, NULL, NULL, 0, 534, 15, 4),
('Ishara2024-10-17', '2024-10-17 22:34:44.000000', '2024-10-17 15:02:09.000000', '0.5', '2024-10-17', 85, 2, 87, NULL, NULL, 0, 452, 15, 4),
('Ishara2024-10-18', '2024-10-19 00:02:23.000000', '2024-10-18 15:01:24.000000', '0.5', '2024-10-18', NULL, 1, 1, NULL, 2, 2, 540, 15, 4),
('Ishara2024-10-19', '2024-10-19 23:39:56.000000', '2024-10-19 15:05:45.000000', '0.5', '2024-10-19', 20, 5, 25, NULL, NULL, 0, 514, 15, 4),
('Ishara2024-11-02', '2024-11-03 00:04:07.000000', '2024-11-02 15:04:22.000000', '0.5', '2024-11-02', NULL, 4, 4, NULL, 4, 4, 539, 15, 4),
('Ishara2024-11-03', '2024-11-04 00:02:59.000000', '2024-11-03 15:00:45.000000', '1', '2024-11-03', NULL, 0, 0, NULL, 2, 2, 542, 15, 4),
('Ishara2024-11-04', '2024-11-04 18:34:23.000000', '2024-11-04 07:00:47.000000', '1', '2024-11-04', NULL, 0, 0, NULL, 154, 154, 693, 15, 3),
('Ishara2024-11-05', '2024-11-06 00:15:55.000000', '2024-11-05 15:03:56.000000', '1', '2024-11-05', NULL, 3, 3, NULL, 15, 15, 551, 15, 4),
('Ishara2024-11-06', '2024-11-06 17:00:27.000000', '2024-11-06 07:02:41.000000', '1', '2024-11-06', NULL, 2, 2, NULL, 60, 60, 597, 15, 3),
('Ishara2024-11-07', '2024-11-08 00:32:36.000000', '2024-11-07 07:01:19.000000', '1', '2024-11-07', NULL, 1, 1, NULL, 512, 512, 1051, 15, 3),
('Ishara2024-11-08', '2024-11-09 00:41:32.000000', '2024-11-08 15:00:03.000000', '1', '2024-11-08', NULL, 0, 0, NULL, 41, 41, 581, 15, 4),
('Ishara2024-11-09', '2024-11-10 00:32:33.000000', '2024-11-09 11:15:56.000000', '1', '2024-11-09', NULL, 255, 255, NULL, 512, 512, 796, 15, 3),
('Ishara2024-11-10', '2024-11-11 00:02:15.000000', '2024-11-10 15:01:33.000000', '0.5', '2024-11-10', NULL, 1, 1, NULL, 2, 2, 540, 15, 4),
('Ishara2024-11-11', '2024-11-12 00:03:31.000000', '2024-11-11 15:03:04.000000', '0.5', '2024-11-11', NULL, 3, 3, NULL, 3, 3, 540, 15, 4),
('Ishara2024-11-12', '2024-11-13 00:41:28.000000', '2024-11-12 09:57:12.000000', '1', '2024-11-12', NULL, 177, 177, NULL, 521, 521, 884, 15, 3),
('Ishara2024-11-13', '2024-11-14 01:08:37.000000', '2024-11-13 09:59:20.000000', '1', '2024-11-13', NULL, 179, 179, NULL, 548, 548, 909, 15, 3),
('Ishara2024-11-15', '2024-11-15 22:09:50.000000', '2024-11-15 14:57:47.000000', '0.5', '2024-11-15', 110, NULL, 110, 2, NULL, 2, 432, 15, 4),
('Ishara2024-11-16', '2024-11-17 00:38:38.000000', '2024-11-16 09:35:09.000000', '1', '2024-11-16', NULL, 155, 155, NULL, 518, 518, 903, 15, 3),
('Ishara2024-11-17', '2024-11-18 00:07:19.000000', '2024-11-17 15:00:54.000000', '1', '2024-11-17', NULL, 0, 0, NULL, 7, 7, 546, 15, 4),
('Ishara2024-11-18', '2024-11-19 00:01:23.000000', '2024-11-18 15:04:32.000000', '0.5', '2024-11-18', NULL, 4, 4, NULL, 1, 1, 536, 15, 4),
('Ishara2024-11-19', '2024-11-19 18:00:08.000000', '2024-11-19 06:58:41.000000', '1', '2024-11-19', NULL, NULL, 0, 1, 120, 121, 661, 15, 3),
('Ishara2024-11-20', '2024-11-20 14:58:06.000000', '2024-11-20 14:58:06.000000', '?', '2024-11-20', NULL, NULL, 0, NULL, NULL, 0, 0, 15, 4),
('Ishara2024-11-21', '2024-11-22 00:01:45.000000', '2024-11-21 14:51:16.000000', '1', '2024-11-21', NULL, NULL, 0, 8, 1, 9, 550, 15, 4),
('Ishara2024-11-22', '2024-11-23 00:09:19.000000', '2024-11-22 14:58:59.000000', '1', '2024-11-22', NULL, NULL, 0, 1, 9, 10, 550, 15, 4),
('Ishara2024-11-23', '2024-11-23 16:58:42.000000', '2024-11-23 06:55:43.000000', '1', '2024-11-23', NULL, NULL, 0, 4, 58, 62, 602, 15, 3),
('Ishara2024-11-24', '2024-11-25 00:04:02.000000', '2024-11-24 15:01:30.000000', '1', '2024-11-24', NULL, 1, 1, NULL, 4, 4, 542, 15, 4),
('Ishara2024-11-25', '2024-11-26 00:09:29.000000', '2024-11-25 14:55:05.000000', '1', '2024-11-25', NULL, NULL, 0, 4, 9, 13, 554, 15, 4),
('Ishara2024-11-26', '2024-11-26 16:11:39.000000', '2024-11-26 07:02:53.000000', '1', '2024-11-26', NULL, 2, 2, NULL, 11, 11, 548, 15, 3),
('Ishara2024-12-01', '2024-12-02 00:02:40.000000', '2024-12-01 14:54:54.000000', '1', '2024-12-01', NULL, NULL, 0, 5, 2, 7, 547, 15, 4),
('Ishara2024-12-02', '2024-12-02 22:30:45.000000', '2024-12-02 05:32:55.000000', '1', '2024-12-02', NULL, NULL, 0, 87, 390, 477, 1017, 15, 3),
('Ishara2024-12-03', '2024-12-03 19:48:51.000000', '2024-12-03 19:48:51.000000', '?', '2024-12-03', NULL, NULL, 0, NULL, NULL, 0, 0, 15, 4),
('Ishara2024-12-04', '2024-12-04 17:42:46.000000', '2024-12-04 10:22:25.000000', '0.5', '2024-12-04', NULL, 202, 202, NULL, 102, 102, 440, 15, 3),
('Ishara2024-12-05', '2024-12-05 15:00:48.000000', '2024-12-05 15:00:48.000000', '?', '2024-12-05', NULL, NULL, 0, NULL, NULL, 0, 0, 15, 4),
('Ishara2024-12-06', '2024-12-07 00:03:24.000000', '2024-12-06 06:42:02.000000', '1', '2024-12-06', NULL, NULL, 0, 17, 483, 500, 1041, 15, 3),
('Ishara2024-12-07', '2024-12-08 01:06:14.000000', '2024-12-07 10:05:43.000000', '1', '2024-12-07', NULL, 185, 185, NULL, 546, 546, 900, 15, 3),
('Ishara2024-12-08', '2024-12-08 09:58:01.000000', '2024-12-08 09:58:01.000000', '?', '2024-12-08', NULL, NULL, 0, NULL, NULL, 0, 0, 15, 3),
('Ishara2024-12-09', '2024-12-10 00:47:52.000000', '2024-12-09 10:06:06.000000', '1', '2024-12-09', NULL, 186, 186, NULL, 527, 527, 881, 15, 3),
('Ishara2024-12-10', '2024-12-11 01:16:48.000000', '2024-12-10 09:58:15.000000', '1', '2024-12-10', NULL, 178, 178, NULL, 556, 556, 918, 15, 3),
('Ishara2024-12-11', '2024-12-12 01:26:43.000000', '2024-12-11 07:15:26.000000', '1', '2024-12-11', NULL, 15, 15, NULL, 566, 566, 1091, 15, 3),
('Ishara2024-12-12', '2024-12-13 00:15:49.000000', '2024-12-12 15:00:51.000000', '1', '2024-12-12', NULL, 0, 0, NULL, 15, 15, 554, 15, 4),
('Ishara2024-12-13', '2024-12-14 00:07:59.000000', '2024-12-13 14:54:07.000000', '1', '2024-12-13', NULL, NULL, 0, 5, 7, 12, 553, 15, 4),
('Ishara2024-12-14', '2024-12-14 22:05:51.000000', '2024-12-14 14:46:54.000000', '0.5', '2024-12-14', 114, NULL, 114, 13, NULL, 13, 438, 15, 4),
('Ishara2024-12-15', '2024-12-16 00:39:54.000000', '2024-12-15 15:03:34.000000', '1', '2024-12-15', NULL, 3, 3, NULL, 39, 39, 576, 15, 4),
('Ishara2024-12-16', '2024-12-16 18:56:01.000000', '2024-12-16 07:25:46.000000', '1', '2024-12-16', NULL, 25, 25, NULL, 176, 176, 690, 15, 3),
('Ishara2024-12-19', '2024-12-20 01:12:35.000000', '2024-12-19 15:02:08.000000', '1', '2024-12-19', NULL, 2, 2, NULL, 72, 72, 610, 15, 4),
('Ishara2024-12-20', '2024-12-21 00:17:34.000000', '2024-12-20 15:00:02.000000', '1', '2024-12-20', NULL, 0, 0, NULL, 17, 17, 557, 15, 4),
('Ishara2024-12-21', '2024-12-22 00:05:24.000000', '2024-12-21 13:24:48.000000', '1', '2024-12-21', NULL, NULL, 0, 95, 5, 100, 640, 15, 4),
('Ishara2024-12-22', '2024-12-23 00:02:33.000000', '2024-12-22 07:03:57.000000', '1', '2024-12-22', NULL, 3, 3, NULL, 482, 482, 1018, 15, 3),
('Ishara2024-12-23', NULL, NULL, NULL, '2024-12-23', NULL, NULL, NULL, NULL, NULL, NULL, NULL, 15, NULL),
('Ishara2024-12-24', '2024-12-25 00:07:30.000000', '2024-12-24 14:44:45.000000', '1', '2024-12-24', NULL, NULL, 0, 15, 7, 22, 562, 15, 4),
('Ishara2024-12-25', '2024-12-25 23:11:04.000000', '2024-12-25 13:10:35.000000', '1', '2024-12-25', 48, NULL, 48, 109, NULL, 109, 600, 15, 4),
('Ishara2024-12-26', '2024-12-27 00:02:56.000000', '2024-12-26 07:27:44.000000', '1', '2024-12-26', NULL, 27, 27, NULL, 482, 482, 995, 15, 3),
('Ishara2024-12-27', '2024-12-28 00:03:55.000000', '2024-12-27 15:00:45.000000', '1', '2024-12-27', NULL, 0, 0, NULL, 3, 3, 543, 15, 4),
('Ishara2024-12-28', '2024-12-29 00:13:58.000000', '2024-12-28 15:00:00.000000', '1', '2024-12-28', NULL, 0, 0, NULL, 13, 13, 553, 15, 4),
('Ishara2024-12-29', '2024-12-29 22:08:50.000000', '2024-12-29 07:33:56.000000', '1', '2024-12-29', NULL, 33, 33, NULL, 368, 368, 874, 15, 3),
('Ishara2024-12-30', '2024-12-31 00:06:06.000000', '2024-12-30 14:56:26.000000', '1', '2024-12-30', NULL, NULL, 0, 3, 6, 9, 549, 15, 4),
('Ishara2024-12-31', '2025-01-01 00:43:22.000000', '2024-12-31 14:29:07.000000', '1', '2024-12-31', NULL, NULL, 0, 30, 43, 73, 614, 15, 4),
('Ishara2025-01-01', '2025-01-01 20:37:33.000000', '2025-01-01 07:39:33.000000', '1', '2025-01-01', NULL, 39, 39, NULL, 277, 277, 778, 15, 3),
('K K Kumar2024-11-30', '2024-11-30 23:46:10.000000', '2024-11-30 14:21:41.000000', '1', '2024-11-30', NULL, NULL, 0, 8, 16, 24, 564, 35, 2),
('K K Kumar2024-12-01', '2024-12-01 17:03:09.000000', '2024-12-01 06:23:18.000000', '1', '2024-12-01', NULL, NULL, 0, 66, 33, 99, 639, 35, 1),
('K K Kumar2024-12-02', '2024-12-02 23:12:45.000000', '2024-12-02 13:56:50.000000', '1', '2024-12-02', 17, NULL, 17, 33, NULL, 33, 555, 35, 2),
('K K Kumar2024-12-03', '2024-12-03 23:26:52.000000', '2024-12-03 14:29:05.000000', '0.5', '2024-12-03', 3, 0, 3, NULL, NULL, 0, 537, 35, 2),
('K K Kumar2024-12-04', '2024-12-04 16:37:21.000000', '2024-12-04 07:08:59.000000', '1', '2024-12-04', NULL, NULL, 0, 21, 7, 28, 568, 35, 1),
('K K Kumar2024-12-05', '2024-12-05 23:00:34.000000', '2024-12-05 07:26:24.000000', '1', '2024-12-05', NULL, NULL, 0, 3, 390, 393, 934, 35, 1),
('K K Kumar2024-12-06', '2024-12-06 23:12:31.000000', '2024-12-06 06:41:56.000000', '1', '2024-12-06', NULL, NULL, 0, 48, 402, 450, 990, 35, 1),
('K K Kumar2024-12-07', '2024-12-07 23:35:25.000000', '2024-12-07 14:22:04.000000', '1', '2024-12-07', NULL, NULL, 0, 7, 5, 12, 553, 35, 2),
('K K Kumar2024-12-08', '2024-12-08 16:43:33.000000', '2024-12-08 07:18:24.000000', '1', '2024-12-08', NULL, NULL, 0, 11, 13, 24, 565, 35, 1),
('K K Kumar2024-12-09', '2024-12-09 23:16:04.000000', '2024-12-09 14:20:13.000000', '0.5', '2024-12-09', 13, NULL, 13, 9, NULL, 9, 535, 35, 2),
('K K Kumar2024-12-10', '2024-12-10 16:45:50.000000', '2024-12-10 06:56:12.000000', '1', '2024-12-10', NULL, NULL, 0, 33, 15, 48, 589, 35, 1),
('K K Kumar2024-12-11', '2024-12-11 23:06:26.000000', '2024-12-11 06:00:39.000000', '1', '2024-12-11', NULL, NULL, 0, 89, 396, 485, 1025, 35, 1),
('K K Kumar2024-12-12', '2024-12-12 23:47:53.000000', '2024-12-12 14:24:51.000000', '1', '2024-12-12', NULL, NULL, 0, 5, 17, 22, 563, 35, 2),
('K K Kumar2024-12-13', '2024-12-13 16:33:02.000000', '2024-12-13 06:44:09.000000', '1', '2024-12-13', NULL, NULL, 0, 45, 3, 48, 588, 35, 1),
('K K Kumar2024-12-15', '2024-12-15 23:05:58.000000', '2024-12-15 15:02:00.000000', '0.5', '2024-12-15', 24, 32, 56, NULL, NULL, 0, 483, 35, 2),
('K K Kumar2024-12-16', '2024-12-16 23:23:17.000000', '2024-12-16 14:26:40.000000', '0.5', '2024-12-16', 6, NULL, 6, 3, NULL, 3, 536, 35, 2),
('K K Kumar2024-12-17', '2024-12-17 23:16:28.000000', '2024-12-17 14:20:32.000000', '0.5', '2024-12-17', 13, NULL, 13, 9, NULL, 9, 535, 35, 2),
('K K Kumar2024-12-18', '2024-12-18 23:32:16.000000', '2024-12-18 14:20:25.000000', '1', '2024-12-18', NULL, NULL, 0, 9, 2, 11, 551, 35, 2),
('K K Kumar2024-12-19', '2024-12-19 16:31:01.000000', '2024-12-19 07:08:22.000000', '1', '2024-12-19', NULL, NULL, 0, 21, 1, 22, 562, 35, 1),
('K K Kumar2024-12-20', '2024-12-20 23:37:04.000000', '2024-12-20 14:54:21.000000', '0.5', '2024-12-20', NULL, 24, 24, NULL, 7, 7, 522, 35, 2),
('K K Kumar2024-12-21', '2024-12-21 23:08:03.000000', '2024-12-21 14:25:03.000000', '0.5', '2024-12-21', 21, NULL, 21, 4, NULL, 4, 523, 35, 2),
('K K Kumar2024-12-23', '2024-12-23 23:31:55.000000', '2024-12-23 14:20:33.000000', '1', '2024-12-23', NULL, NULL, 0, 9, 1, 10, 551, 35, 2),
('K K Kumar2024-12-24', '2024-12-24 23:24:53.000000', '2024-12-24 14:33:23.000000', '0.5', '2024-12-24', 5, 3, 8, NULL, NULL, 0, 531, 35, 2),
('K K Kumar2024-12-25', '2024-12-25 23:25:58.000000', '2024-12-25 07:28:26.000000', '1', '2024-12-25', NULL, NULL, 0, 1, 415, 416, 957, 35, 1),
('K K Kumar2024-12-26', '2024-12-26 23:04:44.000000', '2024-12-26 06:26:58.000000', '1', '2024-12-26', NULL, NULL, 0, 63, 394, 457, 997, 35, 1),
('K K Kumar2024-12-27', '2024-12-27 23:14:16.000000', '2024-12-27 07:33:02.000000', '1', '2024-12-27', NULL, 3, 3, NULL, 404, 404, 941, 35, 1),
('K K Kumar2024-12-28', '2024-12-28 23:09:28.000000', '2024-12-28 14:27:47.000000', '0.5', '2024-12-28', 20, NULL, 20, 2, NULL, 2, 521, 35, 2),
('K K Kumar2024-12-29', '2024-12-29 16:33:19.000000', '2024-12-29 07:28:33.000000', '1', '2024-12-29', NULL, NULL, 0, 1, 3, 4, 544, 35, 1),
('K K Kumar2024-12-30', '2024-12-30 23:30:14.000000', '2024-12-30 14:19:53.000000', '1', '2024-12-30', 0, NULL, 0, 10, NULL, 10, 550, 35, 2),
('K K Kumar2024-12-31', '2025-01-01 00:30:24.000000', '2024-12-31 07:34:40.000000', '1', '2024-12-31', NULL, 4, 4, NULL, 480, 480, 1015, 35, 1),
('K K Kumar2025-01-01', '2025-01-01 23:03:53.000000', '2025-01-01 06:22:25.000000', '1', '2025-01-01', NULL, NULL, 0, 67, 393, 460, 1001, 35, 1),
('Kalimuththu2024-10-02', '2024-10-02 17:07:27.000000', '2024-10-02 17:07:27.000000', '?', '2024-10-02', NULL, NULL, 0, NULL, NULL, 0, 0, 27, 7),
('Kalimuththu2024-10-03', '2024-10-03 17:20:26.000000', '2024-10-03 05:59:49.000000', '1', '2024-10-03', NULL, NULL, 0, 90, 20, 110, 680, 27, 7),
('Kalimuththu2024-10-04', '2024-10-04 17:27:23.000000', '2024-10-04 06:56:41.000000', '1', '2024-10-04', NULL, NULL, 0, 33, 27, 60, 630, 27, 7),
('Kalimuththu2024-10-06', '2024-10-06 17:11:02.000000', '2024-10-06 06:41:50.000000', '1', '2024-10-06', NULL, NULL, 0, 48, 11, 59, 629, 27, 7),
('Kalimuththu2024-10-07', '2024-10-07 17:06:36.000000', '2024-10-07 07:31:18.000000', '1', '2024-10-07', NULL, 1, 1, NULL, 6, 6, 575, 27, 7),
('Kalimuththu2024-10-08', '2024-10-08 11:56:11.000000', '2024-10-08 07:00:06.000000', 'ab', '2024-10-08', 303, NULL, 303, 29, NULL, 29, 296, 27, 7),
('Kalimuththu2024-10-11', '2024-10-11 18:02:36.000000', '2024-10-11 07:14:37.000000', '1', '2024-10-11', NULL, NULL, 0, 15, 62, 77, 647, 27, 7),
('Kalimuththu2024-10-12', '2024-10-12 17:19:42.000000', '2024-10-12 07:14:48.000000', '1', '2024-10-12', NULL, NULL, 0, 15, 19, 34, 604, 27, 7),
('Kalimuththu2024-10-13', '2024-10-13 17:13:22.000000', '2024-10-13 07:03:06.000000', '1', '2024-10-13', NULL, NULL, 0, 26, 13, 39, 610, 27, 7),
('Kalimuththu2024-10-14', '2024-10-14 17:17:45.000000', '2024-10-14 07:20:28.000000', '1', '2024-10-14', NULL, NULL, 0, 9, 17, 26, 597, 27, 7),
('Kalimuththu2024-10-19', '2024-10-19 17:18:39.000000', '2024-10-19 06:49:11.000000', '1', '2024-10-19', NULL, NULL, 0, 40, 18, 58, 629, 27, 7),
('Kalimuththu2024-10-20', '2024-10-20 17:22:23.000000', '2024-10-20 06:38:12.000000', '1', '2024-10-20', NULL, NULL, 0, 51, 22, 73, 644, 27, 7),
('Kalimuththu2024-10-21', '2024-10-21 17:35:31.000000', '2024-10-21 06:38:01.000000', '1', '2024-10-21', NULL, NULL, 0, 51, 35, 86, 657, 27, 7),
('Kalimuththu2024-10-22', '2024-10-22 17:17:08.000000', '2024-10-22 06:57:23.000000', '1', '2024-10-22', NULL, NULL, 0, 32, 17, 49, 619, 27, 7),
('Kalimuththu2024-10-23', '2024-10-23 17:00:32.000000', '2024-10-23 06:42:44.000000', '1', '2024-10-23', 0, NULL, 0, 47, NULL, 47, 617, 27, 7),
('Kalimuththu2024-10-24', '2024-10-24 16:34:26.000000', '2024-10-24 06:01:48.000000', '1', '2024-10-24', 25, NULL, 25, 88, NULL, 88, 632, 27, 7),
('Kalimuththu2024-10-26', '2024-10-26 17:06:54.000000', '2024-10-26 06:41:09.000000', '1', '2024-10-26', NULL, NULL, 0, 48, 6, 54, 625, 27, 7),
('Kalimuththu2024-10-27', '2024-10-27 17:07:10.000000', '2024-10-27 06:18:17.000000', '1', '2024-10-27', NULL, NULL, 0, 71, 7, 78, 648, 27, 7),
('Kalimuththu2024-10-28', '2024-10-28 17:05:56.000000', '2024-10-28 07:01:35.000000', '1', '2024-10-28', NULL, NULL, 0, 28, 5, 33, 604, 27, 7),
('Kalimuththu2024-10-29', '2024-10-29 06:55:55.000000', '2024-10-29 06:55:55.000000', '?', '2024-10-29', NULL, NULL, 0, NULL, NULL, 0, 0, 27, 7),
('Kalimuththu2024-11-02', '2024-11-02 17:20:30.000000', '2024-11-02 06:56:57.000000', '1', '2024-11-02', NULL, NULL, 0, 33, 20, 53, 623, 27, 7),
('Kalimuththu2024-11-03', '2024-11-03 07:07:53.000000', '2024-11-03 07:07:53.000000', '?', '2024-11-03', NULL, NULL, 0, NULL, NULL, 0, 0, 27, 7),
('Kalimuththu2024-11-04', '2024-11-04 17:48:12.000000', '2024-11-04 07:12:04.000000', '1', '2024-11-04', NULL, NULL, 0, 17, 48, 65, 636, 27, 7),
('Kalimuththu2024-11-05', '2024-11-05 18:25:22.000000', '2024-11-05 07:12:24.000000', '1', '2024-11-05', NULL, NULL, 0, 17, 85, 102, 672, 27, 7),
('Kalimuththu2024-11-06', '2024-11-06 17:33:27.000000', '2024-11-06 07:08:46.000000', '1', '2024-11-06', NULL, NULL, 0, 21, 33, 54, 624, 27, 7),
('Kalimuththu2024-11-07', '2024-11-07 17:11:26.000000', '2024-11-07 06:10:30.000000', '1', '2024-11-07', NULL, NULL, 0, 79, 11, 90, 660, 27, 7),
('Kalimuththu2024-11-08', '2024-11-08 17:07:00.000000', '2024-11-08 07:01:36.000000', '1', '2024-11-08', NULL, NULL, 0, 28, 7, 35, 605, 27, 7),
('Kalimuththu2024-11-09', '2024-11-09 17:10:55.000000', '2024-11-09 07:10:08.000000', '1', '2024-11-09', NULL, NULL, 0, 19, 10, 29, 600, 27, 7),
('Kalimuththu2024-11-10', '2024-11-10 17:08:32.000000', '2024-11-10 06:59:07.000000', '1', '2024-11-10', NULL, NULL, 0, 30, 8, 38, 609, 27, 7),
('Kalimuththu2024-11-11', '2024-11-11 17:18:48.000000', '2024-11-11 06:56:42.000000', '1', '2024-11-11', NULL, NULL, 0, 33, 18, 51, 622, 27, 7),
('Kalimuththu2024-11-12', '2024-11-12 15:04:08.000000', '2024-11-12 05:51:36.000000', '1', '2024-11-12', 115, NULL, 115, 98, NULL, 98, 552, 27, 7),
('Kalimuththu2024-11-16', '2024-11-16 17:04:35.000000', '2024-11-16 07:09:14.000000', '1', '2024-11-16', NULL, NULL, 0, 20, 4, 24, 595, 27, 7),
('Kalimuththu2024-11-17', '2024-11-17 17:06:17.000000', '2024-11-17 06:58:54.000000', '1', '2024-11-17', NULL, NULL, 0, 31, 6, 37, 607, 27, 7),
('Kalimuththu2024-11-18', '2024-11-18 17:05:39.000000', '2024-11-18 06:58:00.000000', '1', '2024-11-18', NULL, NULL, 0, 32, 5, 37, 607, 27, 7),
('Kalimuththu2024-11-19', '2024-11-19 19:06:53.000000', '2024-11-19 06:57:22.000000', '1', '2024-11-19', NULL, NULL, 0, 32, 126, 158, 729, 27, 7),
('Kalimuththu2024-11-20', '2024-11-20 18:05:00.000000', '2024-11-20 07:01:40.000000', '1', '2024-11-20', NULL, NULL, 0, 28, 65, 93, 663, 27, 7),
('Kalimuththu2024-11-21', '2024-11-21 17:13:08.000000', '2024-11-21 07:02:58.000000', '1', '2024-11-21', NULL, NULL, 0, 27, 13, 40, 610, 27, 7),
('Kalimuththu2024-11-22', '2024-11-22 17:12:17.000000', '2024-11-22 07:03:19.000000', '1', '2024-11-22', NULL, NULL, 0, 26, 12, 38, 608, 27, 7),
('Kalimuththu2024-11-23', '2024-11-23 17:08:56.000000', '2024-11-23 06:58:15.000000', '1', '2024-11-23', NULL, NULL, 0, 31, 8, 39, 610, 27, 7),
('Kalimuththu2024-11-24', '2024-11-24 12:56:50.000000', '2024-11-24 06:55:17.000000', '0.5', '2024-11-24', 243, NULL, 243, 34, NULL, 34, 361, 27, 7),
('Kalimuththu2024-12-01', '2024-12-01 17:14:41.000000', '2024-12-01 06:59:05.000000', '1', '2024-12-01', NULL, NULL, 0, 30, 14, 44, 615, 27, 7),
('Kalimuththu2024-12-02', '2024-12-02 17:06:14.000000', '2024-12-02 06:48:07.000000', '1', '2024-12-02', NULL, NULL, 0, 41, 6, 47, 618, 27, 7),
('Kalimuththu2024-12-03', '2024-12-03 17:03:35.000000', '2024-12-03 06:53:56.000000', '1', '2024-12-03', NULL, NULL, 0, 36, 3, 39, 609, 27, 7),
('Kanageswaran2024-09-30', '2024-09-30 23:02:36.000000', '2024-09-30 07:48:31.000000', '1', '2024-09-30', NULL, 18, 18, NULL, 392, 392, 914, 9, 1),
('Kanageswaran2024-10-01', '2024-10-01 23:26:32.000000', '2024-10-01 13:58:54.000000', '1', '2024-10-01', 3, NULL, 3, 31, NULL, 31, 567, 9, 2),
('Kanageswaran2024-10-02', '2024-10-02 23:27:51.000000', '2024-10-02 07:25:41.000000', '1', '2024-10-02', NULL, NULL, 0, 4, 417, 421, 962, 9, 1),
('Kanageswaran2024-10-03', '2024-10-03 16:56:06.000000', '2024-10-03 07:09:15.000000', '1', '2024-10-03', NULL, NULL, 0, 20, 26, 46, 586, 9, 1),
('Kanageswaran2024-10-05', '2024-10-05 23:19:03.000000', '2024-10-05 14:18:51.000000', '0.5', '2024-10-05', 10, NULL, 10, 11, NULL, 11, 540, 9, 2),
('Kanageswaran2024-10-06', '2024-10-06 16:33:25.000000', '2024-10-06 07:26:29.000000', '1', '2024-10-06', NULL, NULL, 0, 3, 3, 6, 546, 9, 1),
('Kanageswaran2024-10-07', '2024-10-07 23:20:46.000000', '2024-10-07 14:21:40.000000', '0.5', '2024-10-07', 9, NULL, 9, 8, NULL, 8, 539, 9, 2),
('Kanageswaran2024-10-08', '2024-10-08 16:40:07.000000', '2024-10-08 07:16:47.000000', '1', '2024-10-08', NULL, NULL, 0, 13, 10, 23, 563, 9, 1),
('Kanageswaran2024-10-09', '2024-10-09 23:27:41.000000', '2024-10-09 14:20:25.000000', '1', '2024-10-09', 2, NULL, 2, 9, NULL, 9, 547, 9, 2),
('Kanageswaran2024-10-10', '2024-10-10 23:48:39.000000', '2024-10-10 14:48:04.000000', '0.5', '2024-10-10', NULL, 18, 18, NULL, 18, 18, 540, 9, 2),
('Kanageswaran2024-10-11', '2024-10-11 22:51:10.000000', '2024-10-11 07:48:06.000000', '1', '2024-10-11', NULL, 18, 18, NULL, 381, 381, 903, 9, 1),
('Kanageswaran2024-10-15', '2024-10-15 23:23:21.000000', '2024-10-15 13:16:32.000000', '1', '2024-10-15', 6, NULL, 6, 73, NULL, 73, 606, 9, 2),
('Kanageswaran2024-10-16', '2024-10-16 16:39:19.000000', '2024-10-16 06:58:43.000000', '1', '2024-10-16', NULL, NULL, 0, 31, 9, 40, 580, 9, 1),
('Kanageswaran2024-10-17', '2024-10-17 22:32:33.000000', '2024-10-17 07:41:33.000000', '1', '2024-10-17', NULL, 11, 11, NULL, 362, 362, 891, 9, 1),
('Kanageswaran2024-10-18', '2024-10-18 23:11:12.000000', '2024-10-18 14:11:48.000000', '0.5', '2024-10-18', 18, NULL, 18, 18, NULL, 18, 539, 9, 2),
('Kanageswaran2024-10-19', '2024-10-19 23:33:33.000000', '2024-10-19 14:20:16.000000', '1', '2024-10-19', NULL, NULL, 0, 9, 3, 12, 553, 9, 2),
('Kanageswaran2024-10-20', '2024-10-20 23:37:42.000000', '2024-10-20 07:43:51.000000', '1', '2024-10-20', NULL, 13, 13, NULL, 427, 427, 953, 9, 1),
('Kanageswaran2024-10-21', '2024-10-21 16:37:15.000000', '2024-10-21 07:15:02.000000', '1', '2024-10-21', NULL, NULL, 0, 14, 7, 21, 562, 9, 1),
('Kanageswaran2024-10-22', '2024-10-22 23:37:33.000000', '2024-10-22 14:18:10.000000', '1', '2024-10-22', NULL, NULL, 0, 11, 7, 18, 559, 9, 2),
('Kanageswaran2024-10-23', '2024-10-23 23:12:38.000000', '2024-10-23 07:31:14.000000', '1', '2024-10-23', NULL, 1, 1, NULL, 402, 402, 941, 9, 1),
('Kanageswaran2024-10-24', '2024-10-24 16:34:02.000000', '2024-10-24 06:10:30.000000', '1', '2024-10-24', NULL, NULL, 0, 79, 4, 83, 623, 9, 1),
('Kanageswaran2024-10-25', '2024-10-25 23:34:56.000000', '2024-10-25 14:34:02.000000', '0.5', '2024-10-25', NULL, 4, 4, NULL, 4, 4, 540, 9, 2),
('Kanageswaran2024-10-26', '2024-10-26 23:30:00.000000', '2024-10-26 07:27:40.000000', '1', '2024-10-26', NULL, NULL, 0, 2, 420, 422, 962, 9, 1),
('Kanageswaran2024-10-27', '2024-10-27 23:29:42.000000', '2024-10-27 07:28:24.000000', '1', '2024-10-27', NULL, NULL, 0, 1, 419, 420, 961, 9, 1),
('Kanageswaran2024-10-28', '2024-10-28 22:43:57.000000', '2024-10-28 06:56:42.000000', '1', '2024-10-28', NULL, NULL, 0, 33, 373, 406, 947, 9, 1),
('Kanageswaran2024-10-29', '2024-10-29 23:22:20.000000', '2024-10-29 14:29:34.000000', '0.5', '2024-10-29', 7, 0, 7, NULL, NULL, 0, 532, 9, 2),
('Kanageswaran2024-11-03', '2024-11-03 14:09:29.000000', '2024-11-03 14:09:29.000000', '?', '2024-11-03', NULL, NULL, 0, NULL, NULL, 0, 0, 9, 2),
('Kaushalya2024-09-30', '2024-09-30 18:08:02.000000', '2024-09-30 08:14:02.000000', '1', '2024-09-30', NULL, 14, 14, NULL, 68, 68, 594, 34, 5),
('Kaushalya2024-10-01', '2024-10-01 17:27:19.000000', '2024-10-01 08:16:18.000000', '1', '2024-10-01', NULL, 16, 16, NULL, 27, 27, 551, 34, 5),
('Kaushalya2024-10-02', '2024-10-02 17:46:13.000000', '2024-10-02 08:01:29.000000', '1', '2024-10-02', NULL, 1, 1, NULL, 46, 46, 584, 34, 5),
('Kaushalya2024-10-03', '2024-10-03 17:19:10.000000', '2024-10-03 08:02:35.000000', '1', '2024-10-03', NULL, 2, 2, NULL, 19, 19, 556, 34, 5),
('Kaushalya2024-10-04', '2024-10-04 17:33:17.000000', '2024-10-04 08:06:20.000000', '1', '2024-10-04', NULL, 6, 6, NULL, 33, 33, 566, 34, 5),
('Kaushalya2024-10-05', '2024-10-05 17:49:34.000000', '2024-10-05 08:00:07.000000', '1', '2024-10-05', NULL, 0, 0, NULL, 49, 49, 589, 34, 5),
('Kumara2024-09-30', '2024-09-30 23:42:31.000000', '2024-09-30 13:47:45.000000', '1', '2024-09-30', NULL, NULL, 0, 42, 12, 54, 594, 10, 2),
('Kumara2024-10-01', '2024-10-01 16:38:29.000000', '2024-10-01 07:16:31.000000', '1', '2024-10-01', NULL, NULL, 0, 13, 8, 21, 561, 10, 1),
('Kumara2024-10-02', '2024-10-02 23:33:51.000000', '2024-10-02 07:00:11.000000', '1', '2024-10-02', NULL, NULL, 0, 29, 423, 452, 993, 10, 1),
('Kumara2024-10-03', '2024-10-03 16:43:26.000000', '2024-10-03 06:40:00.000000', '1', '2024-10-03', NULL, NULL, 0, 50, 13, 63, 603, 10, 1),
('Kumara2024-10-04', '2024-10-04 16:41:03.000000', '2024-10-04 06:48:21.000000', '1', '2024-10-04', NULL, NULL, 0, 41, 11, 52, 592, 10, 1),
('Kumara2024-10-05', '2024-10-05 23:32:04.000000', '2024-10-05 13:58:56.000000', '1', '2024-10-05', NULL, NULL, 0, 31, 2, 33, 573, 10, 2),
('Kumara2024-10-06', '2024-10-06 16:33:20.000000', '2024-10-06 07:15:44.000000', '1', '2024-10-06', NULL, NULL, 0, 14, 3, 17, 557, 10, 1),
('Kumara2024-10-08', '2024-10-08 16:39:58.000000', '2024-10-08 06:55:53.000000', '1', '2024-10-08', NULL, NULL, 0, 34, 9, 43, 584, 10, 1),
('Kumara2024-10-09', '2024-10-09 23:33:45.000000', '2024-10-09 13:54:54.000000', '1', '2024-10-09', NULL, NULL, 0, 35, 3, 38, 578, 10, 2),
('Kumara2024-10-10', '2024-10-10 17:26:17.000000', '2024-10-10 07:10:09.000000', '1', '2024-10-10', NULL, NULL, 0, 19, 56, 75, 616, 10, 1),
('Kumara2024-10-12', '2024-10-13 00:04:52.000000', '2024-10-12 14:15:50.000000', '1', '2024-10-12', NULL, NULL, 0, 14, 34, 48, 589, 10, 2),
('Kumara2024-10-13', '2024-10-13 16:39:39.000000', '2024-10-13 07:13:11.000000', '1', '2024-10-13', NULL, NULL, 0, 16, 9, 25, 566, 10, 1),
('Kumara2024-10-14', '2024-10-14 23:48:16.000000', '2024-10-14 14:12:21.000000', '1', '2024-10-14', NULL, NULL, 0, 17, 18, 35, 575, 10, 2),
('Kumara2024-10-15', '2024-10-15 17:18:06.000000', '2024-10-15 07:10:40.000000', '1', '2024-10-15', NULL, NULL, 0, 19, 48, 67, 607, 10, 1),
('Kumara2024-10-17', '2024-10-17 23:11:56.000000', '2024-10-17 06:59:51.000000', '1', '2024-10-17', NULL, NULL, 0, 30, 401, 431, 972, 10, 1),
('Kumara2024-10-18', '2024-10-18 16:34:16.000000', '2024-10-18 07:09:29.000000', '1', '2024-10-18', NULL, NULL, 0, 20, 4, 24, 564, 10, 1),
('Kumara2024-10-19', '2024-10-20 00:22:39.000000', '2024-10-19 13:59:25.000000', '1', '2024-10-19', NULL, NULL, 0, 30, 52, 82, 623, 10, 2),
('Kumara2024-10-20', '2024-10-20 23:37:56.000000', '2024-10-20 07:20:38.000000', '1', '2024-10-20', NULL, NULL, 0, 9, 427, 436, 977, 10, 1),
('Kumara2024-10-21', '2024-10-21 23:50:44.000000', '2024-10-21 07:02:05.000000', '1', '2024-10-21', NULL, NULL, 0, 27, 440, 467, 1008, 10, 1),
('Kumara2024-10-22', '2024-10-22 16:34:55.000000', '2024-10-22 07:02:10.000000', '1', '2024-10-22', NULL, NULL, 0, 27, 4, 31, 572, 10, 1),
('Kumara2024-10-23', '2024-10-23 23:31:41.000000', '2024-10-23 06:59:34.000000', '1', '2024-10-23', NULL, NULL, 0, 30, 421, 451, 992, 10, 1),
('Kumara2024-10-24', '2024-10-24 16:33:56.000000', '2024-10-24 05:50:25.000000', '1', '2024-10-24', NULL, NULL, 0, 99, 3, 102, 643, 10, 1),
('Kumara2024-10-25', '2024-10-26 00:09:55.000000', '2024-10-25 14:00:55.000000', '1', '2024-10-25', NULL, NULL, 0, 29, 39, 68, 609, 10, 2),
('Kumara2024-10-26', '2024-10-26 16:37:54.000000', '2024-10-26 07:08:51.000000', '1', '2024-10-26', NULL, NULL, 0, 21, 7, 28, 569, 10, 1),
('Kumara2024-10-27', '2024-10-27 23:46:58.000000', '2024-10-27 13:54:42.000000', '1', '2024-10-27', NULL, NULL, 0, 35, 16, 51, 592, 10, 2),
('Kumara2024-10-29', '2024-10-29 23:37:32.000000', '2024-10-29 14:23:32.000000', '1', '2024-10-29', NULL, NULL, 0, 6, 7, 13, 554, 10, 2),
('Kumara2024-10-30', '2024-10-30 23:44:54.000000', '2024-10-30 06:22:11.000000', '1', '2024-10-30', NULL, NULL, 0, 67, 434, 501, 1042, 10, 1),
('Kumara2024-10-31', '2024-10-31 23:34:06.000000', '2024-10-31 06:19:42.000000', '1', '2024-10-31', NULL, NULL, 0, 70, 424, 494, 1034, 10, 1),
('Kumara2024-11-01', '2024-11-01 16:38:25.000000', '2024-11-01 06:23:01.000000', '1', '2024-11-01', NULL, NULL, 0, 66, 8, 74, 615, 10, 1),
('Kumara2024-11-02', '2024-11-03 00:03:48.000000', '2024-11-02 14:11:34.000000', '1', '2024-11-02', NULL, NULL, 0, 18, 33, 51, 592, 10, 2),
('Kumara2024-11-03', '2024-11-03 16:46:51.000000', '2024-11-03 06:18:24.000000', '1', '2024-11-03', NULL, NULL, 0, 71, 16, 87, 628, 10, 1),
('Kumara2024-11-04', '2024-11-04 23:36:49.000000', '2024-11-04 14:17:26.000000', '1', '2024-11-04', NULL, NULL, 0, 12, 6, 18, 559, 10, 2),
('Kumara2024-11-05', '2024-11-05 16:39:55.000000', '2024-11-05 06:09:24.000000', '1', '2024-11-05', NULL, NULL, 0, 80, 9, 89, 630, 10, 1),
('Kumara2024-11-06', '2024-11-06 16:37:14.000000', '2024-11-06 07:22:19.000000', '1', '2024-11-06', NULL, NULL, 0, 7, 7, 14, 554, 10, 1),
('Kumara2024-11-07', '2024-11-07 23:37:20.000000', '2024-11-07 06:37:12.000000', '1', '2024-11-07', NULL, NULL, 0, 52, 427, 479, 1020, 10, 1),
('Kumara2024-11-08', '2024-11-08 16:37:26.000000', '2024-11-08 06:19:14.000000', '1', '2024-11-08', NULL, NULL, 0, 70, 7, 77, 618, 10, 1),
('Kumara2024-11-09', '2024-11-10 00:07:46.000000', '2024-11-09 14:16:48.000000', '1', '2024-11-09', NULL, NULL, 0, 13, 37, 50, 590, 10, 2),
('Kumara2024-11-10', '2024-11-10 16:36:31.000000', '2024-11-10 06:10:52.000000', '1', '2024-11-10', NULL, NULL, 0, 79, 6, 85, 625, 10, 1),
('Kumara2024-11-11', '2024-11-11 23:44:57.000000', '2024-11-11 14:09:58.000000', '1', '2024-11-11', NULL, NULL, 0, 20, 14, 34, 574, 10, 2),
('Kumara2024-11-12', '2024-11-12 16:32:44.000000', '2024-11-12 06:09:36.000000', '1', '2024-11-12', NULL, NULL, 0, 80, 2, 82, 623, 10, 1),
('Kumara2024-11-13', '2024-11-13 14:09:11.000000', '2024-11-13 14:09:11.000000', '?', '2024-11-13', NULL, NULL, 0, NULL, NULL, 0, 0, 10, 2),
('Kumara2024-11-15', '2024-11-15 16:47:02.000000', '2024-11-15 06:17:53.000000', '1', '2024-11-15', NULL, NULL, 0, 72, 17, 89, 629, 10, 1),
('Kumara2024-11-19', '2024-11-19 23:32:18.000000', '2024-11-19 07:20:26.000000', '1', '2024-11-19', NULL, NULL, 0, 9, 422, 431, 971, 10, 1),
('Kumara2024-11-20', '2024-11-20 16:35:15.000000', '2024-11-20 06:15:28.000000', '1', '2024-11-20', NULL, NULL, 0, 74, 5, 79, 619, 10, 1),
('Kumara2024-11-21', '2024-11-21 23:30:29.000000', '2024-11-21 14:10:24.000000', '1', '2024-11-21', 0, NULL, 0, 19, NULL, 19, 560, 10, 2),
('Kumara2024-11-22', '2024-11-22 16:32:21.000000', '2024-11-22 06:14:46.000000', '1', '2024-11-22', NULL, NULL, 0, 75, 2, 77, 617, 10, 1),
('Kumara2024-11-23', '2024-11-23 16:40:04.000000', '2024-11-23 06:22:27.000000', '1', '2024-11-23', NULL, NULL, 0, 67, 10, 77, 617, 10, 1),
('Kumara2024-11-24', '2024-11-24 23:31:47.000000', '2024-11-24 14:10:02.000000', '1', '2024-11-24', NULL, NULL, 0, 19, 1, 20, 561, 10, 2),
('Kumara2024-11-25', '2024-11-25 16:37:30.000000', '2024-11-25 06:16:25.000000', '1', '2024-11-25', NULL, NULL, 0, 73, 7, 80, 621, 10, 1),
('Kumara2024-11-26', '2024-11-26 23:49:23.000000', '2024-11-26 14:05:33.000000', '1', '2024-11-26', NULL, NULL, 0, 24, 19, 43, 583, 10, 2),
('Kumara2024-11-27', '2024-11-27 16:35:26.000000', '2024-11-27 06:29:05.000000', '1', '2024-11-27', NULL, NULL, 0, 60, 5, 65, 606, 10, 1),
('Kumara2024-11-28', '2024-11-28 23:48:41.000000', '2024-11-28 14:09:09.000000', '1', '2024-11-28', NULL, NULL, 0, 20, 18, 38, 579, 10, 2),
('Kumara2024-11-29', '2024-11-30 00:20:19.000000', '2024-11-29 06:23:12.000000', '1', '2024-11-29', NULL, NULL, 0, 66, 470, 536, 1077, 10, 1),
('Kumara2024-11-30', '2024-12-01 00:28:06.000000', '2024-11-30 06:16:32.000000', '1', '2024-11-30', NULL, NULL, 0, 73, 478, 551, 1091, 10, 1),
('Kumara2024-12-01', '2024-12-01 16:36:42.000000', '2024-12-01 06:16:21.000000', '1', '2024-12-01', NULL, NULL, 0, 73, 6, 79, 620, 10, 1),
('Kumara2024-12-02', '2024-12-02 23:43:43.000000', '2024-12-02 14:01:15.000000', '1', '2024-12-02', NULL, NULL, 0, 28, 13, 41, 582, 10, 2),
('Kumara2024-12-03', '2024-12-03 16:39:04.000000', '2024-12-03 07:18:15.000000', '1', '2024-12-03', NULL, NULL, 0, 11, 9, 20, 560, 10, 1),
('Kumara2024-12-04', '2024-12-04 23:49:27.000000', '2024-12-04 14:05:02.000000', '1', '2024-12-04', NULL, NULL, 0, 24, 19, 43, 584, 10, 2),
('Kumara2024-12-05', '2024-12-05 23:44:32.000000', '2024-12-05 07:18:13.000000', '1', '2024-12-05', NULL, NULL, 0, 11, 434, 445, 986, 10, 1),
('Kumara2024-12-06', '2024-12-06 23:37:41.000000', '2024-12-06 06:39:41.000000', '1', '2024-12-06', NULL, NULL, 0, 50, 427, 477, 1018, 10, 1),
('Kumara2024-12-07', '2024-12-07 16:46:16.000000', '2024-12-07 07:21:59.000000', '1', '2024-12-07', NULL, NULL, 0, 8, 16, 24, 564, 10, 1),
('Kumara2024-12-08', '2024-12-09 00:01:52.000000', '2024-12-08 07:09:38.000000', '1', '2024-12-08', NULL, NULL, 0, 20, 451, 471, 1012, 10, 1),
('Kumara2024-12-09', '2024-12-09 16:44:35.000000', '2024-12-09 07:22:51.000000', '1', '2024-12-09', NULL, NULL, 0, 7, 14, 21, 561, 10, 1),
('Kumara2024-12-10', '2024-12-11 00:22:32.000000', '2024-12-10 07:57:50.000000', '1', '2024-12-10', NULL, 27, 27, NULL, 472, 472, 984, 10, 1),
('Kumara2024-12-11', '2024-12-12 00:02:46.000000', '2024-12-11 05:52:29.000000', '1', '2024-12-11', NULL, NULL, 0, 97, 452, 549, 1090, 10, 1),
('Kumara2024-12-12', '2024-12-12 16:47:16.000000', '2024-12-12 07:04:59.000000', '1', '2024-12-12', NULL, NULL, 0, 25, 17, 42, 582, 10, 1),
('Kumara2024-12-13', '2024-12-13 23:53:14.000000', '2024-12-13 14:21:45.000000', '1', '2024-12-13', NULL, NULL, 0, 8, 23, 31, 571, 10, 2),
('Kumara2024-12-14', '2024-12-14 22:00:56.000000', '2024-12-14 22:00:56.000000', '?', '2024-12-14', NULL, NULL, 0, NULL, NULL, 0, 0, 10, 2),
('Kumara2024-12-15', '2024-12-16 00:15:48.000000', '2024-12-15 07:15:40.000000', '1', '2024-12-15', NULL, NULL, 0, 14, 465, 479, 1020, 10, 1),
('Kumara2024-12-16', '2024-12-16 16:34:00.000000', '2024-12-16 07:05:18.000000', '1', '2024-12-16', NULL, NULL, 0, 24, 4, 28, 568, 10, 1),
('Kumara2024-12-17', '2024-12-17 23:43:55.000000', '2024-12-17 14:12:20.000000', '1', '2024-12-17', NULL, NULL, 0, 17, 13, 30, 571, 10, 2),
('Kumara2024-12-18', '2024-12-19 00:15:43.000000', '2024-12-18 07:13:45.000000', '1', '2024-12-18', NULL, NULL, 0, 16, 465, 481, 1021, 10, 1),
('Kumara2024-12-19', '2024-12-20 01:18:07.000000', '2024-12-19 07:13:19.000000', '1', '2024-12-19', NULL, NULL, 0, 16, 528, 544, 1084, 10, 1),
('Kumara2024-12-20', '2024-12-20 16:38:03.000000', '2024-12-20 07:26:06.000000', '1', '2024-12-20', NULL, NULL, 0, 3, 8, 11, 551, 10, 1),
('Kumara2024-12-21', '2024-12-22 00:00:08.000000', '2024-12-21 14:19:07.000000', '1', '2024-12-21', NULL, NULL, 0, 10, 30, 40, 581, 10, 2),
('Kumara2024-12-22', '2024-12-22 23:44:05.000000', '2024-12-22 07:04:09.000000', '1', '2024-12-22', NULL, NULL, 0, 25, 434, 459, 999, 10, 1),
('Kumara2024-12-26', '2024-12-27 00:05:37.000000', '2024-12-26 06:32:47.000000', '1', '2024-12-26', NULL, NULL, 0, 57, 455, 512, 1052, 10, 1),
('Kumara2024-12-30', '2024-12-31 00:09:11.000000', '2024-12-30 06:49:22.000000', '1', '2024-12-30', NULL, NULL, 0, 40, 459, 499, 1039, 10, 1),
('Kumara2024-12-31', '2025-01-01 01:41:29.000000', '2024-12-31 07:13:50.000000', '1', '2024-12-31', NULL, NULL, 0, 16, 551, 567, 1107, 10, 1),
('Kumara2025-01-01', '2025-01-01 06:41:44.000000', '2025-01-01 06:41:44.000000', '?', '2025-01-01', NULL, NULL, 0, NULL, NULL, 0, 0, 10, 1),
('Kumari2024-10-02', '2024-10-02 16:55:44.000000', '2024-10-02 07:20:07.000000', '1', '2024-10-02', 4, NULL, 4, 9, NULL, 9, 575, 26, 7),
('Kumari2024-10-03', '2024-10-03 17:33:46.000000', '2024-10-03 07:08:01.000000', '1', '2024-10-03', NULL, NULL, 0, 21, 33, 54, 625, 26, 7),
('Kumari2024-10-04', '2024-10-04 17:06:59.000000', '2024-10-04 07:39:50.000000', '1', '2024-10-04', NULL, 9, 9, NULL, 6, 6, 567, 26, 7);
INSERT INTO `attendance` (`attendance_record_id`, `actual_end_time`, `actual_start_time`, `attendance`, `date`, `lc_early_clockout_mins`, `lc_late_clockin_mins`, `lc_mins`, `ot_early_clockin_mins`, `ot_late_clockout_mins`, `ot_mins`, `work_mins`, `employee_id`, `shift_id`) VALUES
('Kumari2024-10-05', '2024-10-05 17:02:20.000000', '2024-10-05 07:27:11.000000', '1', '2024-10-05', NULL, NULL, 0, 2, 2, 4, 575, 26, 7),
('Kumari2024-10-06', '2024-10-06 17:04:59.000000', '2024-10-06 06:59:31.000000', '1', '2024-10-06', NULL, NULL, 0, 30, 4, 34, 605, 26, 7),
('Kumari2024-10-08', '2024-10-08 17:01:23.000000', '2024-10-08 07:06:56.000000', '1', '2024-10-08', NULL, NULL, 0, 23, 1, 24, 594, 26, 7),
('Kumari2024-10-09', '2024-10-09 17:01:58.000000', '2024-10-09 07:10:51.000000', '1', '2024-10-09', NULL, NULL, 0, 19, 1, 20, 591, 26, 7),
('Kumari2024-10-10', '2024-10-10 17:00:22.000000', '2024-10-10 07:16:33.000000', '1', '2024-10-10', 0, NULL, 0, 13, NULL, 13, 583, 26, 7),
('Kumari2024-10-11', '2024-10-11 17:02:37.000000', '2024-10-11 07:38:12.000000', '1', '2024-10-11', NULL, 8, 8, NULL, 2, 2, 564, 26, 7),
('Kumari2024-10-12', '2024-10-12 17:01:26.000000', '2024-10-12 07:30:57.000000', '1', '2024-10-12', NULL, 0, 0, NULL, 1, 1, 570, 26, 7),
('Kumari2024-10-13', '2024-10-13 16:57:20.000000', '2024-10-13 07:28:40.000000', '1', '2024-10-13', 2, NULL, 2, 1, NULL, 1, 568, 26, 7),
('Kumari2024-10-14', '2024-10-14 17:17:32.000000', '2024-10-14 07:28:28.000000', '1', '2024-10-14', NULL, NULL, 0, 1, 17, 18, 589, 26, 7),
('Kumari2024-10-15', '2024-10-15 17:13:18.000000', '2024-10-15 07:30:06.000000', '1', '2024-10-15', NULL, 0, 0, NULL, 13, 13, 583, 26, 7),
('Kumari2024-10-16', '2024-10-16 17:01:20.000000', '2024-10-16 07:27:54.000000', '1', '2024-10-16', NULL, NULL, 0, 2, 1, 3, 573, 26, 7),
('Kumari2024-10-17', '2024-10-17 17:03:52.000000', '2024-10-17 06:57:57.000000', '1', '2024-10-17', NULL, NULL, 0, 32, 3, 35, 605, 26, 7),
('Kumari2024-10-18', '2024-10-18 17:00:19.000000', '2024-10-18 07:21:32.000000', '1', '2024-10-18', 0, NULL, 0, 8, NULL, 8, 578, 26, 7),
('Kumari2024-10-19', '2024-10-19 17:22:24.000000', '2024-10-19 07:07:36.000000', '1', '2024-10-19', NULL, NULL, 0, 22, 22, 44, 614, 26, 7),
('Kumari2024-10-21', '2024-10-21 12:32:21.000000', '2024-10-21 07:05:35.000000', 'ab', '2024-10-21', 267, NULL, 267, 24, NULL, 24, 326, 26, 7),
('Madhusanka2024-09-30', '2024-09-30 23:24:53.000000', '2024-09-30 13:45:30.000000', '1', '2024-09-30', 5, NULL, 5, 44, NULL, 44, 579, 8, 2),
('Madhusanka2024-10-01', '2024-10-01 16:38:49.000000', '2024-10-01 07:20:07.000000', '1', '2024-10-01', NULL, NULL, 0, 9, 8, 17, 558, 8, 1),
('Madhusanka2024-10-02', '2024-10-02 23:33:23.000000', '2024-10-02 07:26:26.000000', '1', '2024-10-02', NULL, NULL, 0, 3, 423, 426, 966, 8, 1),
('Madhusanka2024-10-03', '2024-10-03 21:58:31.000000', '2024-10-03 06:52:14.000000', '1', '2024-10-03', NULL, NULL, 0, 37, 328, 365, 906, 8, 1),
('Madhusanka2024-10-04', '2024-10-05 00:05:51.000000', '2024-10-04 07:20:46.000000', '1', '2024-10-04', NULL, NULL, 0, 9, 455, 464, 1005, 8, 1),
('Madhusanka2024-10-05', '2024-10-05 23:31:44.000000', '2024-10-05 07:26:37.000000', '1', '2024-10-05', NULL, NULL, 0, 3, 421, 424, 965, 8, 1),
('Madhusanka2024-10-06', '2024-10-06 23:42:29.000000', '2024-10-06 14:33:38.000000', '1', '2024-10-06', NULL, 3, 3, NULL, 12, 12, 548, 8, 2),
('Madhusanka2024-10-07', '2024-10-07 23:46:19.000000', '2024-10-07 14:25:49.000000', '1', '2024-10-07', NULL, NULL, 0, 4, 16, 20, 560, 8, 2),
('Madhusanka2024-10-08', '2024-10-08 23:50:01.000000', '2024-10-08 14:29:01.000000', '1', '2024-10-08', NULL, 0, 0, NULL, 20, 20, 561, 8, 2),
('Madhusanka2024-10-09', '2024-10-09 16:33:59.000000', '2024-10-09 07:25:05.000000', '1', '2024-10-09', NULL, NULL, 0, 4, 3, 7, 548, 8, 1),
('Madhusanka2024-10-10', '2024-10-10 23:39:24.000000', '2024-10-10 14:30:08.000000', '1', '2024-10-10', NULL, 0, 0, NULL, 9, 9, 549, 8, 2),
('Madhusanka2024-10-11', '2024-10-11 23:45:03.000000', '2024-10-11 14:40:27.000000', '1', '2024-10-11', NULL, 10, 10, NULL, 15, 15, 544, 8, 2),
('Madhusanka2024-10-12', '2024-10-13 00:04:57.000000', '2024-10-12 07:11:36.000000', '1', '2024-10-12', NULL, NULL, 0, 18, 454, 472, 1013, 8, 1),
('Madhusanka2024-10-13', '2024-10-13 23:56:04.000000', '2024-10-13 07:18:29.000000', '1', '2024-10-13', NULL, NULL, 0, 11, 446, 457, 997, 8, 1),
('Madhusanka2024-10-14', '2024-10-14 23:44:36.000000', '2024-10-14 08:08:44.000000', '1', '2024-10-14', NULL, 38, 38, NULL, 434, 434, 935, 8, 1),
('Madhusanka2024-10-15', '2024-10-15 16:33:57.000000', '2024-10-15 07:10:51.000000', '1', '2024-10-15', NULL, NULL, 0, 19, 3, 22, 563, 8, 1),
('Madhusanka2024-10-16', '2024-10-17 00:14:21.000000', '2024-10-16 06:52:39.000000', '1', '2024-10-16', NULL, NULL, 0, 37, 464, 501, 1041, 8, 1),
('Madhusanka2024-10-17', '2024-10-17 22:33:05.000000', '2024-10-17 14:29:46.000000', '0.5', '2024-10-17', 56, 0, 56, NULL, NULL, 0, 483, 8, 2),
('Madhusanka2024-10-18', '2024-10-18 16:32:23.000000', '2024-10-18 07:22:05.000000', '1', '2024-10-18', NULL, NULL, 0, 7, 2, 9, 550, 8, 1),
('Madhusanka2024-10-19', '2024-10-19 23:34:11.000000', '2024-10-19 14:23:40.000000', '1', '2024-10-19', NULL, NULL, 0, 6, 4, 10, 550, 8, 2),
('Madhusanka2024-10-20', '2024-10-20 23:37:47.000000', '2024-10-20 07:22:00.000000', '1', '2024-10-20', NULL, NULL, 0, 8, 427, 435, 975, 8, 1),
('Madhusanka2024-10-21', '2024-10-21 23:43:37.000000', '2024-10-21 06:56:07.000000', '1', '2024-10-21', NULL, NULL, 0, 33, 433, 466, 1007, 8, 1),
('Madhusanka2024-10-22', '2024-10-22 23:55:30.000000', '2024-10-22 07:17:10.000000', '1', '2024-10-22', NULL, NULL, 0, 12, 445, 457, 998, 8, 1),
('Madhusanka2024-10-23', '2024-10-23 16:38:58.000000', '2024-10-23 07:29:28.000000', '1', '2024-10-23', NULL, 0, 0, NULL, 8, 8, 549, 8, 1),
('Madhusanka2024-10-24', '2024-10-24 23:32:03.000000', '2024-10-24 06:01:10.000000', '1', '2024-10-24', NULL, NULL, 0, 88, 422, 510, 1050, 8, 1),
('Madhusanka2024-10-25', '2024-10-25 14:17:39.000000', '2024-10-25 14:17:39.000000', '?', '2024-10-25', NULL, NULL, 0, NULL, NULL, 0, 0, 8, 2),
('Madhusanka2024-10-26', '2024-10-26 21:05:03.000000', '2024-10-26 10:52:00.000000', '1', '2024-10-26', NULL, 202, 202, NULL, 275, 275, 613, 8, 1),
('Madhusanka2024-11-01', '2024-11-01 23:50:48.000000', '2024-11-01 08:06:35.000000', '1', '2024-11-01', NULL, 36, 36, NULL, 440, 440, 944, 8, 1),
('Madhusanka2024-11-02', '2024-11-02 23:55:33.000000', '2024-11-02 06:27:32.000000', '1', '2024-11-02', NULL, NULL, 0, 62, 445, 507, 1048, 8, 1),
('Madhusanka2024-11-03', '2024-11-03 23:50:35.000000', '2024-11-03 09:17:16.000000', '1', '2024-11-03', NULL, 107, 107, NULL, 440, 440, 873, 8, 1),
('Madhusanka2024-11-04', '2024-11-04 23:38:22.000000', '2024-11-04 06:44:13.000000', '1', '2024-11-04', NULL, NULL, 0, 45, 428, 473, 1014, 8, 1),
('Madhusanka2024-11-05', '2024-11-05 23:43:26.000000', '2024-11-05 06:27:44.000000', '1', '2024-11-05', NULL, NULL, 0, 62, 433, 495, 1035, 8, 1),
('Madhusanka2024-11-06', '2024-11-06 16:34:33.000000', '2024-11-06 06:58:41.000000', '1', '2024-11-06', NULL, NULL, 0, 31, 4, 35, 575, 8, 1),
('Madhusanka2024-11-07', '2024-11-07 23:37:45.000000', '2024-11-07 06:18:14.000000', '1', '2024-11-07', NULL, NULL, 0, 71, 427, 498, 1039, 8, 1),
('Madhusanka2024-11-08', '2024-11-08 23:33:23.000000', '2024-11-08 06:27:51.000000', '1', '2024-11-08', NULL, NULL, 0, 62, 423, 485, 1025, 8, 1),
('Madhusanka2024-11-09', '2024-11-09 23:34:31.000000', '2024-11-09 14:29:34.000000', '1', '2024-11-09', NULL, 0, 0, NULL, 4, 4, 544, 8, 2),
('Madhusanka2024-11-10', '2024-11-10 16:35:51.000000', '2024-11-10 06:21:47.000000', '1', '2024-11-10', NULL, NULL, 0, 68, 5, 73, 614, 8, 1),
('Madhusanka2024-11-11', '2024-11-11 16:38:34.000000', '2024-11-11 06:28:37.000000', '1', '2024-11-11', NULL, NULL, 0, 61, 8, 69, 609, 8, 1),
('Madhusanka2024-11-12', '2024-11-12 23:33:38.000000', '2024-11-12 06:19:54.000000', '1', '2024-11-12', NULL, NULL, 0, 70, 423, 493, 1033, 8, 1),
('Madhusanka2024-11-13', '2024-11-13 23:56:56.000000', '2024-11-13 14:13:28.000000', '1', '2024-11-13', NULL, NULL, 0, 16, 26, 42, 583, 8, 2),
('Madhusanka2024-11-14', '2024-11-14 21:47:52.000000', '2024-11-14 06:36:13.000000', '1', '2024-11-14', NULL, NULL, 0, 53, 317, 370, 911, 8, 1),
('Madhusanka2024-11-15', '2024-11-15 16:35:57.000000', '2024-11-15 06:31:22.000000', '1', '2024-11-15', NULL, NULL, 0, 58, 5, 63, 604, 8, 1),
('Madhusanka2024-11-16', '2024-11-16 16:09:52.000000', '2024-11-16 06:13:22.000000', '1', '2024-11-16', 20, NULL, 20, 76, NULL, 76, 596, 8, 1),
('Madhusanka2024-11-22', '2024-11-22 23:21:02.000000', '2024-11-22 14:07:18.000000', '1', '2024-11-22', 8, NULL, 8, 22, NULL, 22, 553, 8, 2),
('Madhusanka2024-11-23', '2024-11-23 23:31:59.000000', '2024-11-23 14:18:25.000000', '1', '2024-11-23', NULL, NULL, 0, 11, 1, 12, 553, 8, 2),
('Madhusanka2024-11-24', '2024-11-25 00:12:03.000000', '2024-11-24 06:37:13.000000', '1', '2024-11-24', NULL, NULL, 0, 52, 462, 514, 1054, 8, 1),
('Madhusanka2024-11-25', '2024-11-25 23:41:59.000000', '2024-11-25 14:17:10.000000', '1', '2024-11-25', NULL, NULL, 0, 12, 11, 23, 564, 8, 2),
('Madhusanka2024-11-26', '2024-11-26 23:49:31.000000', '2024-11-26 06:26:35.000000', '1', '2024-11-26', NULL, NULL, 0, 63, 439, 502, 1042, 8, 1),
('Madhusanka2024-11-27', '2024-11-27 23:36:59.000000', '2024-11-27 06:30:17.000000', '1', '2024-11-27', NULL, NULL, 0, 59, 426, 485, 1026, 8, 1),
('Madhusanka2024-11-28', '2024-11-28 23:36:59.000000', '2024-11-28 06:35:50.000000', '1', '2024-11-28', NULL, NULL, 0, 54, 426, 480, 1021, 8, 1),
('Madhusanka2024-11-29', '2024-11-29 23:54:23.000000', '2024-11-29 09:56:14.000000', '1', '2024-11-29', NULL, 146, 146, NULL, 444, 444, 838, 8, 1),
('Madhusanka2024-11-30', '2024-11-30 23:51:35.000000', '2024-11-30 14:29:01.000000', '1', '2024-11-30', NULL, 0, 0, NULL, 21, 21, 562, 8, 2),
('Madhusanka2024-12-01', '2024-12-01 23:39:12.000000', '2024-12-01 14:03:40.000000', '1', '2024-12-01', NULL, NULL, 0, 26, 9, 35, 575, 8, 2),
('Madhusanka2024-12-02', '2024-12-02 23:37:17.000000', '2024-12-02 14:29:24.000000', '1', '2024-12-02', NULL, 0, 0, NULL, 7, 7, 547, 8, 2),
('Madhusanka2024-12-03', '2024-12-03 16:34:06.000000', '2024-12-03 07:21:49.000000', '1', '2024-12-03', NULL, NULL, 0, 8, 4, 12, 552, 8, 1),
('Madhusanka2024-12-04', '2024-12-04 23:44:01.000000', '2024-12-04 14:13:48.000000', '1', '2024-12-04', NULL, NULL, 0, 16, 14, 30, 570, 8, 2),
('Madhusanka2024-12-05', '2024-12-05 23:44:21.000000', '2024-12-05 08:27:42.000000', '1', '2024-12-05', NULL, 57, 57, NULL, 434, 434, 916, 8, 1),
('Madhusanka2024-12-06', '2024-12-06 23:31:52.000000', '2024-12-06 06:34:55.000000', '1', '2024-12-06', NULL, NULL, 0, 55, 421, 476, 1016, 8, 1),
('Madhusanka2024-12-07', '2024-12-07 23:37:50.000000', '2024-12-07 07:27:09.000000', '1', '2024-12-07', NULL, NULL, 0, 2, 427, 429, 970, 8, 1),
('Madhusanka2024-12-08', '2024-12-08 23:45:41.000000', '2024-12-08 14:31:22.000000', '1', '2024-12-08', NULL, 1, 1, NULL, 15, 15, 554, 8, 2),
('Madhusanka2024-12-09', '2024-12-09 16:35:13.000000', '2024-12-09 07:23:01.000000', '1', '2024-12-09', NULL, NULL, 0, 6, 5, 11, 552, 8, 1),
('Madhusanka2024-12-10', '2024-12-11 00:22:21.000000', '2024-12-10 07:47:27.000000', '1', '2024-12-10', NULL, 17, 17, NULL, 472, 472, 994, 8, 1),
('Madhusanka2024-12-11', '2024-12-11 16:34:35.000000', '2024-12-11 05:52:36.000000', '1', '2024-12-11', NULL, NULL, 0, 97, 4, 101, 641, 8, 1),
('Madhusanka2024-12-12', '2024-12-12 14:24:00.000000', '2024-12-12 14:24:00.000000', '?', '2024-12-12', NULL, NULL, 0, NULL, NULL, 0, 0, 8, 2),
('Madhusanka2024-12-13', '2024-12-13 23:39:39.000000', '2024-12-13 13:57:22.000000', '1', '2024-12-13', NULL, NULL, 0, 32, 9, 41, 582, 8, 2),
('Madhusanka2024-12-14', '2024-12-14 22:00:45.000000', '2024-12-14 14:18:38.000000', '0.5', '2024-12-14', 89, NULL, 89, 11, NULL, 11, 462, 8, 2),
('Madhusanka2024-12-17', '2024-12-17 23:32:16.000000', '2024-12-17 14:25:24.000000', '1', '2024-12-17', NULL, NULL, 0, 4, 2, 6, 546, 8, 2),
('Madhusanka2024-12-18', '2024-12-18 23:36:19.000000', '2024-12-18 14:32:18.000000', '1', '2024-12-18', NULL, 2, 2, NULL, 6, 6, 544, 8, 2),
('Madhusanka2024-12-19', '2024-12-20 00:36:07.000000', '2024-12-19 08:30:43.000000', '1', '2024-12-19', NULL, 60, 60, NULL, 486, 486, 965, 8, 1),
('Madhusanka2024-12-20', '2024-12-20 23:34:41.000000', '2024-12-20 14:27:04.000000', '1', '2024-12-20', NULL, NULL, 0, 2, 4, 6, 547, 8, 2),
('Madhusanka2024-12-21', '2024-12-21 16:52:36.000000', '2024-12-21 07:26:42.000000', '1', '2024-12-21', NULL, NULL, 0, 3, 22, 25, 565, 8, 1),
('Madhusanka2024-12-22', '2024-12-22 23:42:10.000000', '2024-12-22 14:32:12.000000', '1', '2024-12-22', NULL, 2, 2, NULL, 12, 12, 549, 8, 2),
('Madhusanka2024-12-23', '2024-12-23 23:33:24.000000', '2024-12-23 14:28:29.000000', '1', '2024-12-23', NULL, NULL, 0, 1, 3, 4, 544, 8, 2),
('Madhusanka2024-12-24', '2024-12-24 23:38:47.000000', '2024-12-24 07:36:03.000000', '1', '2024-12-24', NULL, 6, 6, NULL, 428, 428, 962, 8, 1),
('Madhusanka2024-12-25', '2024-12-25 17:02:07.000000', '2024-12-25 07:22:48.000000', '1', '2024-12-25', NULL, NULL, 0, 7, 32, 39, 579, 8, 1),
('Madhusanka2024-12-26', '2024-12-26 23:35:40.000000', '2024-12-26 05:58:01.000000', '1', '2024-12-26', NULL, NULL, 0, 91, 425, 516, 1057, 8, 1),
('Madhusanka2024-12-28', '2024-12-28 23:34:09.000000', '2024-12-28 14:33:02.000000', '1', '2024-12-28', NULL, 3, 3, NULL, 4, 4, 541, 8, 2),
('Madhusanka2024-12-29', '2024-12-29 23:32:58.000000', '2024-12-29 07:19:57.000000', '1', '2024-12-29', NULL, NULL, 0, 10, 422, 432, 973, 8, 1),
('Madhusanka2024-12-30', '2024-12-30 23:42:02.000000', '2024-12-30 07:30:29.000000', '1', '2024-12-30', NULL, 0, 0, NULL, 432, 432, 971, 8, 1),
('Madhusanka2024-12-31', '2025-01-01 01:41:21.000000', '2024-12-31 07:34:08.000000', '1', '2024-12-31', NULL, 4, 4, NULL, 551, 551, 1087, 8, 1),
('Madhusanka2025-01-01', '2025-01-01 23:41:16.000000', '2025-01-01 07:09:11.000000', '1', '2025-01-01', NULL, NULL, 0, 20, 431, 451, 992, 8, 1),
('Manoj2024-11-30', '2024-11-30 16:31:01.000000', '2024-11-30 13:13:32.000000', 'ab', '2024-11-30', 418, NULL, 418, 76, NULL, 76, 197, 36, 2),
('Manoj2024-12-01', '2024-12-01 23:34:00.000000', '2024-12-01 13:46:14.000000', '1', '2024-12-01', NULL, NULL, 0, 43, 4, 47, 587, 36, 2),
('Manoj2024-12-02', '2024-12-02 16:31:08.000000', '2024-12-02 04:56:46.000000', '1', '2024-12-02', NULL, NULL, 0, 153, 1, 154, 694, 36, 1),
('Manoj2024-12-03', '2024-12-03 23:30:07.000000', '2024-12-03 14:25:01.000000', '1', '2024-12-03', 0, NULL, 0, 4, NULL, 4, 545, 36, 2),
('Manoj2024-12-04', '2024-12-04 23:35:55.000000', '2024-12-04 14:20:04.000000', '1', '2024-12-04', NULL, NULL, 0, 9, 5, 14, 555, 36, 2),
('Manoj2024-12-05', '2024-12-05 08:34:20.000000', '2024-12-05 08:34:20.000000', '?', '2024-12-05', NULL, NULL, 0, NULL, NULL, 0, 0, 36, 1),
('Manoj2024-12-06', '2024-12-06 23:28:59.000000', '2024-12-06 06:50:12.000000', '1', '2024-12-06', NULL, NULL, 0, 39, 418, 457, 998, 36, 1),
('Manoj2024-12-07', '2024-12-07 17:00:09.000000', '2024-12-07 07:33:04.000000', '1', '2024-12-07', NULL, 3, 3, NULL, 30, 30, 567, 36, 1),
('Manoj2024-12-08', '2024-12-08 23:53:29.000000', '2024-12-08 14:32:46.000000', '1', '2024-12-08', NULL, 2, 2, NULL, 23, 23, 560, 36, 2),
('Manoj2024-12-09', '2024-12-09 16:39:20.000000', '2024-12-09 07:23:33.000000', '1', '2024-12-09', NULL, NULL, 0, 6, 9, 15, 555, 36, 1),
('Manoj2024-12-10', '2024-12-10 23:47:31.000000', '2024-12-10 07:56:51.000000', '1', '2024-12-10', NULL, 26, 26, NULL, 437, 437, 950, 36, 1),
('Manoj2024-12-11', '2024-12-11 16:49:22.000000', '2024-12-11 06:02:24.000000', '1', '2024-12-11', NULL, NULL, 0, 87, 19, 106, 646, 36, 1),
('Manoj2024-12-14', '2024-12-14 22:01:10.000000', '2024-12-14 14:19:32.000000', '0.5', '2024-12-14', 88, NULL, 88, 10, NULL, 10, 461, 36, 2),
('Manoj2024-12-15', '2024-12-15 16:49:14.000000', '2024-12-15 07:30:29.000000', '1', '2024-12-15', NULL, 0, 0, NULL, 19, 19, 558, 36, 1),
('Manoj2024-12-16', '2024-12-16 23:47:32.000000', '2024-12-16 14:23:57.000000', '1', '2024-12-16', NULL, NULL, 0, 6, 17, 23, 563, 36, 2),
('Manoj2024-12-17', '2024-12-17 18:29:40.000000', '2024-12-17 07:17:23.000000', '1', '2024-12-17', NULL, NULL, 0, 12, 119, 131, 672, 36, 1),
('Manoj2024-12-20', '2024-12-20 23:36:55.000000', '2024-12-20 14:25:43.000000', '1', '2024-12-20', NULL, NULL, 0, 4, 6, 10, 551, 36, 2),
('Manoj2024-12-21', '2024-12-21 23:33:41.000000', '2024-12-21 14:27:39.000000', '1', '2024-12-21', NULL, NULL, 0, 2, 3, 5, 546, 36, 2),
('Manoj2024-12-22', '2024-12-22 16:42:29.000000', '2024-12-22 07:18:33.000000', '1', '2024-12-22', NULL, NULL, 0, 11, 12, 23, 563, 36, 1),
('Manoj2024-12-23', '2024-12-23 23:36:23.000000', '2024-12-23 14:23:37.000000', '1', '2024-12-23', NULL, NULL, 0, 6, 6, 12, 552, 36, 2),
('Manoj2024-12-24', '2024-12-24 08:56:15.000000', '2024-12-24 08:56:15.000000', '?', '2024-12-24', NULL, NULL, 0, NULL, NULL, 0, 0, 36, 1),
('Manoj2024-12-25', '2024-12-25 23:30:12.000000', '2024-12-25 07:37:40.000000', '1', '2024-12-25', NULL, 7, 7, NULL, 420, 420, 952, 36, 1),
('Manoj2024-12-26', '2024-12-26 16:48:43.000000', '2024-12-26 06:19:00.000000', '1', '2024-12-26', NULL, NULL, 0, 71, 18, 89, 629, 36, 1),
('Manoj2024-12-27', '2024-12-27 23:58:08.000000', '2024-12-27 14:22:36.000000', '1', '2024-12-27', NULL, NULL, 0, 7, 28, 35, 575, 36, 2),
('Manoj2024-12-28', '2024-12-28 23:34:18.000000', '2024-12-28 07:30:08.000000', '1', '2024-12-28', NULL, 0, 0, NULL, 424, 424, 964, 36, 1),
('Manoj2024-12-29', '2024-12-29 23:12:45.000000', '2024-12-29 14:00:07.000000', '1', '2024-12-29', 17, NULL, 17, 29, NULL, 29, 552, 36, 2),
('Manoj2024-12-30', '2024-12-31 00:05:55.000000', '2024-12-30 07:41:45.000000', '1', '2024-12-30', NULL, 11, 11, NULL, 455, 455, 984, 36, 1),
('Manoj2024-12-31', '2024-12-31 07:32:33.000000', '2024-12-31 07:32:33.000000', '?', '2024-12-31', NULL, NULL, 0, NULL, NULL, 0, 0, 36, 1),
('Manoj2025-01-01', '2025-01-01 23:41:21.000000', '2025-01-01 06:47:39.000000', '1', '2025-01-01', NULL, NULL, 0, 42, 431, 473, 1013, 36, 1),
('Nadun2024-10-01', NULL, NULL, NULL, '2024-10-01', NULL, NULL, NULL, NULL, NULL, NULL, NULL, 24, NULL),
('Nadun2024-10-02', NULL, NULL, NULL, '2024-10-02', NULL, NULL, NULL, NULL, NULL, NULL, NULL, 24, NULL),
('Nadun2024-10-03', NULL, NULL, NULL, '2024-10-03', NULL, NULL, NULL, NULL, NULL, NULL, NULL, 24, NULL),
('Nadun2024-10-04', NULL, NULL, NULL, '2024-10-04', NULL, NULL, NULL, NULL, NULL, NULL, NULL, 24, NULL),
('Nadun2024-10-05', NULL, NULL, NULL, '2024-10-05', NULL, NULL, NULL, NULL, NULL, NULL, NULL, 24, NULL),
('Nadun2024-10-06', NULL, NULL, NULL, '2024-10-06', NULL, NULL, NULL, NULL, NULL, NULL, NULL, 24, NULL),
('Nadun2024-10-07', NULL, NULL, NULL, '2024-10-07', NULL, NULL, NULL, NULL, NULL, NULL, NULL, 24, NULL),
('Nadun2024-10-08', NULL, NULL, NULL, '2024-10-08', NULL, NULL, NULL, NULL, NULL, NULL, NULL, 24, NULL),
('Nadun2024-10-09', NULL, NULL, NULL, '2024-10-09', NULL, NULL, NULL, NULL, NULL, NULL, NULL, 24, NULL),
('Nadun2024-10-10', '2024-10-10 08:29:54.000000', '2024-10-10 08:29:54.000000', '?', '2024-10-10', NULL, NULL, 0, NULL, NULL, 0, 0, 24, 7),
('Nadun2024-10-11', '2024-10-11 08:12:50.000000', '2024-10-11 08:12:50.000000', '?', '2024-10-11', NULL, NULL, 0, NULL, NULL, 0, 0, 24, 7),
('Nadun2024-10-12', '2024-10-12 23:15:54.000000', '2024-10-12 09:02:56.000000', '1', '2024-10-12', NULL, 92, 92, NULL, 375, 375, 852, 24, 7),
('Nadun2024-10-13', '2024-10-13 09:32:36.000000', '2024-10-13 09:32:36.000000', '?', '2024-10-13', NULL, NULL, 0, NULL, NULL, 0, 0, 24, 7),
('Nadun2024-10-14', '2024-10-14 08:44:18.000000', '2024-10-14 08:44:18.000000', '?', '2024-10-14', NULL, NULL, 0, NULL, NULL, 0, 0, 24, 7),
('Nadun2024-10-15', '2024-10-15 23:01:13.000000', '2024-10-15 08:24:49.000000', '1', '2024-10-15', NULL, 54, 54, NULL, 361, 361, 876, 24, 7),
('Nadun2024-10-16', '2024-10-16 08:46:33.000000', '2024-10-16 08:46:33.000000', '?', '2024-10-16', NULL, NULL, 0, NULL, NULL, 0, 0, 24, 7),
('Nadun2024-10-17', '2024-10-17 22:33:26.000000', '2024-10-17 09:56:19.000000', '1', '2024-10-17', NULL, 146, 146, NULL, 333, 333, 757, 24, 7),
('Nadun2024-10-18', '2024-10-18 08:21:23.000000', '2024-10-18 08:21:23.000000', '?', '2024-10-18', NULL, NULL, 0, NULL, NULL, 0, 0, 24, 7),
('Nadun2024-10-19', '2024-10-19 23:12:58.000000', '2024-10-19 08:08:38.000000', '1', '2024-10-19', NULL, 38, 38, NULL, 372, 372, 904, 24, 7),
('Nadun2024-10-20', '2024-10-20 08:18:16.000000', '2024-10-20 08:18:16.000000', '?', '2024-10-20', NULL, NULL, 0, NULL, NULL, 0, 0, 24, 7),
('Nadun2024-10-21', NULL, NULL, NULL, '2024-10-21', NULL, NULL, NULL, NULL, NULL, NULL, NULL, 24, NULL),
('Nadun2024-10-22', '2024-10-22 10:15:53.000000', '2024-10-22 10:15:53.000000', '?', '2024-10-22', NULL, NULL, 0, NULL, NULL, 0, 0, 24, 7),
('Nadun2024-10-23', '2024-10-23 08:01:11.000000', '2024-10-23 08:01:09.000000', 'ab', '2024-10-23', NULL, NULL, 0, NULL, NULL, 0, 0, 24, 7),
('Nadun2024-10-24', NULL, NULL, NULL, '2024-10-24', NULL, NULL, NULL, NULL, NULL, NULL, NULL, 24, NULL),
('Nadun2024-10-29', NULL, NULL, NULL, '2024-10-29', NULL, NULL, NULL, NULL, NULL, NULL, NULL, 24, NULL),
('Nadun2024-10-30', NULL, NULL, NULL, '2024-10-30', NULL, NULL, NULL, NULL, NULL, NULL, NULL, 24, NULL),
('Nadun2024-10-31', '2024-10-31 07:49:30.000000', '2024-10-31 07:49:30.000000', '?', '2024-10-31', NULL, NULL, 0, NULL, NULL, 0, 0, 24, 7),
('Nadun2024-11-01', '2024-11-01 08:46:04.000000', '2024-11-01 08:46:04.000000', '?', '2024-11-01', NULL, NULL, 0, NULL, NULL, 0, 0, 24, 7),
('Nadun2024-11-02', '2024-11-03 00:54:09.000000', '2024-11-02 07:58:56.000000', '1', '2024-11-02', NULL, 28, 28, NULL, 474, 474, 1015, 24, 7),
('Nadun2024-11-03', '2024-11-03 08:01:41.000000', '2024-11-03 08:01:41.000000', '?', '2024-11-03', NULL, NULL, 0, NULL, NULL, 0, 0, 24, 7),
('Nadun2024-11-04', '2024-11-04 07:34:16.000000', '2024-11-04 07:34:16.000000', '?', '2024-11-04', NULL, NULL, 0, NULL, NULL, 0, 0, 24, 7),
('Nadun2024-11-05', '2024-11-05 08:10:13.000000', '2024-11-05 08:10:13.000000', '?', '2024-11-05', NULL, NULL, 0, NULL, NULL, 0, 0, 24, 7),
('Nadun2024-11-06', '2024-11-06 05:14:20.000000', '2024-11-06 05:14:20.000000', '?', '2024-11-06', NULL, NULL, 0, NULL, NULL, 0, 0, 24, 7),
('Nadun2024-11-08', '2024-11-08 08:52:33.000000', '2024-11-08 08:52:33.000000', '?', '2024-11-08', NULL, NULL, 0, NULL, NULL, 0, 0, 24, 7),
('Nadun2024-11-09', '2024-11-09 07:40:42.000000', '2024-11-09 07:40:42.000000', '?', '2024-11-09', NULL, NULL, 0, NULL, NULL, 0, 0, 24, 7),
('Nadun2024-11-10', '2024-11-10 08:48:05.000000', '2024-11-10 08:48:05.000000', '?', '2024-11-10', NULL, NULL, 0, NULL, NULL, 0, 0, 24, 7),
('Nadun2024-11-11', '2024-11-11 07:16:44.000000', '2024-11-11 07:16:44.000000', '?', '2024-11-11', NULL, NULL, 0, NULL, NULL, 0, 0, 24, 7),
('Nadun2024-11-13', '2024-11-13 22:27:03.000000', '2024-11-13 22:27:03.000000', '?', '2024-11-13', NULL, NULL, 0, NULL, NULL, 0, 0, 24, 7),
('Nadun2024-11-28', '2024-11-29 00:16:38.000000', '2024-11-28 08:03:08.000000', '1', '2024-11-28', NULL, 33, 33, NULL, 436, 436, 973, 24, 7),
('Nadun2024-11-29', '2024-11-29 08:13:23.000000', '2024-11-29 08:13:23.000000', '?', '2024-11-29', NULL, NULL, 0, NULL, NULL, 0, 0, 24, 7),
('Nadun2024-11-30', '2024-12-01 00:20:50.000000', '2024-11-30 08:55:08.000000', '1', '2024-11-30', NULL, 85, 85, NULL, 440, 440, 925, 24, 7),
('Nadun2024-12-01', '2024-12-01 22:35:14.000000', '2024-12-01 22:35:14.000000', '?', '2024-12-01', NULL, NULL, 0, NULL, NULL, 0, 0, 24, 7),
('Nadun2024-12-02', '2024-12-02 09:33:55.000000', '2024-12-02 09:33:55.000000', '?', '2024-12-02', NULL, NULL, 0, NULL, NULL, 0, 0, 24, 7),
('Nadun2024-12-03', '2024-12-03 08:51:12.000000', '2024-12-03 08:51:12.000000', '?', '2024-12-03', NULL, NULL, 0, NULL, NULL, 0, 0, 24, 7),
('Nadun2024-12-04', '2024-12-04 10:22:11.000000', '2024-12-04 10:22:11.000000', '?', '2024-12-04', NULL, NULL, 0, NULL, NULL, 0, 0, 24, 7),
('Nadun2024-12-06', '2024-12-06 08:13:10.000000', '2024-12-06 08:13:10.000000', '?', '2024-12-06', NULL, NULL, 0, NULL, NULL, 0, 0, 24, 7),
('Nadun2024-12-07', '2024-12-07 08:11:40.000000', '2024-12-07 08:11:40.000000', '?', '2024-12-07', NULL, NULL, 0, NULL, NULL, 0, 0, 24, 7),
('Nadun2024-12-08', '2024-12-08 08:35:48.000000', '2024-12-08 08:35:48.000000', '?', '2024-12-08', NULL, NULL, 0, NULL, NULL, 0, 0, 24, 7),
('Nadun2024-12-09', '2024-12-09 08:01:54.000000', '2024-12-09 08:01:54.000000', '?', '2024-12-09', NULL, NULL, 0, NULL, NULL, 0, 0, 24, 7),
('Nadun2024-12-10', '2024-12-10 07:56:09.000000', '2024-12-10 07:56:09.000000', '?', '2024-12-10', NULL, NULL, 0, NULL, NULL, 0, 0, 24, 7),
('Nadun2024-12-11', '2024-12-11 08:14:50.000000', '2024-12-11 08:14:50.000000', '?', '2024-12-11', NULL, NULL, 0, NULL, NULL, 0, 0, 24, 7),
('Nadun2024-12-17', '2024-12-17 08:36:22.000000', '2024-12-17 08:36:22.000000', '?', '2024-12-17', NULL, NULL, 0, NULL, NULL, 0, 0, 24, 7),
('Nadun2024-12-18', '2024-12-18 08:51:12.000000', '2024-12-18 08:51:12.000000', '?', '2024-12-18', NULL, NULL, 0, NULL, NULL, 0, 0, 24, 7),
('Nadun2024-12-19', '2024-12-19 08:48:26.000000', '2024-12-19 08:48:26.000000', '?', '2024-12-19', NULL, NULL, 0, NULL, NULL, 0, 0, 24, 7),
('Nadun2024-12-20', '2024-12-20 08:50:26.000000', '2024-12-20 08:50:26.000000', '?', '2024-12-20', NULL, NULL, 0, NULL, NULL, 0, 0, 24, 7),
('Nadun2024-12-21', '2024-12-21 08:22:11.000000', '2024-12-21 08:22:11.000000', '?', '2024-12-21', NULL, NULL, 0, NULL, NULL, 0, 0, 24, 7),
('Nadun2024-12-22', '2024-12-22 08:23:07.000000', '2024-12-22 08:23:07.000000', '?', '2024-12-22', NULL, NULL, 0, NULL, NULL, 0, 0, 24, 7),
('Nadun2024-12-23', '2024-12-23 09:17:21.000000', '2024-12-23 09:17:21.000000', '?', '2024-12-23', NULL, NULL, 0, NULL, NULL, 0, 0, 24, 7),
('Nadun2024-12-27', '2024-12-27 08:09:04.000000', '2024-12-27 08:09:04.000000', '?', '2024-12-27', NULL, NULL, 0, NULL, NULL, 0, 0, 24, 7),
('Nadun2024-12-28', '2024-12-28 08:30:50.000000', '2024-12-28 08:30:50.000000', '?', '2024-12-28', NULL, NULL, 0, NULL, NULL, 0, 0, 24, 7),
('Nadun2024-12-29', '2024-12-29 08:37:18.000000', '2024-12-29 08:37:18.000000', '?', '2024-12-29', NULL, NULL, 0, NULL, NULL, 0, 0, 24, 7),
('Nadun2024-12-30', '2024-12-30 08:03:42.000000', '2024-12-30 08:03:42.000000', '?', '2024-12-30', NULL, NULL, 0, NULL, NULL, 0, 0, 24, 7),
('Nadun2024-12-31', '2024-12-31 07:20:56.000000', '2024-12-31 07:20:56.000000', '?', '2024-12-31', NULL, NULL, 0, NULL, NULL, 0, 0, 24, 7),
('Nipuna2024-10-01', '2024-10-01 16:05:35.000000', '2024-10-01 16:05:35.000000', '?', '2024-10-01', NULL, NULL, 0, NULL, NULL, 0, 0, 30, 8),
('Nipuna2024-11-30', '2024-11-30 13:16:15.000000', '2024-11-30 13:16:15.000000', '?', '2024-11-30', NULL, NULL, 0, NULL, NULL, 0, 0, 30, 8),
('Nirmal2024-10-01', NULL, NULL, NULL, '2024-10-01', NULL, NULL, NULL, NULL, NULL, NULL, NULL, 14, NULL),
('Nirmal2024-10-02', '2024-10-03 00:01:33.000000', '2024-10-02 15:24:26.000000', '0.5', '2024-10-02', NULL, 24, 24, NULL, 1, 1, 517, 14, 4),
('Nirmal2024-10-03', '2024-10-03 18:22:34.000000', '2024-10-03 07:06:19.000000', '1', '2024-10-03', NULL, 6, 6, NULL, 142, 142, 676, 14, 3),
('Nirmal2024-10-04', '2024-10-04 23:42:33.000000', '2024-10-04 15:00:42.000000', '0.5', '2024-10-04', 17, 0, 17, NULL, NULL, 0, 521, 14, 4),
('Nirmal2024-10-05', '2024-10-06 00:04:27.000000', '2024-10-05 14:57:29.000000', '1', '2024-10-05', NULL, NULL, 0, 2, 4, 6, 546, 14, 4),
('Nirmal2024-10-06', '2024-10-06 16:07:06.000000', '2024-10-06 07:00:58.000000', '1', '2024-10-06', NULL, 0, 0, NULL, 7, 7, 546, 14, 3),
('Nirmal2024-10-07', '2024-10-08 00:00:49.000000', '2024-10-07 15:01:56.000000', '0.5', '2024-10-07', 0, 1, 1, NULL, NULL, 0, 538, 14, 4),
('Nirmal2024-10-08', '2024-10-08 16:55:26.000000', '2024-10-08 07:03:51.000000', '1', '2024-10-08', NULL, 3, 3, NULL, 55, 55, 591, 14, 3),
('Nirmal2024-10-09', '2024-10-10 00:00:10.000000', '2024-10-09 14:57:53.000000', '1', '2024-10-09', 0, NULL, 0, 2, NULL, 2, 542, 14, 4),
('Nirmal2024-10-10', '2024-10-11 00:00:13.000000', '2024-10-10 14:58:27.000000', '1', '2024-10-10', 0, NULL, 0, 1, NULL, 1, 541, 14, 4),
('Nirmal2024-10-11', '2024-10-12 00:03:38.000000', '2024-10-11 15:13:24.000000', '0.5', '2024-10-11', NULL, 13, 13, NULL, 3, 3, 530, 14, 4),
('Nirmal2024-10-12', '2024-10-13 00:21:26.000000', '2024-10-12 15:01:43.000000', '1', '2024-10-12', NULL, 1, 1, NULL, 21, 21, 559, 14, 4),
('Nirmal2024-10-13', '2024-10-14 00:15:09.000000', '2024-10-13 14:55:56.000000', '1', '2024-10-13', NULL, NULL, 0, 4, 15, 19, 559, 14, 4),
('Nirmal2024-10-14', '2024-10-14 16:29:54.000000', '2024-10-14 07:31:10.000000', '0.5', '2024-10-14', NULL, 31, 31, NULL, 29, 29, 538, 14, 3),
('Nirmal2024-10-15', '2024-10-16 00:06:59.000000', '2024-10-15 15:02:04.000000', '1', '2024-10-15', NULL, 2, 2, NULL, 6, 6, 544, 14, 4),
('Nirmal2024-10-16', '2024-10-16 16:50:52.000000', '2024-10-16 06:59:51.000000', '1', '2024-10-16', NULL, 0, 0, NULL, 50, 50, 591, 14, 3),
('Nirmal2024-10-18', '2024-10-19 00:00:29.000000', '2024-10-18 16:38:25.000000', '0.5', '2024-10-18', 0, 98, 98, NULL, NULL, 0, 442, 14, 4),
('Nirmal2024-10-19', '2024-10-20 00:09:01.000000', '2024-10-19 15:02:24.000000', '1', '2024-10-19', NULL, 2, 2, NULL, 9, 9, 546, 14, 4),
('Nirmal2024-10-20', '2024-10-20 20:11:36.000000', '2024-10-20 07:09:12.000000', '1', '2024-10-20', NULL, 9, 9, NULL, 251, 251, 782, 14, 3),
('Nirmal2024-10-21', '2024-10-21 23:13:39.000000', '2024-10-21 07:22:10.000000', '1', '2024-10-21', NULL, 22, 22, NULL, 433, 433, 951, 14, 3),
('Nirmal2024-10-22', '2024-10-23 00:04:20.000000', '2024-10-22 14:54:04.000000', '1', '2024-10-22', NULL, NULL, 0, 5, 4, 9, 550, 14, 4),
('Nirmal2024-10-23', '2024-10-23 21:52:23.000000', '2024-10-23 07:05:05.000000', '1', '2024-10-23', NULL, 5, 5, NULL, 352, 352, 887, 14, 3),
('Nirmal2024-10-24', '2024-10-25 00:00:50.000000', '2024-10-24 17:52:09.000000', '0.5', '2024-10-24', 0, 172, 172, NULL, NULL, 0, 368, 14, 4),
('Nirmal2024-10-25', '2024-10-26 00:04:33.000000', '2024-10-25 16:42:16.000000', '0.5', '2024-10-25', NULL, 102, 102, NULL, 4, 4, 442, 14, 4),
('Nirmal2024-10-26', '2024-10-27 00:04:47.000000', '2024-10-26 13:59:52.000000', '1', '2024-10-26', NULL, NULL, 0, 60, 4, 64, 604, 14, 4),
('Nirmal2024-10-27', '2024-10-28 00:13:48.000000', '2024-10-27 14:46:40.000000', '1', '2024-10-27', NULL, NULL, 0, 13, 13, 26, 567, 14, 4),
('Nirmal2024-10-28', '2024-10-29 00:09:53.000000', '2024-10-28 10:18:07.000000', '1', '2024-10-28', NULL, 198, 198, NULL, 489, 489, 831, 14, 3),
('Nirmal2024-10-29', '2024-10-30 00:18:04.000000', '2024-10-29 09:56:45.000000', '1', '2024-10-29', NULL, 176, 176, NULL, 498, 498, 861, 14, 3),
('Nirmal2024-10-30', '2024-10-30 23:04:18.000000', '2024-10-30 10:00:17.000000', '1', '2024-10-30', NULL, 180, 180, NULL, 424, 424, 784, 14, 3),
('Nirmal2024-10-31', '2024-10-31 23:15:38.000000', '2024-10-31 10:08:19.000000', '1', '2024-10-31', NULL, 188, 188, NULL, 435, 435, 787, 14, 3),
('Nirmal2024-11-01', '2024-11-02 00:03:57.000000', '2024-11-01 18:53:13.000000', 'ab', '2024-11-01', NULL, 233, 233, NULL, 3, 3, 310, 14, 4),
('Nirmal2024-11-02', '2024-11-03 00:24:22.000000', '2024-11-02 14:56:53.000000', '1', '2024-11-02', NULL, NULL, 0, 3, 24, 27, 567, 14, 4),
('Nirmal2024-11-03', '2024-11-03 19:33:55.000000', '2024-11-03 07:20:29.000000', '1', '2024-11-03', NULL, 20, 20, NULL, 213, 213, 733, 14, 3),
('Nirmal2024-11-04', '2024-11-05 00:15:50.000000', '2024-11-04 14:53:54.000000', '1', '2024-11-04', NULL, NULL, 0, 6, 15, 21, 561, 14, 4),
('Nirmal2024-11-05', '2024-11-05 18:57:05.000000', '2024-11-05 07:29:12.000000', '1', '2024-11-05', NULL, 29, 29, NULL, 177, 177, 687, 14, 3),
('Nirmal2024-11-06', '2024-11-06 14:53:16.000000', '2024-11-06 14:53:16.000000', '?', '2024-11-06', NULL, NULL, 0, NULL, NULL, 0, 0, 14, 4),
('Nirmal2024-11-07', '2024-11-08 00:01:24.000000', '2024-11-07 19:21:52.000000', 'ab', '2024-11-07', NULL, 261, 261, NULL, 1, 1, 279, 14, 4),
('Nirmal2024-11-08', '2024-11-09 00:16:15.000000', '2024-11-08 18:47:23.000000', 'ab', '2024-11-08', NULL, 227, 227, NULL, 16, 16, 328, 14, 4),
('Nirmal2024-11-09', '2024-11-10 00:10:50.000000', '2024-11-09 18:19:13.000000', '0.5', '2024-11-09', NULL, 199, 199, NULL, 10, 10, 351, 14, 4),
('Nirmal2024-11-10', '2024-11-10 22:04:41.000000', '2024-11-10 07:04:21.000000', '1', '2024-11-10', NULL, 4, 4, NULL, 364, 364, 900, 14, 3),
('Nirmal2024-11-11', '2024-11-12 00:03:39.000000', '2024-11-11 14:58:35.000000', '1', '2024-11-11', NULL, NULL, 0, 1, 3, 4, 545, 14, 4),
('Nirmal2024-11-12', '2024-11-13 00:12:03.000000', '2024-11-12 14:56:18.000000', '1', '2024-11-12', NULL, NULL, 0, 3, 12, 15, 555, 14, 4),
('Nirmal2024-11-13', '2024-11-14 00:22:47.000000', '2024-11-13 12:46:42.000000', '1', '2024-11-13', NULL, NULL, 0, 133, 22, 155, 696, 14, 4),
('Nirmal2024-11-16', '2024-11-17 00:04:59.000000', '2024-11-16 14:51:42.000000', '1', '2024-11-16', NULL, NULL, 0, 8, 4, 12, 553, 14, 4),
('Nirmal2024-11-17', '2024-11-18 00:07:13.000000', '2024-11-17 14:59:16.000000', '1', '2024-11-17', NULL, 0, 0, NULL, 7, 7, 547, 14, 4),
('Nirmal2024-11-18', '2024-11-18 16:25:31.000000', '2024-11-18 07:07:46.000000', '1', '2024-11-18', NULL, 7, 7, NULL, 25, 25, 557, 14, 3),
('Nirmal2024-11-19', '2024-11-20 00:01:55.000000', '2024-11-19 14:53:50.000000', '1', '2024-11-19', NULL, NULL, 0, 6, 1, 7, 548, 14, 4),
('Nirmal2024-11-20', '2024-11-20 23:58:57.000000', '2024-11-20 07:20:07.000000', '1', '2024-11-20', NULL, 20, 20, NULL, 478, 478, 998, 14, 3),
('Nirmal2024-11-21', '2024-11-22 00:02:48.000000', '2024-11-21 18:57:29.000000', 'ab', '2024-11-21', NULL, 237, 237, NULL, 2, 2, 305, 14, 4),
('Nirmal2024-11-22', '2024-11-23 00:19:37.000000', '2024-11-22 14:57:43.000000', '1', '2024-11-22', NULL, NULL, 0, 2, 19, 21, 561, 14, 4),
('Nirmal2024-11-23', '2024-11-24 00:20:05.000000', '2024-11-23 18:54:19.000000', 'ab', '2024-11-23', NULL, 234, 234, NULL, 20, 20, 325, 14, 4),
('Nirmal2024-11-24', '2024-11-25 00:19:56.000000', '2024-11-24 14:00:14.000000', '1', '2024-11-24', NULL, NULL, 0, 59, 19, 78, 619, 14, 4),
('Nirmal2024-11-25', '2024-11-25 23:07:57.000000', '2024-11-25 07:22:59.000000', '1', '2024-11-25', NULL, 22, 22, NULL, 427, 427, 944, 14, 3),
('Nirmal2024-11-26', '2024-11-27 00:12:33.000000', '2024-11-26 15:00:53.000000', '1', '2024-11-26', NULL, 0, 0, NULL, 12, 12, 551, 14, 4),
('Nirmal2024-11-27', '2024-11-28 00:19:48.000000', '2024-11-27 14:57:54.000000', '1', '2024-11-27', NULL, NULL, 0, 2, 19, 21, 561, 14, 4),
('Nirmal2024-11-28', '2024-11-29 00:13:45.000000', '2024-11-28 15:06:58.000000', '1', '2024-11-28', NULL, 6, 6, NULL, 13, 13, 546, 14, 4),
('Nirmal2024-11-29', '2024-11-30 00:15:24.000000', '2024-11-29 15:39:57.000000', '0.5', '2024-11-29', NULL, 39, 39, NULL, 15, 15, 515, 14, 4),
('Nirmal2024-11-30', '2024-11-30 21:23:48.000000', '2024-11-30 21:23:48.000000', '?', '2024-11-30', NULL, NULL, 0, NULL, NULL, 0, 0, 14, 4),
('Nirmal2024-12-01', '2024-12-02 00:02:56.000000', '2024-12-01 14:53:14.000000', '1', '2024-12-01', NULL, NULL, 0, 6, 2, 8, 549, 14, 4),
('Nirmal2024-12-02', '2024-12-03 00:15:24.000000', '2024-12-02 14:55:24.000000', '1', '2024-12-02', NULL, NULL, 0, 4, 15, 19, 560, 14, 4),
('Nirmal2024-12-03', '2024-12-04 00:16:37.000000', '2024-12-03 12:00:03.000000', '1', '2024-12-03', NULL, NULL, 0, 179, 16, 195, 736, 14, 4),
('Nirmal2024-12-04', '2024-12-04 22:30:16.000000', '2024-12-04 07:11:22.000000', '1', '2024-12-04', NULL, 11, 11, NULL, 390, 390, 918, 14, 3),
('Nirmal2024-12-05', '2024-12-06 00:00:59.000000', '2024-12-05 15:20:13.000000', '0.5', '2024-12-05', 0, 20, 20, NULL, NULL, 0, 520, 14, 4),
('Nirmal2024-12-06', '2024-12-07 00:03:35.000000', '2024-12-06 06:45:24.000000', '1', '2024-12-06', NULL, NULL, 0, 14, 483, 497, 1038, 14, 3),
('Nirmal2024-12-07', '2024-12-08 00:41:43.000000', '2024-12-07 14:42:52.000000', '1', '2024-12-07', NULL, NULL, 0, 17, 41, 58, 598, 14, 4),
('Nirmal2024-12-09', '2024-12-10 00:05:10.000000', '2024-12-09 14:41:48.000000', '1', '2024-12-09', NULL, NULL, 0, 18, 5, 23, 563, 14, 4),
('Nirmal2024-12-10', '2024-12-10 22:01:39.000000', '2024-12-10 07:09:38.000000', '1', '2024-12-10', NULL, 9, 9, NULL, 361, 361, 892, 14, 3),
('Nirmal2024-12-11', '2024-12-11 17:54:02.000000', '2024-12-11 07:08:56.000000', '1', '2024-12-11', NULL, 8, 8, NULL, 114, 114, 645, 14, 3),
('Nirmal2024-12-14', '2024-12-14 22:11:52.000000', '2024-12-14 15:13:40.000000', '0.5', '2024-12-14', 108, 13, 121, NULL, NULL, 0, 418, 14, 4),
('Nirmal2024-12-15', '2024-12-16 00:43:47.000000', '2024-12-15 07:06:58.000000', '1', '2024-12-15', NULL, 6, 6, NULL, 523, 523, 1056, 14, 3),
('Nirmal2024-12-16', '2024-12-17 00:12:05.000000', '2024-12-16 14:49:04.000000', '1', '2024-12-16', NULL, NULL, 0, 10, 12, 22, 563, 14, 4),
('Nirmal2024-12-17', '2024-12-18 00:10:12.000000', '2024-12-17 14:59:56.000000', '1', '2024-12-17', NULL, 0, 0, NULL, 10, 10, 550, 14, 4),
('Nirmal2024-12-18', '2024-12-19 00:18:12.000000', '2024-12-18 07:14:13.000000', '1', '2024-12-18', NULL, 14, 14, NULL, 498, 498, 1023, 14, 3),
('Nirmal2024-12-19', '2024-12-20 01:03:49.000000', '2024-12-19 15:01:24.000000', '1', '2024-12-19', NULL, 1, 1, NULL, 63, 63, 602, 14, 4),
('Nirmal2024-12-20', '2024-12-20 23:14:40.000000', '2024-12-20 08:01:12.000000', '1', '2024-12-20', NULL, 61, 61, NULL, 434, 434, 913, 14, 3),
('Nirmal2024-12-21', '2024-12-22 00:25:12.000000', '2024-12-21 14:53:50.000000', '1', '2024-12-21', NULL, NULL, 0, 6, 25, 31, 571, 14, 4),
('Nirmal2024-12-22', '2024-12-23 00:20:27.000000', '2024-12-22 13:32:23.000000', '1', '2024-12-22', NULL, NULL, 0, 87, 20, 107, 648, 14, 4),
('Nirmal2024-12-23', '2024-12-24 00:23:43.000000', '2024-12-23 07:12:00.000000', '1', '2024-12-23', NULL, 12, 12, NULL, 503, 503, 1031, 14, 3),
('Nirmal2024-12-24', '2024-12-25 00:24:19.000000', '2024-12-24 15:01:10.000000', '1', '2024-12-24', NULL, 1, 1, NULL, 24, 24, 563, 14, 4),
('Nirmal2024-12-25', '2024-12-25 23:09:34.000000', '2024-12-25 07:32:17.000000', '1', '2024-12-25', NULL, 32, 32, NULL, 429, 429, 937, 14, 3),
('Nirmal2024-12-26', '2024-12-27 00:16:14.000000', '2024-12-26 07:24:07.000000', '1', '2024-12-26', NULL, 24, 24, NULL, 496, 496, 1012, 14, 3),
('Nirmal2024-12-27', '2024-12-28 00:07:07.000000', '2024-12-27 13:03:24.000000', '1', '2024-12-27', NULL, NULL, 0, 116, 7, 123, 663, 14, 4),
('Nirmal2024-12-28', '2024-12-28 21:15:36.000000', '2024-12-28 07:04:57.000000', '1', '2024-12-28', NULL, 4, 4, NULL, 315, 315, 850, 14, 3),
('Nirmal2024-12-29', '2024-12-30 00:00:09.000000', '2024-12-29 14:54:38.000000', '1', '2024-12-29', 0, NULL, 0, 5, NULL, 5, 545, 14, 4),
('Nirmal2024-12-30', '2024-12-30 23:04:40.000000', '2024-12-30 07:01:00.000000', '1', '2024-12-30', NULL, 1, 1, NULL, 424, 424, 963, 14, 3),
('Nirmal2024-12-31', '2025-01-01 00:42:29.000000', '2024-12-31 14:27:37.000000', '1', '2024-12-31', NULL, NULL, 0, 32, 42, 74, 614, 14, 4),
('Nirmal2025-01-01', '2025-01-01 07:40:40.000000', '2025-01-01 07:40:40.000000', '?', '2025-01-01', NULL, NULL, 0, NULL, NULL, 0, 0, 14, 3),
('Nirwan2024-10-04', '2024-10-05 00:06:11.000000', '2024-10-04 14:33:50.000000', '1', '2024-10-04', NULL, 3, 3, NULL, 36, 36, 572, 31, 2),
('Nirwan2024-10-05', '2024-10-05 23:31:39.000000', '2024-10-05 14:29:36.000000', '1', '2024-10-05', NULL, 0, 0, NULL, 1, 1, 542, 31, 2),
('Nirwan2024-10-06', '2024-10-06 23:33:29.000000', '2024-10-06 14:33:46.000000', '0.5', '2024-10-06', NULL, 3, 3, NULL, 3, 3, 539, 31, 2),
('Nirwan2024-10-07', '2024-10-07 23:31:47.000000', '2024-10-07 14:27:52.000000', '1', '2024-10-07', NULL, NULL, 0, 2, 1, 3, 543, 31, 2),
('Nirwan2024-10-08', '2024-10-08 23:50:09.000000', '2024-10-08 14:30:38.000000', '1', '2024-10-08', NULL, 0, 0, NULL, 20, 20, 559, 31, 2),
('Nirwan2024-10-09', '2024-10-09 16:34:56.000000', '2024-10-09 07:25:12.000000', '1', '2024-10-09', NULL, NULL, 0, 4, 4, 8, 549, 31, 1),
('Nirwan2024-10-10', '2024-10-10 23:39:49.000000', '2024-10-10 14:30:16.000000', '1', '2024-10-10', NULL, 0, 0, NULL, 9, 9, 549, 31, 2),
('Nirwan2024-10-11', '2024-10-11 23:43:59.000000', '2024-10-11 14:40:45.000000', '1', '2024-10-11', NULL, 10, 10, NULL, 13, 13, 543, 31, 2),
('Nirwan2024-10-12', '2024-10-12 07:12:10.000000', '2024-10-12 07:12:10.000000', '?', '2024-10-12', NULL, NULL, 0, NULL, NULL, 0, 0, 31, 1),
('Nirwan2024-10-13', '2024-10-13 23:44:23.000000', '2024-10-13 14:29:24.000000', '1', '2024-10-13', NULL, 0, 0, NULL, 14, 14, 554, 31, 2),
('Nirwan2024-10-14', '2024-10-14 23:43:59.000000', '2024-10-14 07:50:13.000000', '1', '2024-10-14', NULL, 20, 20, NULL, 433, 433, 953, 31, 1),
('Nirwan2024-10-15', '2024-10-15 23:17:32.000000', '2024-10-15 14:29:45.000000', '0.5', '2024-10-15', 12, 0, 12, NULL, NULL, 0, 527, 31, 2),
('Nirwan2024-10-16', '2024-10-16 16:40:25.000000', '2024-10-16 06:52:17.000000', '1', '2024-10-16', NULL, NULL, 0, 37, 10, 47, 588, 31, 1),
('Nirwan2024-10-17', '2024-10-17 23:05:22.000000', '2024-10-17 14:34:53.000000', '0.5', '2024-10-17', 24, 4, 28, NULL, NULL, 0, 510, 31, 2),
('Nirwan2024-10-18', '2024-10-18 23:14:20.000000', '2024-10-18 14:27:03.000000', '0.5', '2024-10-18', 15, NULL, 15, 2, NULL, 2, 527, 31, 2),
('Nirwan2024-10-19', '2024-10-19 16:38:39.000000', '2024-10-19 07:31:11.000000', '1', '2024-10-19', NULL, 1, 1, NULL, 8, 8, 547, 31, 1),
('Nirwan2024-10-20', '2024-10-20 23:11:48.000000', '2024-10-20 07:26:39.000000', '1', '2024-10-20', NULL, NULL, 0, 3, 401, 404, 945, 31, 1),
('Nirwan2024-10-21', '2024-10-21 16:58:18.000000', '2024-10-21 07:02:51.000000', '1', '2024-10-21', NULL, NULL, 0, 27, 28, 55, 595, 31, 1),
('Nirwan2024-10-22', '2024-10-22 23:54:55.000000', '2024-10-22 14:30:58.000000', '1', '2024-10-22', NULL, 0, 0, NULL, 24, 24, 563, 31, 2),
('Nirwan2024-10-23', '2024-10-23 23:16:54.000000', '2024-10-23 07:29:59.000000', '1', '2024-10-23', NULL, 0, 0, NULL, 406, 406, 946, 31, 1),
('Nirwan2024-10-24', '2024-10-24 16:36:51.000000', '2024-10-24 06:02:47.000000', '1', '2024-10-24', NULL, NULL, 0, 87, 6, 93, 634, 31, 1),
('Nirwan2024-10-25', '2024-10-25 16:45:01.000000', '2024-10-25 07:12:00.000000', '1', '2024-10-25', NULL, NULL, 0, 18, 15, 33, 573, 31, 1),
('Nirwan2024-10-26', '2024-10-26 23:35:26.000000', '2024-10-26 10:54:12.000000', '1', '2024-10-26', NULL, 204, 204, NULL, 425, 425, 761, 31, 1),
('Nirwan2024-10-27', '2024-10-27 23:29:36.000000', '2024-10-27 14:17:35.000000', '1', '2024-10-27', 0, NULL, 0, 12, NULL, 12, 552, 31, 2),
('Nirwan2024-10-28', '2024-10-28 16:42:51.000000', '2024-10-28 06:35:15.000000', '1', '2024-10-28', NULL, NULL, 0, 54, 12, 66, 607, 31, 1),
('Nirwan2024-10-29', '2024-10-29 06:36:40.000000', '2024-10-29 06:36:40.000000', '?', '2024-10-29', NULL, NULL, 0, NULL, NULL, 0, 0, 31, 1),
('Nirwan2024-11-01', '2024-11-01 23:22:25.000000', '2024-11-01 14:15:59.000000', '1', '2024-11-01', 7, NULL, 7, 14, NULL, 14, 546, 31, 2),
('Nirwan2024-11-02', '2024-11-02 16:39:10.000000', '2024-11-02 06:29:24.000000', '1', '2024-11-02', NULL, NULL, 0, 60, 9, 69, 609, 31, 1),
('Nirwan2024-11-03', '2024-11-03 23:48:29.000000', '2024-11-03 14:31:21.000000', '1', '2024-11-03', NULL, 1, 1, NULL, 18, 18, 557, 31, 2),
('Nirwan2024-11-04', '2024-11-04 23:38:07.000000', '2024-11-04 12:02:34.000000', '1', '2024-11-04', NULL, NULL, 0, 147, 8, 155, 695, 31, 2),
('Nirwan2024-11-05', '2024-11-05 23:43:14.000000', '2024-11-05 14:22:18.000000', '1', '2024-11-05', NULL, NULL, 0, 7, 13, 20, 560, 31, 2),
('Nirwan2024-11-06', '2024-11-06 23:03:48.000000', '2024-11-06 06:58:51.000000', '1', '2024-11-06', NULL, NULL, 0, 31, 393, 424, 964, 31, 1),
('Nirwan2024-11-07', '2024-11-07 17:15:32.000000', '2024-11-07 06:19:05.000000', '1', '2024-11-07', NULL, NULL, 0, 70, 45, 115, 656, 31, 1),
('Nirwan2024-11-08', '2024-11-08 23:49:42.000000', '2024-11-08 06:35:46.000000', '1', '2024-11-08', NULL, NULL, 0, 54, 439, 493, 1033, 31, 1),
('Nirwan2024-11-09', '2024-11-09 15:50:10.000000', '2024-11-09 06:26:06.000000', '1', '2024-11-09', 39, NULL, 39, 63, NULL, 63, 564, 31, 1),
('Nirwan2024-11-12', '2024-11-12 23:25:44.000000', '2024-11-12 14:27:29.000000', '0.5', '2024-11-12', 4, NULL, 4, 2, NULL, 2, 538, 31, 2),
('Nirwan2024-11-13', '2024-11-13 16:53:28.000000', '2024-11-13 06:11:20.000000', '1', '2024-11-13', NULL, NULL, 0, 78, 23, 101, 642, 31, 1),
('Nirwan2024-11-14', '2024-11-14 21:48:03.000000', '2024-11-14 06:36:08.000000', '1', '2024-11-14', NULL, NULL, 0, 53, 318, 371, 911, 31, 1),
('Nirwan2024-11-15', '2024-11-15 21:55:39.000000', '2024-11-15 14:19:48.000000', '0.5', '2024-11-15', 94, NULL, 94, 10, NULL, 10, 455, 31, 2),
('Nirwan2024-11-16', '2024-11-16 23:10:36.000000', '2024-11-16 14:08:38.000000', '1', '2024-11-16', 19, NULL, 19, 21, NULL, 21, 541, 31, 2),
('Nirwan2024-11-17', '2024-11-17 23:16:49.000000', '2024-11-17 06:21:03.000000', '1', '2024-11-17', NULL, NULL, 0, 68, 406, 474, 1015, 31, 1),
('Nirwan2024-11-18', '2024-11-18 23:11:14.000000', '2024-11-18 14:24:18.000000', '0.5', '2024-11-18', 18, NULL, 18, 5, NULL, 5, 526, 31, 2),
('Nirwan2024-11-19', '2024-11-19 23:21:53.000000', '2024-11-19 14:15:50.000000', '1', '2024-11-19', 8, NULL, 8, 14, NULL, 14, 546, 31, 2),
('Nirwan2024-11-20', '2024-11-20 23:08:30.000000', '2024-11-20 14:21:58.000000', '0.5', '2024-11-20', 21, NULL, 21, 8, NULL, 8, 526, 31, 2),
('Nirwan2024-11-21', '2024-11-21 16:43:09.000000', '2024-11-21 06:26:26.000000', '1', '2024-11-21', NULL, NULL, 0, 63, 13, 76, 616, 31, 1),
('Nirwan2024-11-22', '2024-11-22 23:18:05.000000', '2024-11-22 14:08:44.000000', '1', '2024-11-22', 11, NULL, 11, 21, NULL, 21, 549, 31, 2),
('Nirwan2024-11-23', '2024-11-23 23:32:04.000000', '2024-11-23 14:21:49.000000', '1', '2024-11-23', NULL, NULL, 0, 8, 2, 10, 550, 31, 2),
('Nirwan2024-11-24', '2024-11-25 00:10:03.000000', '2024-11-24 06:36:43.000000', '1', '2024-11-24', NULL, NULL, 0, 53, 460, 513, 1053, 31, 1),
('Nirwan2024-11-25', '2024-11-25 23:41:54.000000', '2024-11-25 14:18:30.000000', '1', '2024-11-25', NULL, NULL, 0, 11, 11, 22, 563, 31, 2),
('Nirwan2024-11-26', '2024-11-26 16:42:15.000000', '2024-11-26 06:25:47.000000', '1', '2024-11-26', NULL, NULL, 0, 64, 12, 76, 616, 31, 1),
('Nirwan2024-11-27', '2024-11-27 23:37:20.000000', '2024-11-27 14:16:02.000000', '1', '2024-11-27', NULL, NULL, 0, 13, 7, 20, 561, 31, 2),
('Nirwan2024-11-28', '2024-11-28 15:39:45.000000', '2024-11-28 06:37:58.000000', '1', '2024-11-28', 50, NULL, 50, 52, NULL, 52, 541, 31, 1),
('Nirwan2024-12-02', '2024-12-02 23:41:58.000000', '2024-12-02 15:13:34.000000', '0.5', '2024-12-02', NULL, 43, 43, NULL, 11, 11, 508, 31, 2),
('Nirwan2024-12-03', '2024-12-03 23:36:45.000000', '2024-12-03 14:24:27.000000', '1', '2024-12-03', NULL, NULL, 0, 5, 6, 11, 552, 31, 2),
('Nirwan2024-12-04', '2024-12-04 16:44:13.000000', '2024-12-04 07:09:32.000000', '1', '2024-12-04', NULL, NULL, 0, 20, 14, 34, 574, 31, 1),
('Nirwan2024-12-05', '2024-12-05 17:50:37.000000', '2024-12-05 08:29:49.000000', '1', '2024-12-05', NULL, 59, 59, NULL, 80, 80, 560, 31, 1),
('Nirwan2024-12-06', '2024-12-06 23:39:38.000000', '2024-12-06 06:34:12.000000', '1', '2024-12-06', NULL, NULL, 0, 55, 429, 484, 1025, 31, 1),
('Nirwan2024-12-07', '2024-12-07 23:39:14.000000', '2024-12-07 14:22:27.000000', '1', '2024-12-07', NULL, NULL, 0, 7, 9, 16, 556, 31, 2),
('Nirwan2024-12-08', '2024-12-08 23:55:07.000000', '2024-12-08 14:31:24.000000', '1', '2024-12-08', NULL, 1, 1, NULL, 25, 25, 563, 31, 2),
('Nirwan2024-12-09', '2024-12-09 23:45:08.000000', '2024-12-09 14:19:02.000000', '1', '2024-12-09', NULL, NULL, 0, 10, 15, 25, 566, 31, 2),
('Nirwan2024-12-10', '2024-12-10 17:13:37.000000', '2024-12-10 07:51:05.000000', '1', '2024-12-10', NULL, 21, 21, NULL, 43, 43, 562, 31, 1),
('Nirwan2024-12-11', '2024-12-12 00:01:17.000000', '2024-12-11 05:54:24.000000', '1', '2024-12-11', NULL, NULL, 0, 95, 451, 546, 1086, 31, 1),
('Nirwan2024-12-12', '2024-12-13 00:36:31.000000', '2024-12-12 14:38:37.000000', '1', '2024-12-12', NULL, 8, 8, NULL, 66, 66, 597, 31, 2),
('Nirwan2024-12-13', '2024-12-13 23:47:19.000000', '2024-12-13 07:23:20.000000', '1', '2024-12-13', NULL, NULL, 0, 6, 437, 443, 983, 31, 1),
('Nirwan2024-12-14', '2024-12-14 22:01:05.000000', '2024-12-14 14:20:03.000000', '0.5', '2024-12-14', 88, NULL, 88, 9, NULL, 9, 461, 31, 2),
('Nirwan2024-12-15', '2024-12-15 07:20:27.000000', '2024-12-15 07:20:27.000000', '?', '2024-12-15', NULL, NULL, 0, NULL, NULL, 0, 0, 31, 1),
('Nirwan2024-12-20', '2024-12-20 23:31:43.000000', '2024-12-20 14:27:10.000000', '1', '2024-12-20', NULL, NULL, 0, 2, 1, 3, 544, 31, 2),
('Nirwan2024-12-21', '2024-12-21 23:53:21.000000', '2024-12-21 07:24:39.000000', '1', '2024-12-21', NULL, NULL, 0, 5, 443, 448, 988, 31, 1),
('Nirwan2024-12-22', '2024-12-22 16:41:18.000000', '2024-12-22 07:28:54.000000', '1', '2024-12-22', NULL, NULL, 0, 1, 11, 12, 552, 31, 1),
('Nirwan2024-12-23', '2024-12-23 23:41:05.000000', '2024-12-23 14:28:35.000000', '1', '2024-12-23', NULL, NULL, 0, 1, 11, 12, 552, 31, 2),
('Nirwan2024-12-24', '2024-12-24 23:55:17.000000', '2024-12-24 11:44:17.000000', '1', '2024-12-24', NULL, 254, 254, NULL, 445, 445, 731, 31, 1),
('Nirwan2024-12-25', '2024-12-25 23:11:51.000000', '2024-12-25 07:40:00.000000', '1', '2024-12-25', NULL, 10, 10, NULL, 401, 401, 931, 31, 1),
('Nirwan2024-12-26', '2024-12-26 16:38:52.000000', '2024-12-26 06:12:11.000000', '1', '2024-12-26', NULL, NULL, 0, 77, 8, 85, 626, 31, 1),
('Nirwan2024-12-27', '2024-12-27 23:31:27.000000', '2024-12-27 14:22:07.000000', '1', '2024-12-27', NULL, NULL, 0, 7, 1, 8, 549, 31, 2),
('Nirwan2024-12-28', '2024-12-28 23:17:47.000000', '2024-12-28 07:27:48.000000', '1', '2024-12-28', NULL, NULL, 0, 2, 407, 409, 949, 31, 1),
('Nirwan2024-12-29', '2024-12-29 23:18:10.000000', '2024-12-29 16:07:27.000000', '0.5', '2024-12-29', 11, 97, 108, NULL, NULL, 0, 430, 31, 2),
('Nirwan2024-12-30', '2024-12-30 23:39:03.000000', '2024-12-30 07:40:00.000000', '1', '2024-12-30', NULL, 10, 10, NULL, 429, 429, 959, 31, 1),
('Nirwan2024-12-31', '2025-01-01 00:30:48.000000', '2024-12-31 07:32:13.000000', '1', '2024-12-31', NULL, 2, 2, NULL, 480, 480, 1018, 31, 1),
('Nirwan2025-01-01', '2025-01-01 23:36:17.000000', '2025-01-01 06:35:07.000000', '1', '2025-01-01', NULL, NULL, 0, 54, 426, 480, 1021, 31, 1),
('Piyumi2024-10-01', NULL, NULL, NULL, '2024-10-01', NULL, NULL, NULL, NULL, NULL, NULL, NULL, 3, NULL),
('Piyumi2024-10-02', '2024-10-02 18:24:37.000000', '2024-10-02 08:29:44.000000', '1', '2024-10-02', NULL, 29, 29, NULL, 84, 84, 594, 3, 5),
('Piyumi2024-10-03', '2024-10-03 16:55:02.000000', '2024-10-03 16:55:02.000000', '?', '2024-10-03', NULL, NULL, 0, NULL, NULL, 0, 0, 3, 5),
('Piyumi2024-10-13', '2024-10-13 15:55:59.000000', '2024-10-13 08:46:00.000000', '0.5', '2024-10-13', 64, 46, 110, NULL, NULL, 0, 429, 3, 5),
('Piyumi2024-11-01', NULL, NULL, NULL, '2024-11-01', NULL, NULL, NULL, NULL, NULL, NULL, NULL, 3, NULL);
INSERT INTO `attendance` (`attendance_record_id`, `actual_end_time`, `actual_start_time`, `attendance`, `date`, `lc_early_clockout_mins`, `lc_late_clockin_mins`, `lc_mins`, `ot_early_clockin_mins`, `ot_late_clockout_mins`, `ot_mins`, `work_mins`, `employee_id`, `shift_id`) VALUES
('Piyumi2024-11-02', '2024-11-02 09:04:01.000000', '2024-11-02 09:04:01.000000', '?', '2024-11-02', NULL, NULL, 0, NULL, NULL, 0, 0, 3, 5),
('Piyumi2024-11-03', '2024-11-03 09:50:44.000000', '2024-11-03 09:50:44.000000', '?', '2024-11-03', NULL, NULL, 0, NULL, NULL, 0, 0, 3, 5),
('Piyumi2024-12-28', '2024-12-28 09:33:53.000000', '2024-12-28 09:33:53.000000', '?', '2024-12-28', NULL, NULL, 0, NULL, NULL, 0, 0, 3, 5),
('Piyumi2024-12-29', '2024-12-29 09:07:54.000000', '2024-12-29 09:07:54.000000', '?', '2024-12-29', NULL, NULL, 0, NULL, NULL, 0, 0, 3, 5),
('Rashini2024-10-03', '2024-10-03 16:57:33.000000', '2024-10-03 16:57:33.000000', '?', '2024-10-03', NULL, NULL, 0, NULL, NULL, 0, 0, 20, 5),
('Rashini2024-10-04', '2024-10-04 17:40:11.000000', '2024-10-04 07:40:26.000000', '1', '2024-10-04', NULL, NULL, 0, 19, 40, 59, 599, 20, 5),
('Rashini2024-10-05', '2024-10-05 17:49:39.000000', '2024-10-05 07:47:01.000000', '1', '2024-10-05', NULL, NULL, 0, 12, 49, 61, 602, 20, 5),
('Rashini2024-10-06', '2024-10-06 12:14:30.000000', '2024-10-06 07:47:36.000000', 'ab', '2024-10-06', 285, NULL, 285, 12, NULL, 12, 266, 20, 5),
('Rashini2024-10-07', '2024-10-07 17:16:23.000000', '2024-10-07 08:21:17.000000', '0.5', '2024-10-07', NULL, 21, 21, NULL, 16, 16, 535, 20, 5),
('Rashini2024-10-08', '2024-10-08 17:22:02.000000', '2024-10-08 08:03:32.000000', '1', '2024-10-08', NULL, 3, 3, NULL, 22, 22, 558, 20, 5),
('Rashini2024-10-09', '2024-10-09 17:03:28.000000', '2024-10-09 07:54:49.000000', '1', '2024-10-09', NULL, NULL, 0, 5, 3, 8, 548, 20, 5),
('Rashini2024-10-10', '2024-10-10 17:10:26.000000', '2024-10-10 07:37:29.000000', '1', '2024-10-10', NULL, NULL, 0, 22, 10, 32, 572, 20, 5),
('Rashini2024-10-11', '2024-10-11 17:03:20.000000', '2024-10-11 08:11:25.000000', '0.5', '2024-10-11', NULL, 11, 11, NULL, 3, 3, 531, 20, 5),
('Rashini2024-10-14', '2024-10-14 17:05:48.000000', '2024-10-14 07:52:18.000000', '1', '2024-10-14', NULL, NULL, 0, 7, 5, 12, 553, 20, 5),
('Rashini2024-10-15', '2024-10-15 18:22:49.000000', '2024-10-15 07:39:28.000000', '1', '2024-10-15', NULL, NULL, 0, 20, 82, 102, 643, 20, 5),
('Rashini2024-10-16', '2024-10-16 18:37:25.000000', '2024-10-16 07:03:24.000000', '1', '2024-10-16', NULL, NULL, 0, 56, 97, 153, 694, 20, 5),
('Rashini2024-10-18', '2024-10-18 17:09:57.000000', '2024-10-18 07:39:00.000000', '1', '2024-10-18', NULL, NULL, 0, 21, 9, 30, 570, 20, 5),
('Rashini2024-10-19', '2024-10-19 17:51:27.000000', '2024-10-19 07:50:35.000000', '1', '2024-10-19', NULL, NULL, 0, 9, 51, 60, 600, 20, 5),
('Rashini2024-10-20', '2024-10-20 12:21:40.000000', '2024-10-20 07:33:43.000000', 'ab', '2024-10-20', 278, NULL, 278, 26, NULL, 26, 287, 20, 5),
('Rashini2024-10-21', '2024-10-21 17:16:42.000000', '2024-10-21 07:41:49.000000', '1', '2024-10-21', NULL, NULL, 0, 18, 16, 34, 574, 20, 5),
('Rashini2024-10-22', '2024-10-22 17:19:42.000000', '2024-10-22 07:37:53.000000', '1', '2024-10-22', NULL, NULL, 0, 22, 19, 41, 581, 20, 5),
('Rashini2024-10-23', '2024-10-23 17:05:43.000000', '2024-10-23 07:39:34.000000', '1', '2024-10-23', NULL, NULL, 0, 20, 5, 25, 566, 20, 5),
('Rashini2024-10-24', '2024-10-24 17:28:29.000000', '2024-10-24 07:27:34.000000', '1', '2024-10-24', NULL, NULL, 0, 32, 28, 60, 600, 20, 5),
('Rashini2024-10-25', '2024-10-25 17:06:35.000000', '2024-10-25 07:43:47.000000', '1', '2024-10-25', NULL, NULL, 0, 16, 6, 22, 562, 20, 5),
('Rashini2024-10-26', '2024-10-26 18:12:21.000000', '2024-10-26 07:40:21.000000', '1', '2024-10-26', NULL, NULL, 0, 19, 72, 91, 632, 20, 5),
('Rashini2024-10-27', '2024-10-27 12:02:36.000000', '2024-10-27 08:09:53.000000', 'ab', '2024-10-27', 297, 9, 306, NULL, NULL, 0, 232, 20, 5),
('Rashini2024-10-28', '2024-10-28 17:10:20.000000', '2024-10-28 07:42:37.000000', '1', '2024-10-28', NULL, NULL, 0, 17, 10, 27, 567, 20, 5),
('Rashini2024-10-29', '2024-10-29 17:10:23.000000', '2024-10-29 07:40:37.000000', '1', '2024-10-29', NULL, NULL, 0, 19, 10, 29, 569, 20, 5),
('Rashini2024-10-30', '2024-10-30 18:06:03.000000', '2024-10-30 07:41:47.000000', '1', '2024-10-30', NULL, NULL, 0, 18, 66, 84, 624, 20, 5),
('Rashini2024-10-31', '2024-10-31 17:05:40.000000', '2024-10-31 07:39:35.000000', '1', '2024-10-31', NULL, NULL, 0, 20, 5, 25, 566, 20, 5),
('Rashini2024-11-01', '2024-11-01 17:26:27.000000', '2024-11-01 07:42:11.000000', '1', '2024-11-01', NULL, NULL, 0, 17, 26, 43, 584, 20, 5),
('Rashini2024-11-02', '2024-11-02 17:19:03.000000', '2024-11-02 07:58:39.000000', '1', '2024-11-02', NULL, NULL, 0, 1, 19, 20, 560, 20, 5),
('Rashini2024-11-03', '2024-11-03 12:03:27.000000', '2024-11-03 07:38:45.000000', 'ab', '2024-11-03', 296, NULL, 296, 21, NULL, 21, 264, 20, 5),
('Rashini2024-11-04', '2024-11-04 17:44:41.000000', '2024-11-04 07:45:04.000000', '1', '2024-11-04', NULL, NULL, 0, 14, 44, 58, 599, 20, 5),
('Rashini2024-11-05', '2024-11-05 17:24:38.000000', '2024-11-05 07:54:20.000000', '1', '2024-11-05', NULL, NULL, 0, 5, 24, 29, 570, 20, 5),
('Rashini2024-11-06', '2024-11-06 17:17:40.000000', '2024-11-06 07:41:24.000000', '1', '2024-11-06', NULL, NULL, 0, 18, 17, 35, 576, 20, 5),
('Rashini2024-11-07', '2024-11-07 17:27:57.000000', '2024-11-07 07:09:31.000000', '1', '2024-11-07', NULL, NULL, 0, 50, 27, 77, 618, 20, 5),
('Rashini2024-11-08', '2024-11-08 17:07:06.000000', '2024-11-08 08:01:47.000000', '1', '2024-11-08', NULL, 1, 1, NULL, 7, 7, 545, 20, 5),
('Rashini2024-11-09', '2024-11-09 17:22:04.000000', '2024-11-09 08:00:20.000000', '1', '2024-11-09', NULL, 0, 0, NULL, 22, 22, 561, 20, 5),
('Rashini2024-11-10', '2024-11-10 11:58:07.000000', '2024-11-10 08:09:15.000000', 'ab', '2024-11-10', 301, 9, 310, NULL, NULL, 0, 228, 20, 5),
('Rashini2024-11-11', '2024-11-11 17:16:57.000000', '2024-11-11 07:26:07.000000', '1', '2024-11-11', NULL, NULL, 0, 33, 16, 49, 590, 20, 5),
('Rashini2024-11-12', '2024-11-12 17:06:20.000000', '2024-11-12 07:42:18.000000', '1', '2024-11-12', NULL, NULL, 0, 17, 6, 23, 564, 20, 5),
('Rashini2024-11-13', '2024-11-13 17:08:49.000000', '2024-11-13 10:48:21.000000', '0.5', '2024-11-13', NULL, 168, 168, NULL, 8, 8, 380, 20, 5),
('Rashini2024-11-15', '2024-11-15 17:10:23.000000', '2024-11-15 07:54:56.000000', '1', '2024-11-15', NULL, NULL, 0, 5, 10, 15, 555, 20, 5),
('Rashini2024-11-16', '2024-11-16 17:20:14.000000', '2024-11-16 07:49:20.000000', '1', '2024-11-16', NULL, NULL, 0, 10, 20, 30, 570, 20, 5),
('Rashini2024-11-17', '2024-11-17 12:01:53.000000', '2024-11-17 07:47:33.000000', 'ab', '2024-11-17', 298, NULL, 298, 12, NULL, 12, 254, 20, 5),
('Rashini2024-11-18', '2024-11-18 17:07:46.000000', '2024-11-18 08:00:47.000000', '1', '2024-11-18', NULL, 0, 0, NULL, 7, 7, 546, 20, 5),
('Rashini2024-11-19', '2024-11-19 17:26:53.000000', '2024-11-19 07:55:01.000000', '1', '2024-11-19', NULL, NULL, 0, 4, 26, 30, 571, 20, 5),
('Rashini2024-11-20', '2024-11-20 17:49:03.000000', '2024-11-20 07:41:59.000000', '1', '2024-11-20', NULL, NULL, 0, 18, 49, 67, 607, 20, 5),
('Rashini2024-11-22', '2024-11-22 17:41:25.000000', '2024-11-22 07:54:07.000000', '1', '2024-11-22', NULL, NULL, 0, 5, 41, 46, 587, 20, 5),
('Rashini2024-11-23', '2024-11-23 17:03:59.000000', '2024-11-23 07:56:09.000000', '1', '2024-11-23', NULL, NULL, 0, 3, 3, 6, 547, 20, 5),
('Rashini2024-11-24', '2024-11-24 13:08:40.000000', '2024-11-24 08:10:31.000000', 'ab', '2024-11-24', 231, 10, 241, NULL, NULL, 0, 298, 20, 5),
('Rashini2024-11-25', '2024-11-25 17:32:02.000000', '2024-11-25 07:53:50.000000', '1', '2024-11-25', NULL, NULL, 0, 6, 32, 38, 578, 20, 5),
('Rashini2024-11-26', '2024-11-26 17:11:28.000000', '2024-11-26 07:54:49.000000', '1', '2024-11-26', NULL, NULL, 0, 5, 11, 16, 556, 20, 5),
('Rashini2024-11-27', '2024-11-27 17:11:18.000000', '2024-11-27 07:56:48.000000', '1', '2024-11-27', NULL, NULL, 0, 3, 11, 14, 554, 20, 5),
('Rashini2024-11-28', '2024-11-28 17:24:45.000000', '2024-11-28 07:55:35.000000', '1', '2024-11-28', NULL, NULL, 0, 4, 24, 28, 569, 20, 5),
('Rashini2024-11-29', '2024-11-29 18:52:27.000000', '2024-11-29 07:55:20.000000', '1', '2024-11-29', NULL, NULL, 0, 4, 112, 116, 657, 20, 5),
('Rashini2024-11-30', '2024-11-30 18:10:30.000000', '2024-11-30 08:12:23.000000', '1', '2024-11-30', NULL, 12, 12, NULL, 70, 70, 598, 20, 5),
('Rashini2024-12-02', '2024-12-02 17:18:35.000000', '2024-12-02 07:34:12.000000', '1', '2024-12-02', NULL, NULL, 0, 25, 18, 43, 584, 20, 5),
('Rashini2024-12-03', '2024-12-03 17:05:46.000000', '2024-12-03 07:55:33.000000', '1', '2024-12-03', NULL, NULL, 0, 4, 5, 9, 550, 20, 5),
('Rashini2024-12-04', '2024-12-04 17:09:03.000000', '2024-12-04 07:48:01.000000', '1', '2024-12-04', NULL, NULL, 0, 11, 9, 20, 561, 20, 5),
('Rashini2024-12-05', '2024-12-05 17:06:07.000000', '2024-12-05 08:10:19.000000', '0.5', '2024-12-05', NULL, 10, 10, NULL, 6, 6, 535, 20, 5),
('Rashini2024-12-06', '2024-12-06 17:10:13.000000', '2024-12-06 07:07:40.000000', '1', '2024-12-06', NULL, NULL, 0, 52, 10, 62, 602, 20, 5),
('Rashini2024-12-07', '2024-12-07 17:15:05.000000', '2024-12-07 07:41:28.000000', '1', '2024-12-07', NULL, NULL, 0, 18, 15, 33, 573, 20, 5),
('Rashini2024-12-09', '2024-12-09 17:16:58.000000', '2024-12-09 07:40:30.000000', '1', '2024-12-09', NULL, NULL, 0, 19, 16, 35, 576, 20, 5),
('Rashini2024-12-10', '2024-12-10 17:39:56.000000', '2024-12-10 07:40:38.000000', '1', '2024-12-10', NULL, NULL, 0, 19, 39, 58, 599, 20, 5),
('Rashini2024-12-11', '2024-12-11 17:33:01.000000', '2024-12-11 07:46:57.000000', '1', '2024-12-11', NULL, NULL, 0, 13, 33, 46, 586, 20, 5),
('Rashini2024-12-12', '2024-12-12 17:43:12.000000', '2024-12-12 07:48:11.000000', '1', '2024-12-12', NULL, NULL, 0, 11, 43, 54, 595, 20, 5),
('Rashini2024-12-13', '2024-12-13 17:13:25.000000', '2024-12-13 07:57:24.000000', '1', '2024-12-13', NULL, NULL, 0, 2, 13, 15, 556, 20, 5),
('Rashini2024-12-14', '2024-12-14 17:06:24.000000', '2024-12-14 07:49:51.000000', '1', '2024-12-14', NULL, NULL, 0, 10, 6, 16, 556, 20, 5),
('Rashini2024-12-16', '2024-12-16 17:39:00.000000', '2024-12-16 07:54:24.000000', '1', '2024-12-16', NULL, NULL, 0, 5, 39, 44, 584, 20, 5),
('Rashini2024-12-17', '2024-12-17 18:07:31.000000', '2024-12-17 07:55:02.000000', '1', '2024-12-17', NULL, NULL, 0, 4, 67, 71, 612, 20, 5),
('Rashini2024-12-18', '2024-12-18 17:44:22.000000', '2024-12-18 07:54:42.000000', '1', '2024-12-18', NULL, NULL, 0, 5, 44, 49, 589, 20, 5),
('Rashini2024-12-19', '2024-12-19 20:39:12.000000', '2024-12-19 07:39:22.000000', '1', '2024-12-19', NULL, NULL, 0, 20, 219, 239, 779, 20, 5),
('Rashini2024-12-20', '2024-12-20 17:28:06.000000', '2024-12-20 07:51:05.000000', '1', '2024-12-20', NULL, NULL, 0, 8, 28, 36, 577, 20, 5),
('Rashini2024-12-21', '2024-12-21 12:12:34.000000', '2024-12-21 08:09:37.000000', 'ab', '2024-12-21', 287, 9, 296, NULL, NULL, 0, 242, 20, 5),
('Rashini2024-12-23', '2024-12-23 17:51:36.000000', '2024-12-23 07:54:33.000000', '1', '2024-12-23', NULL, NULL, 0, 5, 51, 56, 597, 20, 5),
('Rashini2024-12-24', '2024-12-24 18:00:43.000000', '2024-12-24 07:55:28.000000', '1', '2024-12-24', NULL, NULL, 0, 4, 60, 64, 605, 20, 5),
('Rashini2024-12-25', '2024-12-25 18:15:34.000000', '2024-12-25 08:06:32.000000', '1', '2024-12-25', NULL, 6, 6, NULL, 75, 75, 609, 20, 5),
('Rashini2024-12-26', '2024-12-26 17:37:14.000000', '2024-12-26 07:47:03.000000', '1', '2024-12-26', NULL, NULL, 0, 12, 37, 49, 590, 20, 5),
('Rashini2024-12-27', '2024-12-27 17:56:40.000000', '2024-12-27 07:57:45.000000', '1', '2024-12-27', NULL, NULL, 0, 2, 56, 58, 598, 20, 5),
('Rashini2024-12-28', '2024-12-28 17:17:52.000000', '2024-12-28 07:46:53.000000', '1', '2024-12-28', NULL, NULL, 0, 13, 17, 30, 570, 20, 5),
('Rashini2024-12-30', '2024-12-30 17:11:00.000000', '2024-12-30 07:54:42.000000', '1', '2024-12-30', NULL, NULL, 0, 5, 11, 16, 556, 20, 5),
('Rashini2024-12-31', '2024-12-31 21:47:15.000000', '2024-12-31 07:55:00.000000', '1', '2024-12-31', NULL, NULL, 0, 5, 287, 292, 832, 20, 5),
('Rashini2025-01-01', '2025-01-01 18:02:08.000000', '2025-01-01 07:53:09.000000', '1', '2025-01-01', NULL, NULL, 0, 6, 62, 68, 608, 20, 5),
('Samaraweera2024-09-30', '2024-09-30 18:00:14.000000', '2024-09-30 07:23:42.000000', '1', '2024-09-30', 359, NULL, 359, 156, NULL, 156, 636, 22, 6),
('Samaraweera2024-10-01', '2024-10-01 18:07:21.000000', '2024-10-01 07:36:31.000000', '1', '2024-10-01', 352, NULL, 352, 143, NULL, 143, 630, 22, 6),
('Samaraweera2024-10-02', '2024-10-02 17:46:58.000000', '2024-10-02 07:05:37.000000', '1', '2024-10-02', 373, NULL, 373, 174, NULL, 174, 641, 22, 6),
('Samaraweera2024-10-03', '2024-10-03 17:29:56.000000', '2024-10-03 07:28:16.000000', '1', '2024-10-03', 390, NULL, 390, 151, NULL, 151, 601, 22, 6),
('Samaraweera2024-10-04', '2024-10-04 17:37:51.000000', '2024-10-04 07:31:47.000000', '1', '2024-10-04', 382, NULL, 382, 148, NULL, 148, 606, 22, 6),
('Samaraweera2024-10-05', '2024-10-05 17:38:08.000000', '2024-10-05 07:05:48.000000', '1', '2024-10-05', 381, NULL, 381, 174, NULL, 174, 632, 22, 6),
('Samaraweera2024-10-06', '2024-10-06 17:11:18.000000', '2024-10-06 07:51:14.000000', '1', '2024-10-06', 408, NULL, 408, 128, NULL, 128, 560, 22, 6),
('Samaraweera2024-10-07', '2024-10-07 17:43:49.000000', '2024-10-07 07:50:34.000000', '1', '2024-10-07', 376, NULL, 376, 129, NULL, 129, 593, 22, 6),
('Samaraweera2024-10-08', '2024-10-08 17:25:54.000000', '2024-10-08 07:57:19.000000', '1', '2024-10-08', 394, NULL, 394, 122, NULL, 122, 568, 22, 6),
('Samaraweera2024-10-09', '2024-10-09 17:46:53.000000', '2024-10-09 08:00:56.000000', '1', '2024-10-09', 373, NULL, 373, 119, NULL, 119, 585, 22, 6),
('Samaraweera2024-10-10', '2024-10-10 17:19:46.000000', '2024-10-10 07:48:50.000000', '1', '2024-10-10', 400, NULL, 400, 131, NULL, 131, 570, 22, 6),
('Samaraweera2024-10-11', '2024-10-11 18:02:22.000000', '2024-10-11 07:39:14.000000', '1', '2024-10-11', 357, NULL, 357, 140, NULL, 140, 623, 22, 6),
('Samaraweera2024-10-12', '2024-10-12 17:22:11.000000', '2024-10-12 07:53:14.000000', '1', '2024-10-12', 397, NULL, 397, 126, NULL, 126, 568, 22, 6),
('Samaraweera2024-10-13', '2024-10-13 17:58:34.000000', '2024-10-13 07:47:09.000000', '1', '2024-10-13', 361, NULL, 361, 132, NULL, 132, 611, 22, 6),
('Samaraweera2024-10-14', '2024-10-14 17:25:41.000000', '2024-10-14 08:01:48.000000', '1', '2024-10-14', 394, NULL, 394, 118, NULL, 118, 563, 22, 6),
('Samaraweera2024-10-15', '2024-10-15 17:21:45.000000', '2024-10-15 07:39:11.000000', '1', '2024-10-15', 398, NULL, 398, 140, NULL, 140, 582, 22, 6),
('Samaraweera2024-10-16', '2024-10-16 17:19:22.000000', '2024-10-16 07:25:51.000000', '1', '2024-10-16', 400, NULL, 400, 154, NULL, 154, 593, 22, 6),
('Samaraweera2024-10-20', '2024-10-20 17:28:44.000000', '2024-10-20 08:23:37.000000', '1', '2024-10-20', 391, NULL, 391, 96, NULL, 96, 545, 22, 6),
('Samaraweera2024-10-21', '2024-10-21 17:36:16.000000', '2024-10-21 07:19:47.000000', '1', '2024-10-21', 383, NULL, 383, 160, NULL, 160, 616, 22, 6),
('Samaraweera2024-10-22', '2024-10-22 17:21:43.000000', '2024-10-22 07:42:37.000000', '1', '2024-10-22', 398, NULL, 398, 137, NULL, 137, 579, 22, 6),
('Samaraweera2024-10-23', '2024-10-23 18:21:39.000000', '2024-10-23 07:55:52.000000', '1', '2024-10-23', 338, NULL, 338, 124, NULL, 124, 625, 22, 6),
('Samaraweera2024-10-24', '2024-10-24 17:29:53.000000', '2024-10-24 07:38:22.000000', '1', '2024-10-24', 390, NULL, 390, 141, NULL, 141, 591, 22, 6),
('Samaraweera2024-10-25', '2024-10-25 17:28:18.000000', '2024-10-25 07:00:33.000000', '1', '2024-10-25', 391, NULL, 391, 179, NULL, 179, 627, 22, 6),
('Samaraweera2024-10-29', '2024-10-29 17:34:21.000000', '2024-10-29 07:41:29.000000', '1', '2024-10-29', 385, NULL, 385, 138, NULL, 138, 592, 22, 6),
('Samaraweera2024-10-30', '2024-10-30 18:08:37.000000', '2024-10-30 07:54:46.000000', '1', '2024-10-30', 351, NULL, 351, 125, NULL, 125, 613, 22, 6),
('Samaraweera2024-10-31', '2024-10-31 17:45:38.000000', '2024-10-31 07:44:13.000000', '1', '2024-10-31', 374, NULL, 374, 135, NULL, 135, 601, 22, 6),
('Samaraweera2024-11-01', '2024-11-01 17:48:26.000000', '2024-11-01 08:02:07.000000', '1', '2024-11-01', 371, NULL, 371, 117, NULL, 117, 586, 22, 6),
('Samaraweera2024-11-02', '2024-11-02 17:25:45.000000', '2024-11-02 07:23:17.000000', '1', '2024-11-02', 394, NULL, 394, 156, NULL, 156, 602, 22, 6),
('Samaraweera2024-11-03', '2024-11-03 17:52:24.000000', '2024-11-03 07:42:00.000000', '1', '2024-11-03', 367, NULL, 367, 138, NULL, 138, 610, 22, 6),
('Samaraweera2024-11-04', '2024-11-04 17:53:49.000000', '2024-11-04 08:04:25.000000', '1', '2024-11-04', 366, NULL, 366, 115, NULL, 115, 589, 22, 6),
('Samaraweera2024-11-05', '2024-11-05 17:28:40.000000', '2024-11-05 07:50:27.000000', '1', '2024-11-05', 391, NULL, 391, 129, NULL, 129, 578, 22, 6),
('Samaraweera2024-11-06', '2024-11-06 17:54:42.000000', '2024-11-06 07:58:48.000000', '1', '2024-11-06', 365, NULL, 365, 121, NULL, 121, 595, 22, 6),
('Samaraweera2024-11-07', '2024-11-07 17:54:30.000000', '2024-11-07 07:36:30.000000', '1', '2024-11-07', 365, NULL, 365, 143, NULL, 143, 618, 22, 6),
('Samaraweera2024-11-08', '2024-11-08 17:06:22.000000', '2024-11-08 06:44:36.000000', '1', '2024-11-08', 413, NULL, 413, 195, NULL, 195, 621, 22, 6),
('Samaraweera2024-11-09', '2024-11-09 17:44:05.000000', '2024-11-09 07:38:38.000000', '1', '2024-11-09', 375, NULL, 375, 141, NULL, 141, 605, 22, 6),
('Samaraweera2024-11-10', '2024-11-10 17:23:11.000000', '2024-11-10 07:28:47.000000', '1', '2024-11-10', 396, NULL, 396, 151, NULL, 151, 594, 22, 6),
('Samaraweera2024-11-11', '2024-11-11 17:47:36.000000', '2024-11-11 07:45:22.000000', '1', '2024-11-11', 372, NULL, 372, 134, NULL, 134, 602, 22, 6),
('Samaraweera2024-11-12', '2024-11-12 17:08:49.000000', '2024-11-12 06:59:36.000000', '1', '2024-11-12', 411, NULL, 411, 180, NULL, 180, 609, 22, 6),
('Samaraweera2024-11-13', '2024-11-13 17:28:36.000000', '2024-11-13 07:17:35.000000', '1', '2024-11-13', 391, NULL, 391, 162, NULL, 162, 611, 22, 6),
('Samaraweera2024-11-19', '2024-11-19 17:57:18.000000', '2024-11-19 08:09:51.000000', '1', '2024-11-19', 362, NULL, 362, 110, NULL, 110, 587, 22, 6),
('Samaraweera2024-11-20', '2024-11-20 17:42:37.000000', '2024-11-20 07:52:28.000000', '1', '2024-11-20', 377, NULL, 377, 127, NULL, 127, 590, 22, 6),
('Samaraweera2024-11-21', '2024-11-21 17:12:33.000000', '2024-11-21 07:59:30.000000', '1', '2024-11-21', 407, NULL, 407, 120, NULL, 120, 553, 22, 6),
('Samaraweera2024-11-22', '2024-11-22 17:20:08.000000', '2024-11-22 07:49:35.000000', '1', '2024-11-22', 399, NULL, 399, 130, NULL, 130, 570, 22, 6),
('Samaraweera2024-11-23', '2024-11-23 17:30:34.000000', '2024-11-23 07:58:03.000000', '1', '2024-11-23', 389, NULL, 389, 121, NULL, 121, 572, 22, 6),
('Samaraweera2024-11-24', '2024-11-24 17:06:29.000000', '2024-11-24 08:03:11.000000', '1', '2024-11-24', 413, NULL, 413, 116, NULL, 116, 543, 22, 6),
('Samaraweera2024-11-28', '2024-11-28 18:05:27.000000', '2024-11-28 07:45:50.000000', '1', '2024-11-28', 354, NULL, 354, 134, NULL, 134, 619, 22, 6),
('Samaraweera2024-11-29', '2024-11-29 17:23:22.000000', '2024-11-29 07:59:01.000000', '1', '2024-11-29', 396, NULL, 396, 120, NULL, 120, 564, 22, 6),
('Samaraweera2024-11-30', '2024-11-30 18:10:48.000000', '2024-11-30 08:04:52.000000', '1', '2024-11-30', 349, NULL, 349, 115, NULL, 115, 605, 22, 6),
('Samaraweera2024-12-01', '2024-12-01 18:04:08.000000', '2024-12-01 08:05:08.000000', '1', '2024-12-01', 355, NULL, 355, 114, NULL, 114, 599, 22, 6),
('Samaraweera2024-12-02', '2024-12-02 17:13:16.000000', '2024-12-02 07:34:22.000000', '1', '2024-12-02', 406, NULL, 406, 145, NULL, 145, 578, 22, 6),
('Samaraweera2024-12-03', '2024-12-03 17:12:43.000000', '2024-12-03 08:07:04.000000', '1', '2024-12-03', 407, NULL, 407, 112, NULL, 112, 545, 22, 6),
('Samaraweera2024-12-04', '2024-12-04 17:26:46.000000', '2024-12-04 07:44:41.000000', '1', '2024-12-04', 393, NULL, 393, 135, NULL, 135, 582, 22, 6),
('Samaraweera2024-12-05', '2024-12-05 18:15:44.000000', '2024-12-05 07:45:45.000000', '1', '2024-12-05', 344, NULL, 344, 134, NULL, 134, 629, 22, 6),
('Samaraweera2024-12-06', '2024-12-06 18:20:51.000000', '2024-12-06 07:14:42.000000', '1', '2024-12-06', 339, NULL, 339, 165, NULL, 165, 666, 22, 6),
('Samaraweera2024-12-07', '2024-12-07 17:18:16.000000', '2024-12-07 07:46:08.000000', '1', '2024-12-07', 401, NULL, 401, 133, NULL, 133, 572, 22, 6),
('Samaraweera2024-12-08', '2024-12-08 18:00:27.000000', '2024-12-08 07:49:45.000000', '1', '2024-12-08', 359, NULL, 359, 130, NULL, 130, 610, 22, 6),
('Samaraweera2024-12-09', '2024-12-09 23:14:22.000000', '2024-12-09 07:51:19.000000', '1', '2024-12-09', 45, NULL, 45, 128, NULL, 128, 923, 22, 6),
('Samaraweera2024-12-10', '2024-12-10 20:29:04.000000', '2024-12-10 07:51:59.000000', '1', '2024-12-10', 210, NULL, 210, 128, NULL, 128, 757, 22, 6),
('Samaraweera2024-12-11', '2024-12-11 17:39:04.000000', '2024-12-11 07:53:07.000000', '1', '2024-12-11', 380, NULL, 380, 126, NULL, 126, 585, 22, 6),
('Samaraweera2024-12-12', '2024-12-12 17:35:25.000000', '2024-12-12 08:14:23.000000', '1', '2024-12-12', 384, NULL, 384, 105, NULL, 105, 561, 22, 6),
('Samaraweera2024-12-13', '2024-12-13 17:26:44.000000', '2024-12-13 07:58:18.000000', '1', '2024-12-13', 393, NULL, 393, 121, NULL, 121, 568, 22, 6),
('Samaraweera2024-12-17', '2024-12-17 17:51:57.000000', '2024-12-17 07:46:34.000000', '1', '2024-12-17', 368, NULL, 368, 133, NULL, 133, 605, 22, 6),
('Samaraweera2024-12-18', '2024-12-18 18:51:14.000000', '2024-12-18 07:48:05.000000', '1', '2024-12-18', 308, NULL, 308, 131, NULL, 131, 663, 22, 6),
('Samaraweera2024-12-19', '2024-12-19 17:40:43.000000', '2024-12-19 08:01:19.000000', '1', '2024-12-19', 379, NULL, 379, 118, NULL, 118, 579, 22, 6),
('Samaraweera2024-12-20', '2024-12-20 17:43:24.000000', '2024-12-20 08:02:58.000000', '1', '2024-12-20', 376, NULL, 376, 117, NULL, 117, 580, 22, 6),
('Samaraweera2024-12-21', '2024-12-21 17:24:11.000000', '2024-12-21 07:37:40.000000', '1', '2024-12-21', 395, NULL, 395, 142, NULL, 142, 586, 22, 6),
('Samaraweera2024-12-24', '2024-12-24 18:38:37.000000', '2024-12-24 07:51:34.000000', '1', '2024-12-24', 321, NULL, 321, 128, NULL, 128, 647, 22, 6),
('Samaraweera2024-12-25', '2024-12-25 18:24:03.000000', '2024-12-25 07:44:45.000000', '1', '2024-12-25', 335, NULL, 335, 135, NULL, 135, 639, 22, 6),
('Samaraweera2024-12-26', '2024-12-26 18:00:32.000000', '2024-12-26 07:35:46.000000', '1', '2024-12-26', 359, NULL, 359, 144, NULL, 144, 624, 22, 6),
('Samaraweera2024-12-27', '2024-12-27 18:21:46.000000', '2024-12-27 08:02:13.000000', '1', '2024-12-27', 338, NULL, 338, 117, NULL, 117, 619, 22, 6),
('Samaraweera2024-12-28', '2024-12-28 19:10:48.000000', '2024-12-28 07:59:15.000000', '1', '2024-12-28', 289, NULL, 289, 120, NULL, 120, 671, 22, 6),
('Samaraweera2024-12-29', '2024-12-29 18:34:53.000000', '2024-12-29 07:59:59.000000', '1', '2024-12-29', 325, NULL, 325, 120, NULL, 120, 634, 22, 6),
('Samaraweera2024-12-30', '2024-12-30 18:44:49.000000', '2024-12-30 07:47:59.000000', '1', '2024-12-30', 315, NULL, 315, 132, NULL, 132, 656, 22, 6),
('Samaraweera2024-12-31', '2024-12-31 07:48:27.000000', '2024-12-31 07:48:27.000000', '?', '2024-12-31', NULL, NULL, 0, NULL, NULL, 0, 0, 22, 6),
('Samaraweera2025-01-01', '2025-01-01 18:53:03.000000', '2025-01-01 08:03:26.000000', '1', '2025-01-01', 306, NULL, 306, 116, NULL, 116, 649, 22, 6),
('Samson2024-10-01', '2024-10-01 23:27:13.000000', '2024-10-01 14:06:54.000000', '1', '2024-10-01', 2, NULL, 2, 23, NULL, 23, 560, 6, 2),
('Samson2024-10-02', '2024-10-02 16:31:04.000000', '2024-10-02 07:24:10.000000', '1', '2024-10-02', NULL, NULL, 0, 5, 1, 6, 546, 6, 1),
('Samson2024-10-03', '2024-10-03 21:58:24.000000', '2024-10-03 07:24:36.000000', '1', '2024-10-03', NULL, NULL, 0, 5, 328, 333, 873, 6, 1),
('Samson2024-10-04', '2024-10-04 22:56:09.000000', '2024-10-04 13:09:46.000000', '1', '2024-10-04', 33, NULL, 33, 80, NULL, 80, 586, 6, 2),
('Samson2024-10-06', '2024-10-06 23:42:39.000000', '2024-10-06 14:12:10.000000', '1', '2024-10-06', NULL, NULL, 0, 17, 12, 29, 570, 6, 2),
('Samson2024-10-07', '2024-10-07 16:57:31.000000', '2024-10-07 07:37:07.000000', '1', '2024-10-07', NULL, 7, 7, NULL, 27, 27, 560, 6, 1),
('Samson2024-10-08', '2024-10-08 22:53:27.000000', '2024-10-08 14:34:59.000000', '0.5', '2024-10-08', 36, 4, 40, NULL, NULL, 0, 498, 6, 2),
('Samson2024-10-09', '2024-10-09 23:18:41.000000', '2024-10-09 14:11:54.000000', '1', '2024-10-09', 11, NULL, 11, 18, NULL, 18, 546, 6, 2),
('Samson2024-10-10', '2024-10-10 17:25:24.000000', '2024-10-10 07:31:19.000000', '1', '2024-10-10', NULL, 1, 1, NULL, 55, 55, 594, 6, 1),
('Samson2024-10-13', '2024-10-13 23:56:16.000000', '2024-10-13 16:54:51.000000', '0.5', '2024-10-13', NULL, 144, 144, NULL, 26, 26, 421, 6, 2),
('Samson2024-10-14', '2024-10-14 20:41:31.000000', '2024-10-14 07:46:29.000000', '1', '2024-10-14', NULL, 16, 16, NULL, 251, 251, 775, 6, 1),
('Samson2024-10-15', '2024-10-15 23:01:52.000000', '2024-10-15 14:54:48.000000', '0.5', '2024-10-15', 28, 24, 52, NULL, NULL, 0, 487, 6, 2),
('Samson2024-10-16', '2024-10-17 00:14:12.000000', '2024-10-16 14:39:56.000000', '1', '2024-10-16', NULL, 9, 9, NULL, 44, 44, 574, 6, 2),
('Samson2024-10-17', '2024-10-17 17:02:57.000000', '2024-10-17 07:10:26.000000', '1', '2024-10-17', NULL, NULL, 0, 19, 32, 51, 592, 6, 1),
('Samson2024-10-18', '2024-10-18 23:11:03.000000', '2024-10-18 14:10:06.000000', '0.5', '2024-10-18', 18, NULL, 18, 19, NULL, 19, 540, 6, 2),
('Samson2024-10-19', '2024-10-19 16:17:42.000000', '2024-10-19 07:25:36.000000', '0.5', '2024-10-19', 12, NULL, 12, 4, NULL, 4, 532, 6, 1),
('Samson2024-10-21', '2024-10-21 22:41:26.000000', '2024-10-21 07:06:32.000000', '1', '2024-10-21', NULL, NULL, 0, 23, 371, 394, 934, 6, 1),
('Samson2024-10-23', '2024-10-23 23:12:50.000000', '2024-10-23 07:12:09.000000', '1', '2024-10-23', NULL, NULL, 0, 17, 402, 419, 960, 6, 1),
('Samson2024-10-24', '2024-10-24 22:10:20.000000', '2024-10-24 06:01:03.000000', '1', '2024-10-24', NULL, NULL, 0, 88, 340, 428, 969, 6, 1),
('Samson2024-10-25', '2024-10-25 16:21:32.000000', '2024-10-25 06:56:21.000000', '1', '2024-10-25', 8, NULL, 8, 33, NULL, 33, 565, 6, 1),
('Samson2024-10-28', '2024-10-28 23:15:38.000000', '2024-10-28 14:23:27.000000', '0.5', '2024-10-28', 14, NULL, 14, 6, NULL, 6, 532, 6, 2),
('Samson2024-10-29', '2024-10-29 23:35:23.000000', '2024-10-29 06:34:20.000000', '1', '2024-10-29', NULL, NULL, 0, 55, 425, 480, 1021, 6, 1),
('Samson2024-10-30', '2024-10-30 23:41:56.000000', '2024-10-30 06:25:15.000000', '1', '2024-10-30', NULL, NULL, 0, 64, 431, 495, 1036, 6, 1),
('Samson2024-10-31', '2024-10-31 23:10:19.000000', '2024-10-31 06:32:47.000000', '1', '2024-10-31', NULL, NULL, 0, 57, 400, 457, 997, 6, 1),
('Samson2024-11-01', '2024-11-01 22:49:00.000000', '2024-11-01 06:29:37.000000', '1', '2024-11-01', NULL, NULL, 0, 60, 379, 439, 979, 6, 1),
('Samson2024-11-02', '2024-11-02 23:42:59.000000', '2024-11-02 14:23:53.000000', '1', '2024-11-02', NULL, NULL, 0, 6, 12, 18, 559, 6, 2),
('Samson2024-11-03', '2024-11-03 17:44:50.000000', '2024-11-03 06:28:48.000000', '1', '2024-11-03', NULL, NULL, 0, 61, 74, 135, 676, 6, 1),
('Samson2024-11-05', '2024-11-05 23:43:21.000000', '2024-11-05 13:44:28.000000', '1', '2024-11-05', NULL, NULL, 0, 45, 13, 58, 598, 6, 2),
('Samson2024-11-06', '2024-11-06 23:04:08.000000', '2024-11-06 06:45:15.000000', '1', '2024-11-06', NULL, NULL, 0, 44, 394, 438, 978, 6, 1),
('Samson2024-11-07', '2024-11-07 22:01:34.000000', '2024-11-07 06:21:13.000000', '1', '2024-11-07', NULL, NULL, 0, 68, 331, 399, 940, 6, 1),
('Samson2024-11-08', '2024-11-08 23:55:03.000000', '2024-11-08 13:50:28.000000', '1', '2024-11-08', NULL, NULL, 0, 39, 25, 64, 604, 6, 2),
('Samson2024-11-09', '2024-11-09 22:23:53.000000', '2024-11-09 06:17:12.000000', '1', '2024-11-09', NULL, NULL, 0, 72, 353, 425, 966, 6, 1),
('Samson2024-11-10', '2024-11-10 22:59:44.000000', '2024-11-10 13:32:45.000000', '1', '2024-11-10', 30, NULL, 30, 57, NULL, 57, 566, 6, 2),
('Samson2024-11-11', '2024-11-11 23:16:10.000000', '2024-11-11 14:01:14.000000', '1', '2024-11-11', 13, NULL, 13, 28, NULL, 28, 554, 6, 2),
('Samson2024-11-15', '2024-11-15 22:11:34.000000', '2024-11-15 14:02:26.000000', '0.5', '2024-11-15', 78, NULL, 78, 27, NULL, 27, 489, 6, 2),
('Samson2024-11-16', '2024-11-16 23:21:35.000000', '2024-11-16 13:34:09.000000', '1', '2024-11-16', 8, NULL, 8, 55, NULL, 55, 587, 6, 2),
('Samson2024-11-17', '2024-11-17 23:16:58.000000', '2024-11-17 06:29:39.000000', '1', '2024-11-17', NULL, NULL, 0, 60, 406, 466, 1007, 6, 1),
('Samson2024-11-18', '2024-11-18 23:00:04.000000', '2024-11-18 14:58:51.000000', '0.5', '2024-11-18', 29, 28, 57, NULL, NULL, 0, 481, 6, 2),
('Samson2024-11-19', '2024-11-19 23:15:51.000000', '2024-11-19 13:39:20.000000', '1', '2024-11-19', 14, NULL, 14, 50, NULL, 50, 576, 6, 2),
('Samson2024-11-20', '2024-11-20 22:38:58.000000', '2024-11-20 06:45:39.000000', '1', '2024-11-20', NULL, NULL, 0, 44, 368, 412, 953, 6, 1),
('Samson2024-11-21', '2024-11-21 23:01:22.000000', '2024-11-21 14:06:29.000000', '0.5', '2024-11-21', 28, NULL, 28, 23, NULL, 23, 534, 6, 2),
('Samson2024-11-22', '2024-11-22 16:32:45.000000', '2024-11-22 06:38:37.000000', '1', '2024-11-22', NULL, NULL, 0, 51, 2, 53, 594, 6, 1),
('Samson2024-11-23', '2024-11-23 23:10:56.000000', '2024-11-23 14:31:01.000000', '0.5', '2024-11-23', 19, 1, 20, NULL, NULL, 0, 519, 6, 2),
('Samson2024-11-24', '2024-11-24 16:32:03.000000', '2024-11-24 06:46:22.000000', '1', '2024-11-24', NULL, NULL, 0, 43, 2, 45, 585, 6, 1),
('Samson2024-12-02', '2024-12-02 17:17:05.000000', '2024-12-02 08:00:11.000000', '1', '2024-12-02', NULL, 30, 30, NULL, 47, 47, 556, 6, 1),
('Samson2024-12-05', '2024-12-05 23:43:24.000000', '2024-12-05 08:10:25.000000', '1', '2024-12-05', NULL, 40, 40, NULL, 433, 433, 932, 6, 1),
('Samson2024-12-06', '2024-12-06 17:00:39.000000', '2024-12-06 06:50:16.000000', '1', '2024-12-06', NULL, NULL, 0, 39, 30, 69, 610, 6, 1),
('Samson2024-12-07', '2024-12-07 16:50:41.000000', '2024-12-07 07:42:13.000000', '1', '2024-12-07', NULL, 12, 12, NULL, 20, 20, 548, 6, 1),
('Samson2024-12-08', '2024-12-08 16:41:42.000000', '2024-12-08 07:32:20.000000', '1', '2024-12-08', NULL, 2, 2, NULL, 11, 11, 549, 6, 1),
('Samson2024-12-09', '2024-12-09 23:10:45.000000', '2024-12-09 13:50:58.000000', '1', '2024-12-09', 19, NULL, 19, 39, NULL, 39, 559, 6, 2),
('Samson2024-12-10', '2024-12-10 16:56:30.000000', '2024-12-10 07:49:53.000000', '1', '2024-12-10', NULL, 19, 19, NULL, 26, 26, 546, 6, 1),
('Samson2024-12-11', '2024-12-11 23:17:27.000000', '2024-12-11 07:26:47.000000', '1', '2024-12-11', NULL, NULL, 0, 3, 407, 410, 950, 6, 1),
('Samson2024-12-12', '2024-12-12 16:31:20.000000', '2024-12-12 06:54:18.000000', '1', '2024-12-12', NULL, NULL, 0, 35, 1, 36, 577, 6, 1),
('Samson2024-12-13', '2024-12-13 23:24:14.000000', '2024-12-13 14:48:42.000000', '0.5', '2024-12-13', 5, 18, 23, NULL, NULL, 0, 515, 6, 2),
('Samson2024-12-14', '2024-12-14 16:28:03.000000', '2024-12-14 07:20:36.000000', '1', '2024-12-14', 1, NULL, 1, 9, NULL, 9, 547, 6, 1),
('Samson2024-12-15', '2024-12-15 23:58:36.000000', '2024-12-15 13:34:40.000000', '1', '2024-12-15', NULL, NULL, 0, 55, 28, 83, 623, 6, 2),
('Samson2024-12-16', '2024-12-16 16:27:51.000000', '2024-12-16 07:07:56.000000', '1', '2024-12-16', 2, NULL, 2, 22, NULL, 22, 559, 6, 1),
('Samson2024-12-18', '2024-12-18 16:27:34.000000', '2024-12-18 07:25:41.000000', '1', '2024-12-18', 2, NULL, 2, 4, NULL, 4, 541, 6, 1),
('Samson2024-12-19', '2024-12-20 00:24:38.000000', '2024-12-19 13:11:18.000000', '1', '2024-12-19', NULL, NULL, 0, 78, 54, 132, 673, 6, 2),
('Samson2024-12-20', '2024-12-20 16:37:20.000000', '2024-12-20 07:35:10.000000', '1', '2024-12-20', NULL, 5, 5, NULL, 7, 7, 542, 6, 1),
('Samson2024-12-21', '2024-12-21 23:27:03.000000', '2024-12-21 13:28:32.000000', '1', '2024-12-21', 2, NULL, 2, 61, NULL, 61, 598, 6, 2),
('Samson2024-12-22', '2024-12-22 23:37:56.000000', '2024-12-22 14:00:56.000000', '1', '2024-12-22', NULL, NULL, 0, 29, 7, 36, 577, 6, 2),
('Samson2024-12-23', '2024-12-23 16:45:59.000000', '2024-12-23 07:16:27.000000', '1', '2024-12-23', NULL, NULL, 0, 13, 15, 28, 569, 6, 1),
('Samson2024-12-25', '2024-12-25 23:30:04.000000', '2024-12-25 08:06:22.000000', '1', '2024-12-25', NULL, 36, 36, NULL, 420, 420, 923, 6, 1),
('Samson2024-12-26', '2024-12-26 16:31:37.000000', '2024-12-26 06:03:04.000000', '1', '2024-12-26', NULL, NULL, 0, 86, 1, 87, 628, 6, 1),
('Samson2024-12-27', '2024-12-27 23:31:00.000000', '2024-12-27 07:44:06.000000', '1', '2024-12-27', NULL, 14, 14, NULL, 421, 421, 946, 6, 1),
('Samson2024-12-28', '2024-12-28 16:22:15.000000', '2024-12-28 07:29:29.000000', '0.5', '2024-12-28', 7, 0, 7, NULL, NULL, 0, 532, 6, 1),
('Samson2024-12-29', '2024-12-29 22:09:37.000000', '2024-12-29 13:42:50.000000', '0.5', '2024-12-29', 80, NULL, 80, 47, NULL, 47, 506, 6, 2),
('Samson2024-12-30', '2024-12-30 22:00:31.000000', '2024-12-30 08:16:01.000000', '1', '2024-12-30', NULL, 46, 46, NULL, 330, 330, 824, 6, 1),
('Samson2024-12-31', '2025-01-01 01:38:34.000000', '2024-12-31 08:20:49.000000', '1', '2024-12-31', NULL, 50, 50, NULL, 548, 548, 1037, 6, 1),
('Samson2025-01-01', '2025-01-01 17:45:44.000000', '2025-01-01 06:49:16.000000', '1', '2025-01-01', NULL, NULL, 0, 40, 75, 115, 656, 6, 1),
('Sridharan2024-10-02', '2024-10-02 16:07:21.000000', '2024-10-02 07:05:22.000000', '1', '2024-10-02', NULL, 5, 5, NULL, 7, 7, 541, 32, 3),
('Sridharan2024-10-03', '2024-10-03 17:21:09.000000', '2024-10-03 07:07:53.000000', '1', '2024-10-03', NULL, 7, 7, NULL, 81, 81, 613, 32, 3),
('Sridharan2024-10-04', '2024-10-04 16:20:54.000000', '2024-10-04 07:15:59.000000', '1', '2024-10-04', NULL, 15, 15, NULL, 20, 20, 544, 32, 3),
('Sridharan2024-10-05', '2024-10-06 00:04:07.000000', '2024-10-05 14:57:40.000000', '1', '2024-10-05', NULL, NULL, 0, 2, 4, 6, 546, 32, 4),
('Sridharan2024-10-06', '2024-10-06 23:47:33.000000', '2024-10-06 12:25:07.000000', '1', '2024-10-06', 12, NULL, 12, 154, NULL, 154, 682, 32, 4),
('Sridharan2024-10-07', '2024-10-07 16:12:46.000000', '2024-10-07 07:03:21.000000', '1', '2024-10-07', NULL, 3, 3, NULL, 12, 12, 549, 32, 3),
('Sridharan2024-10-08', '2024-10-09 00:05:01.000000', '2024-10-08 15:00:12.000000', '1', '2024-10-08', NULL, 0, 0, NULL, 5, 5, 544, 32, 4),
('Sridharan2024-10-09', '2024-10-10 00:06:50.000000', '2024-10-09 14:57:29.000000', '1', '2024-10-09', NULL, NULL, 0, 2, 6, 8, 549, 32, 4),
('Sridharan2024-10-10', '2024-10-11 00:12:07.000000', '2024-10-10 15:05:02.000000', '1', '2024-10-10', NULL, 5, 5, NULL, 12, 12, 547, 32, 4),
('Sridharan2024-10-11', '2024-10-12 00:21:28.000000', '2024-10-11 15:24:09.000000', '0.5', '2024-10-11', NULL, 24, 24, NULL, 21, 21, 537, 32, 4),
('Sridharan2024-10-12', '2024-10-13 00:11:33.000000', '2024-10-12 15:00:04.000000', '1', '2024-10-12', NULL, 0, 0, NULL, 11, 11, 551, 32, 4),
('Sridharan2024-10-13', '2024-10-14 00:03:37.000000', '2024-10-13 14:59:07.000000', '1', '2024-10-13', NULL, 0, 0, NULL, 3, 3, 544, 32, 4),
('Sridharan2024-10-14', '2024-10-15 00:31:16.000000', '2024-10-14 14:05:15.000000', '1', '2024-10-14', NULL, NULL, 0, 54, 31, 85, 626, 32, 4),
('Sridharan2024-10-18', '2024-10-19 00:01:47.000000', '2024-10-18 17:16:39.000000', '0.5', '2024-10-18', NULL, 136, 136, NULL, 1, 1, 405, 32, 4),
('Sridharan2024-10-19', '2024-10-20 00:11:09.000000', '2024-10-19 15:00:06.000000', '1', '2024-10-19', NULL, 0, 0, NULL, 11, 11, 551, 32, 4),
('Sridharan2024-10-20', '2024-10-21 00:00:23.000000', '2024-10-20 14:53:16.000000', '1', '2024-10-20', 0, NULL, 0, 6, NULL, 6, 547, 32, 4),
('Sridharan2024-10-21', '2024-10-21 19:41:37.000000', '2024-10-21 07:19:06.000000', '1', '2024-10-21', NULL, 19, 19, NULL, 221, 221, 742, 32, 3),
('Sridharan2024-10-22', '2024-10-23 00:16:17.000000', '2024-10-22 07:17:18.000000', '1', '2024-10-22', NULL, 17, 17, NULL, 496, 496, 1018, 32, 3),
('Sridharan2024-10-23', '2024-10-24 00:29:22.000000', '2024-10-23 14:56:27.000000', '1', '2024-10-23', NULL, NULL, 0, 3, 29, 32, 572, 32, 4),
('Sridharan2024-10-24', '2024-10-24 07:01:59.000000', '2024-10-24 07:01:59.000000', '?', '2024-10-24', NULL, NULL, 0, NULL, NULL, 0, 0, 32, 3),
('Sridharan2024-10-27', '2024-10-28 00:13:41.000000', '2024-10-27 14:50:49.000000', '1', '2024-10-27', NULL, NULL, 0, 9, 13, 22, 562, 32, 4),
('Sridharan2024-10-28', '2024-10-28 21:56:34.000000', '2024-10-28 06:55:32.000000', '1', '2024-10-28', NULL, NULL, 0, 4, 356, 360, 901, 32, 3),
('Sridharan2024-10-29', '2024-10-29 23:32:10.000000', '2024-10-29 07:06:09.000000', '1', '2024-10-29', NULL, 6, 6, NULL, 452, 452, 986, 32, 3),
('Sridharan2024-10-30', '2024-10-31 00:02:47.000000', '2024-10-30 07:00:58.000000', '1', '2024-10-30', NULL, 0, 0, NULL, 482, 482, 1021, 32, 3),
('Sridharan2024-10-31', '2024-11-01 00:07:18.000000', '2024-10-31 07:02:48.000000', '1', '2024-10-31', NULL, 2, 2, NULL, 487, 487, 1024, 32, 3),
('Sridharan2024-11-01', '2024-11-02 00:20:49.000000', '2024-11-01 07:04:11.000000', '1', '2024-11-01', NULL, 4, 4, NULL, 500, 500, 1036, 32, 3),
('Sridharan2024-11-02', '2024-11-03 00:20:51.000000', '2024-11-02 07:05:25.000000', '1', '2024-11-02', NULL, 5, 5, NULL, 500, 500, 1035, 32, 3),
('Sridharan2024-11-03', '2024-11-03 23:10:07.000000', '2024-11-03 07:00:59.000000', '1', '2024-11-03', NULL, 0, 0, NULL, 430, 430, 969, 32, 3),
('Sridharan2024-11-04', '2024-11-05 00:03:56.000000', '2024-11-04 07:00:49.000000', '1', '2024-11-04', NULL, 0, 0, NULL, 483, 483, 1023, 32, 3),
('Sridharan2024-11-05', '2024-11-06 00:15:52.000000', '2024-11-05 07:02:24.000000', '1', '2024-11-05', NULL, 2, 2, NULL, 495, 495, 1033, 32, 3),
('Sridharan2024-11-06', '2024-11-07 00:00:50.000000', '2024-11-06 07:09:52.000000', '1', '2024-11-06', NULL, 9, 9, NULL, 480, 480, 1010, 32, 3),
('Sridharan2024-11-07', '2024-11-07 19:26:55.000000', '2024-11-07 07:05:38.000000', '1', '2024-11-07', NULL, 5, 5, NULL, 206, 206, 741, 32, 3),
('Sridharan2024-11-11', '2024-11-11 23:18:32.000000', '2024-11-11 06:57:44.000000', '1', '2024-11-11', NULL, NULL, 0, 2, 438, 440, 980, 32, 3),
('Sridharan2024-11-12', '2024-11-12 17:07:31.000000', '2024-11-12 06:58:01.000000', '1', '2024-11-12', NULL, NULL, 0, 1, 67, 68, 609, 32, 3),
('Sridharan2024-11-13', '2024-11-13 23:58:05.000000', '2024-11-13 06:53:13.000000', '1', '2024-11-13', NULL, NULL, 0, 6, 478, 484, 1024, 32, 3),
('Sridharan2024-11-14', '2024-11-14 07:20:32.000000', '2024-11-14 07:20:32.000000', '?', '2024-11-14', NULL, NULL, 0, NULL, NULL, 0, 0, 32, 3),
('Sridharan2024-11-15', '2024-11-15 22:11:38.000000', '2024-11-15 22:11:38.000000', '?', '2024-11-15', NULL, NULL, 0, NULL, NULL, 0, 0, 32, 4),
('Sridharan2024-11-16', '2024-11-17 00:05:55.000000', '2024-11-16 06:59:46.000000', '1', '2024-11-16', NULL, 0, 0, NULL, 485, 485, 1026, 32, 3),
('Sridharan2024-11-17', '2024-11-18 00:02:34.000000', '2024-11-17 07:03:52.000000', '1', '2024-11-17', NULL, 3, 3, NULL, 482, 482, 1018, 32, 3),
('Sridharan2024-11-18', '2024-11-18 23:55:46.000000', '2024-11-18 09:41:20.000000', '1', '2024-11-18', NULL, 161, 161, NULL, 475, 475, 854, 32, 3),
('Sridharan2024-11-19', '2024-11-20 00:01:37.000000', '2024-11-19 07:03:54.000000', '1', '2024-11-19', NULL, 3, 3, NULL, 481, 481, 1017, 32, 3),
('Sridharan2024-11-20', '2024-11-21 00:00:47.000000', '2024-11-20 07:12:29.000000', '1', '2024-11-20', NULL, 12, 12, NULL, 480, 480, 1008, 32, 3),
('Sridharan2024-11-21', '2024-11-21 16:04:00.000000', '2024-11-21 07:00:01.000000', '1', '2024-11-21', NULL, 0, 0, NULL, 4, 4, 543, 32, 3),
('Sridharan2024-11-22', '2024-11-23 00:12:14.000000', '2024-11-22 06:57:53.000000', '1', '2024-11-22', NULL, NULL, 0, 2, 492, 494, 1034, 32, 3),
('Sridharan2024-11-23', '2024-11-24 00:03:37.000000', '2024-11-23 14:55:49.000000', '1', '2024-11-23', NULL, NULL, 0, 4, 3, 7, 547, 32, 4),
('Sridharan2024-11-24', '2024-11-24 16:37:56.000000', '2024-11-24 07:07:03.000000', '1', '2024-11-24', NULL, 7, 7, NULL, 37, 37, 570, 32, 3),
('Sridharan2024-11-26', '2024-11-27 00:09:19.000000', '2024-11-26 14:58:36.000000', '1', '2024-11-26', NULL, NULL, 0, 1, 9, 10, 550, 32, 4),
('Sridharan2024-11-27', '2024-11-28 00:00:20.000000', '2024-11-27 07:11:50.000000', '1', '2024-11-27', NULL, 11, 11, NULL, 480, 480, 1008, 32, 3),
('Sridharan2024-11-28', '2024-11-28 18:17:06.000000', '2024-11-28 07:12:12.000000', '1', '2024-11-28', NULL, 12, 12, NULL, 137, 137, 664, 32, 3),
('Sridharan2024-11-29', '2024-11-30 00:01:22.000000', '2024-11-29 07:15:01.000000', '1', '2024-11-29', NULL, 15, 15, NULL, 481, 481, 1006, 32, 3),
('Sridharan2024-11-30', '2024-12-01 00:00:51.000000', '2024-11-30 15:11:06.000000', '0.5', '2024-11-30', 0, 11, 11, NULL, NULL, 0, 529, 32, 4),
('Sridharan2024-12-01', '2024-12-01 21:51:32.000000', '2024-12-01 21:51:32.000000', '?', '2024-12-01', NULL, NULL, 0, NULL, NULL, 0, 0, 32, 4),
('Sridharan2024-12-02', '2024-12-02 23:59:37.000000', '2024-12-02 14:59:36.000000', '0.5', '2024-12-02', 0, 0, 0, NULL, NULL, 0, 540, 32, 4),
('Sridharan2024-12-03', '2024-12-03 19:58:12.000000', '2024-12-03 07:14:44.000000', '1', '2024-12-03', NULL, 14, 14, NULL, 238, 238, 763, 32, 3),
('Sridharan2024-12-05', '2024-12-06 00:00:07.000000', '2024-12-05 15:10:08.000000', '0.5', '2024-12-05', 0, 10, 10, NULL, NULL, 0, 529, 32, 4),
('Sridharan2024-12-06', '2024-12-07 00:07:24.000000', '2024-12-06 06:36:54.000000', '1', '2024-12-06', NULL, NULL, 0, 23, 487, 510, 1050, 32, 3),
('Sridharan2024-12-08', '2024-12-09 00:20:38.000000', '2024-12-08 14:52:09.000000', '1', '2024-12-08', NULL, NULL, 0, 7, 20, 27, 568, 32, 4),
('Sridharan2024-12-09', '2024-12-09 22:05:40.000000', '2024-12-09 07:06:26.000000', '1', '2024-12-09', NULL, 6, 6, NULL, 365, 365, 899, 32, 3),
('Sridharan2024-12-10', '2024-12-11 00:13:23.000000', '2024-12-10 14:50:39.000000', '1', '2024-12-10', NULL, NULL, 0, 9, 13, 22, 562, 32, 4),
('Sridharan2024-12-11', '2024-12-11 21:09:11.000000', '2024-12-11 07:03:35.000000', '1', '2024-12-11', NULL, 3, 3, NULL, 309, 309, 845, 32, 3),
('Sridharan2024-12-12', '2024-12-12 16:49:36.000000', '2024-12-12 07:32:44.000000', '1', '2024-12-12', NULL, 32, 32, NULL, 49, 49, 556, 32, 3),
('Sridharan2024-12-13', '2024-12-14 00:36:42.000000', '2024-12-13 15:01:01.000000', '1', '2024-12-13', NULL, 1, 1, NULL, 36, 36, 575, 32, 4),
('Sudarshani2024-09-30', '2024-09-30 17:06:47.000000', '2024-09-30 07:33:16.000000', '1', '2024-09-30', NULL, 3, 3, NULL, 6, 6, 573, 23, 7),
('Sudarshani2024-10-01', '2024-10-01 17:05:29.000000', '2024-10-01 07:20:47.000000', '1', '2024-10-01', NULL, NULL, 0, 9, 5, 14, 584, 23, 7),
('Sudarshani2024-10-02', '2024-10-02 17:04:36.000000', '2024-10-02 07:23:47.000000', '1', '2024-10-02', NULL, NULL, 0, 6, 4, 10, 580, 23, 7),
('Sudarshani2024-10-03', '2024-10-03 17:44:33.000000', '2024-10-03 07:17:04.000000', '1', '2024-10-03', NULL, NULL, 0, 12, 44, 56, 627, 23, 7),
('Sudarshani2024-10-04', '2024-10-04 17:13:55.000000', '2024-10-04 07:16:38.000000', '1', '2024-10-04', NULL, NULL, 0, 13, 13, 26, 597, 23, 7),
('Sudarshani2024-10-05', '2024-10-05 17:10:44.000000', '2024-10-05 07:17:38.000000', '1', '2024-10-05', NULL, NULL, 0, 12, 10, 22, 593, 23, 7),
('Sudarshani2024-10-06', '2024-10-06 17:10:05.000000', '2024-10-06 07:19:28.000000', '1', '2024-10-06', NULL, NULL, 0, 10, 10, 20, 590, 23, 7),
('Sudarshani2024-10-07', '2024-10-07 17:00:09.000000', '2024-10-07 07:33:23.000000', '1', '2024-10-07', 0, 3, 3, NULL, NULL, 0, 566, 23, 7),
('Sudarshani2024-10-08', '2024-10-08 17:03:39.000000', '2024-10-08 07:23:35.000000', '1', '2024-10-08', NULL, NULL, 0, 6, 3, 9, 580, 23, 7),
('Sudarshani2024-10-09', '2024-10-09 17:01:04.000000', '2024-10-09 07:24:47.000000', '1', '2024-10-09', NULL, NULL, 0, 5, 1, 6, 576, 23, 7),
('Sudarshani2024-10-10', '2024-10-10 17:12:23.000000', '2024-10-10 07:26:31.000000', '1', '2024-10-10', NULL, NULL, 0, 3, 12, 15, 585, 23, 7),
('Sudarshani2024-10-11', '2024-10-11 15:16:45.000000', '2024-10-11 07:50:53.000000', '0.5', '2024-10-11', 103, 20, 123, NULL, NULL, 0, 445, 23, 7),
('Sudarshani2024-10-14', '2024-10-14 17:05:18.000000', '2024-10-14 17:05:18.000000', '?', '2024-10-14', NULL, NULL, 0, NULL, NULL, 0, 0, 23, 7),
('Sudarshani2024-10-15', '2024-10-15 17:23:34.000000', '2024-10-15 07:19:46.000000', '1', '2024-10-15', NULL, NULL, 0, 10, 23, 33, 603, 23, 7),
('Sudarshani2024-10-16', '2024-10-16 17:07:47.000000', '2024-10-16 07:23:03.000000', '1', '2024-10-16', NULL, NULL, 0, 6, 7, 13, 584, 23, 7),
('Sudarshani2024-10-18', '2024-10-18 17:05:37.000000', '2024-10-18 07:11:47.000000', '1', '2024-10-18', NULL, NULL, 0, 18, 5, 23, 593, 23, 7),
('Sudarshani2024-10-19', '2024-10-19 17:01:52.000000', '2024-10-19 07:19:53.000000', '1', '2024-10-19', NULL, NULL, 0, 10, 1, 11, 581, 23, 7),
('Sudarshani2024-10-20', '2024-10-20 17:05:56.000000', '2024-10-20 07:17:41.000000', '1', '2024-10-20', NULL, NULL, 0, 12, 5, 17, 588, 23, 7),
('Sudarshani2024-10-21', '2024-10-21 17:41:11.000000', '2024-10-21 07:20:04.000000', '1', '2024-10-21', NULL, NULL, 0, 9, 41, 50, 621, 23, 7),
('Sudarshani2024-10-22', '2024-10-22 17:03:31.000000', '2024-10-22 07:22:34.000000', '1', '2024-10-22', NULL, NULL, 0, 7, 3, 10, 580, 23, 7),
('Sudarshani2024-10-23', '2024-10-23 17:13:12.000000', '2024-10-23 07:12:05.000000', '1', '2024-10-23', NULL, NULL, 0, 17, 13, 30, 601, 23, 7),
('Sudarshani2024-10-24', '2024-10-24 17:36:49.000000', '2024-10-24 07:18:13.000000', '1', '2024-10-24', NULL, NULL, 0, 11, 36, 47, 618, 23, 7),
('Sudarshani2024-10-25', '2024-10-25 17:07:44.000000', '2024-10-25 07:09:06.000000', '1', '2024-10-25', NULL, NULL, 0, 20, 7, 27, 598, 23, 7),
('Sudarshani2024-10-26', '2024-10-26 17:23:21.000000', '2024-10-26 07:24:18.000000', '1', '2024-10-26', NULL, NULL, 0, 5, 23, 28, 599, 23, 7),
('Sudarshani2024-10-27', '2024-10-27 17:03:52.000000', '2024-10-27 07:18:59.000000', '1', '2024-10-27', NULL, NULL, 0, 11, 3, 14, 584, 23, 7),
('Sudarshani2024-10-28', '2024-10-28 16:57:33.000000', '2024-10-28 07:12:40.000000', '1', '2024-10-28', 2, NULL, 2, 17, NULL, 17, 584, 23, 7),
('Sudarshani2024-10-29', '2024-10-29 17:29:11.000000', '2024-10-29 07:15:10.000000', '1', '2024-10-29', NULL, NULL, 0, 14, 29, 43, 614, 23, 7),
('Sudarshani2024-10-30', '2024-10-30 17:06:20.000000', '2024-10-30 07:12:08.000000', '1', '2024-10-30', NULL, NULL, 0, 17, 6, 23, 594, 23, 7),
('Sudarshani2024-10-31', '2024-10-31 17:09:08.000000', '2024-10-31 07:21:46.000000', '1', '2024-10-31', NULL, NULL, 0, 8, 9, 17, 587, 23, 7),
('Sudarshani2024-11-01', '2024-11-01 17:07:16.000000', '2024-11-01 07:19:45.000000', '1', '2024-11-01', NULL, NULL, 0, 10, 7, 17, 587, 23, 7),
('Sudarshani2024-11-02', '2024-11-02 17:15:22.000000', '2024-11-02 07:13:46.000000', '1', '2024-11-02', NULL, NULL, 0, 16, 15, 31, 601, 23, 7),
('Sudarshani2024-11-03', '2024-11-03 17:08:53.000000', '2024-11-03 07:09:44.000000', '1', '2024-11-03', NULL, NULL, 0, 20, 8, 28, 599, 23, 7),
('Sudarshani2024-11-04', '2024-11-04 17:08:54.000000', '2024-11-04 07:22:25.000000', '1', '2024-11-04', NULL, NULL, 0, 7, 8, 15, 586, 23, 7),
('Sudarshani2024-11-05', '2024-11-05 17:13:49.000000', '2024-11-05 07:18:52.000000', '1', '2024-11-05', NULL, NULL, 0, 11, 13, 24, 594, 23, 7),
('Sudarshani2024-11-06', '2024-11-06 17:35:45.000000', '2024-11-06 07:18:00.000000', '1', '2024-11-06', NULL, NULL, 0, 12, 35, 47, 617, 23, 7),
('Sudarshani2024-11-07', '2024-11-07 17:47:25.000000', '2024-11-07 07:16:29.000000', '1', '2024-11-07', NULL, NULL, 0, 13, 47, 60, 630, 23, 7),
('Sudarshani2024-11-08', '2024-11-08 17:02:35.000000', '2024-11-08 07:23:31.000000', '1', '2024-11-08', NULL, NULL, 0, 6, 2, 8, 579, 23, 7),
('Sudarshani2024-11-09', NULL, NULL, NULL, '2024-11-09', NULL, NULL, NULL, NULL, NULL, NULL, NULL, 23, NULL),
('Sudarshani2024-11-10', '2024-11-10 17:06:01.000000', '2024-11-10 07:01:47.000000', '1', '2024-11-10', NULL, NULL, 0, 28, 6, 34, 604, 23, 7),
('Sudarshani2024-11-11', '2024-11-11 17:05:00.000000', '2024-11-11 07:25:48.000000', '1', '2024-11-11', NULL, NULL, 0, 4, 5, 9, 579, 23, 7),
('Sudarshani2024-11-12', '2024-11-12 17:06:24.000000', '2024-11-12 07:16:38.000000', '1', '2024-11-12', NULL, NULL, 0, 13, 6, 19, 589, 23, 7),
('Sudarshani2024-11-13', '2024-11-13 17:04:38.000000', '2024-11-13 07:11:15.000000', '1', '2024-11-13', NULL, NULL, 0, 18, 4, 22, 593, 23, 7),
('Sudarshani2024-11-14', '2024-11-14 12:30:26.000000', '2024-11-14 07:34:56.000000', 'ab', '2024-11-14', 269, 4, 273, NULL, NULL, 0, 295, 23, 7),
('Sudarshani2024-11-15', '2024-11-15 17:06:38.000000', '2024-11-15 07:38:39.000000', '1', '2024-11-15', NULL, 8, 8, NULL, 6, 6, 567, 23, 7),
('Sudarshani2024-11-16', '2024-11-16 16:59:45.000000', '2024-11-16 07:40:39.000000', '1', '2024-11-16', 0, 10, 10, NULL, NULL, 0, 559, 23, 7),
('Sudarshani2024-11-17', '2024-11-17 17:03:58.000000', '2024-11-17 07:19:30.000000', '1', '2024-11-17', NULL, NULL, 0, 10, 3, 13, 584, 23, 7),
('Sudarshani2024-11-18', '2024-11-18 16:03:04.000000', '2024-11-18 07:16:27.000000', '0.5', '2024-11-18', 56, NULL, 56, 13, NULL, 13, 526, 23, 7),
('Sudarshani2024-11-19', '2024-11-19 17:00:08.000000', '2024-11-19 07:17:47.000000', '1', '2024-11-19', 0, NULL, 0, 12, NULL, 12, 582, 23, 7),
('Sudarshani2024-11-20', '2024-11-20 17:29:37.000000', '2024-11-20 07:29:45.000000', '1', '2024-11-20', NULL, 0, 0, NULL, 29, 29, 599, 23, 7),
('Sudarshani2024-11-21', '2024-11-21 17:03:24.000000', '2024-11-21 07:24:49.000000', '1', '2024-11-21', NULL, NULL, 0, 5, 3, 8, 578, 23, 7),
('Sudarshani2024-11-22', '2024-11-22 17:01:48.000000', '2024-11-22 07:22:17.000000', '1', '2024-11-22', NULL, NULL, 0, 7, 1, 8, 579, 23, 7),
('Sudarshani2024-11-23', '2024-11-23 17:01:10.000000', '2024-11-23 07:12:29.000000', '1', '2024-11-23', NULL, NULL, 0, 17, 1, 18, 588, 23, 7),
('Sudarshani2024-11-24', '2024-11-24 17:03:22.000000', '2024-11-24 07:24:23.000000', '1', '2024-11-24', NULL, NULL, 0, 5, 3, 8, 578, 23, 7),
('Sudarshani2024-11-25', '2024-11-25 17:02:49.000000', '2024-11-25 07:16:52.000000', '1', '2024-11-25', NULL, NULL, 0, 13, 2, 15, 585, 23, 7),
('Sudarshani2024-11-28', '2024-11-28 17:11:07.000000', '2024-11-28 07:26:16.000000', '1', '2024-11-28', NULL, NULL, 0, 3, 11, 14, 584, 23, 7),
('Sudarshani2024-11-30', '2024-11-30 17:03:48.000000', '2024-11-30 07:29:32.000000', '1', '2024-11-30', NULL, 0, 0, NULL, 3, 3, 574, 23, 7),
('Sudarshani2024-12-01', '2024-12-01 17:15:43.000000', '2024-12-01 07:21:51.000000', '1', '2024-12-01', NULL, NULL, 0, 8, 15, 23, 593, 23, 7),
('Sudarshani2024-12-02', '2024-12-02 17:08:29.000000', '2024-12-02 07:27:03.000000', '1', '2024-12-02', NULL, NULL, 0, 2, 8, 10, 581, 23, 7);
INSERT INTO `attendance` (`attendance_record_id`, `actual_end_time`, `actual_start_time`, `attendance`, `date`, `lc_early_clockout_mins`, `lc_late_clockin_mins`, `lc_mins`, `ot_early_clockin_mins`, `ot_late_clockout_mins`, `ot_mins`, `work_mins`, `employee_id`, `shift_id`) VALUES
('Sudarshani2024-12-03', '2024-12-03 17:00:10.000000', '2024-12-03 07:19:17.000000', '1', '2024-12-03', 0, NULL, 0, 10, NULL, 10, 580, 23, 7),
('Sudarshani2024-12-04', '2024-12-04 17:02:43.000000', '2024-12-04 07:23:28.000000', '1', '2024-12-04', NULL, NULL, 0, 6, 2, 8, 579, 23, 7),
('Sudarshani2024-12-05', '2024-12-05 16:59:33.000000', '2024-12-05 07:20:05.000000', '1', '2024-12-05', 0, NULL, 0, 9, NULL, 9, 579, 23, 7),
('Sudarshani2024-12-06', '2024-12-06 17:30:19.000000', '2024-12-06 06:56:46.000000', '1', '2024-12-06', NULL, NULL, 0, 33, 30, 63, 633, 23, 7),
('Sudarshani2024-12-07', '2024-12-07 17:13:09.000000', '2024-12-07 07:28:11.000000', '1', '2024-12-07', NULL, NULL, 0, 1, 13, 14, 584, 23, 7),
('Sudarshani2024-12-08', '2024-12-08 17:02:56.000000', '2024-12-08 07:26:35.000000', '1', '2024-12-08', NULL, NULL, 0, 3, 2, 5, 576, 23, 7),
('Sudarshani2024-12-09', '2024-12-09 17:11:11.000000', '2024-12-09 07:10:55.000000', '1', '2024-12-09', NULL, NULL, 0, 19, 11, 30, 600, 23, 7),
('Sudarshani2024-12-10', '2024-12-10 17:25:27.000000', '2024-12-10 07:12:23.000000', '1', '2024-12-10', NULL, NULL, 0, 17, 25, 42, 613, 23, 7),
('Sudarshani2024-12-11', '2024-12-11 17:16:38.000000', '2024-12-11 07:10:32.000000', '1', '2024-12-11', NULL, NULL, 0, 19, 16, 35, 606, 23, 7),
('Sudarshani2024-12-12', '2024-12-12 17:31:02.000000', '2024-12-12 07:17:23.000000', '1', '2024-12-12', NULL, NULL, 0, 12, 31, 43, 613, 23, 7),
('Sudarshani2024-12-13', '2024-12-13 17:01:45.000000', '2024-12-13 07:16:52.000000', '1', '2024-12-13', NULL, NULL, 0, 13, 1, 14, 584, 23, 7),
('Sudarshani2024-12-15', '2024-12-15 17:06:52.000000', '2024-12-15 07:26:19.000000', '1', '2024-12-15', NULL, NULL, 0, 3, 6, 9, 580, 23, 7),
('Sudarshani2024-12-16', '2024-12-16 17:03:26.000000', '2024-12-16 07:25:37.000000', '1', '2024-12-16', NULL, NULL, 0, 4, 3, 7, 577, 23, 7),
('Sudarshani2024-12-17', '2024-12-17 16:58:02.000000', '2024-12-17 07:04:01.000000', '1', '2024-12-17', 1, NULL, 1, 25, NULL, 25, 594, 23, 7),
('Sudarshani2024-12-18', '2024-12-18 17:03:15.000000', '2024-12-18 07:14:32.000000', '1', '2024-12-18', NULL, NULL, 0, 15, 3, 18, 588, 23, 7),
('Sudarshani2024-12-19', '2024-12-19 17:09:07.000000', '2024-12-19 07:17:40.000000', '1', '2024-12-19', NULL, NULL, 0, 12, 9, 21, 591, 23, 7),
('Sudarshani2024-12-20', '2024-12-20 17:35:59.000000', '2024-12-20 07:24:40.000000', '1', '2024-12-20', NULL, NULL, 0, 5, 35, 40, 611, 23, 7),
('Sudarshani2024-12-21', '2024-12-21 17:01:17.000000', '2024-12-21 07:07:46.000000', '1', '2024-12-21', NULL, NULL, 0, 22, 1, 23, 593, 23, 7),
('Sudarshani2024-12-23', '2024-12-23 17:15:11.000000', '2024-12-23 07:18:25.000000', '1', '2024-12-23', NULL, NULL, 0, 11, 15, 26, 596, 23, 7),
('Sudarshani2024-12-24', '2024-12-24 17:36:52.000000', '2024-12-24 06:53:57.000000', '1', '2024-12-24', NULL, NULL, 0, 36, 36, 72, 642, 23, 7),
('Sudarshani2024-12-25', '2024-12-25 17:31:48.000000', '2024-12-25 07:18:21.000000', '1', '2024-12-25', NULL, NULL, 0, 11, 31, 42, 613, 23, 7),
('Sudarshani2024-12-26', '2024-12-26 18:09:34.000000', '2024-12-26 07:01:55.000000', '1', '2024-12-26', NULL, NULL, 0, 28, 69, 97, 667, 23, 7),
('Sudarshani2024-12-27', '2024-12-27 17:09:40.000000', '2024-12-27 07:19:09.000000', '1', '2024-12-27', NULL, NULL, 0, 10, 9, 19, 590, 23, 7),
('Sudarshani2024-12-28', '2024-12-28 17:57:35.000000', '2024-12-28 07:13:20.000000', '1', '2024-12-28', NULL, NULL, 0, 16, 57, 73, 644, 23, 7),
('Sudarshani2024-12-29', '2024-12-29 17:04:20.000000', '2024-12-29 07:20:04.000000', '1', '2024-12-29', NULL, NULL, 0, 9, 4, 13, 584, 23, 7),
('Sudarshani2024-12-30', '2024-12-30 17:11:35.000000', '2024-12-30 07:16:07.000000', '1', '2024-12-30', NULL, NULL, 0, 13, 11, 24, 595, 23, 7),
('Sudarshani2024-12-31', NULL, NULL, NULL, '2024-12-31', NULL, NULL, NULL, NULL, NULL, NULL, NULL, 23, NULL),
('Sudarshani2025-01-01', '2025-01-01 18:10:35.000000', '2025-01-01 18:10:35.000000', '?', '2025-01-01', NULL, NULL, 0, NULL, NULL, 0, 0, 23, 7),
('Thimira2024-10-01', '2024-10-01 23:55:30.000000', '2024-10-01 13:59:06.000000', '1', '2024-10-01', NULL, NULL, 0, 30, 25, 55, 596, 11, 2),
('Thimira2024-10-02', '2024-10-02 23:30:43.000000', '2024-10-02 07:26:35.000000', '1', '2024-10-02', NULL, NULL, 0, 3, 420, 423, 964, 11, 1),
('Thimira2024-10-03', '2024-10-03 22:09:21.000000', '2024-10-03 06:52:18.000000', '1', '2024-10-03', NULL, NULL, 0, 37, 339, 376, 917, 11, 1),
('Thimira2024-10-04', '2024-10-05 00:08:15.000000', '2024-10-04 14:27:15.000000', '1', '2024-10-04', NULL, NULL, 0, 2, 38, 40, 581, 11, 2),
('Thimira2024-10-05', '2024-10-05 16:43:26.000000', '2024-10-05 07:26:53.000000', '1', '2024-10-05', NULL, NULL, 0, 3, 13, 16, 556, 11, 1),
('Thimira2024-10-06', '2024-10-06 23:34:53.000000', '2024-10-06 14:34:07.000000', '0.5', '2024-10-06', NULL, 4, 4, NULL, 4, 4, 540, 11, 2),
('Thimira2024-10-07', '2024-10-07 16:50:42.000000', '2024-10-07 07:30:25.000000', '1', '2024-10-07', NULL, 0, 0, NULL, 20, 20, 560, 11, 1),
('Thimira2024-10-08', '2024-10-08 23:39:48.000000', '2024-10-08 14:29:14.000000', '1', '2024-10-08', NULL, 0, 0, NULL, 9, 9, 550, 11, 2),
('Thimira2024-10-09', '2024-10-09 23:32:04.000000', '2024-10-09 14:24:49.000000', '1', '2024-10-09', NULL, NULL, 0, 5, 2, 7, 547, 11, 2),
('Thimira2024-10-10', '2024-10-10 23:39:13.000000', '2024-10-10 14:30:52.000000', '1', '2024-10-10', NULL, 0, 0, NULL, 9, 9, 548, 11, 2),
('Thimira2024-10-11', '2024-10-11 16:53:29.000000', '2024-10-11 08:08:58.000000', '0.5', '2024-10-11', NULL, 38, 38, NULL, 23, 23, 524, 11, 1),
('Thimira2024-10-12', '2024-10-12 23:30:05.000000', '2024-10-12 14:40:14.000000', '0.5', '2024-10-12', 0, 10, 10, NULL, NULL, 0, 529, 11, 2),
('Thimira2024-10-13', '2024-10-13 23:42:55.000000', '2024-10-13 14:28:00.000000', '1', '2024-10-13', NULL, NULL, 0, 2, 12, 14, 554, 11, 2),
('Thimira2024-10-14', '2024-10-14 17:04:04.000000', '2024-10-14 07:41:03.000000', '1', '2024-10-14', NULL, 11, 11, NULL, 34, 34, 563, 11, 1),
('Thimira2024-10-15', '2024-10-15 23:17:28.000000', '2024-10-15 14:25:55.000000', '0.5', '2024-10-15', 12, NULL, 12, 4, NULL, 4, 531, 11, 2),
('Thimira2024-10-16', '2024-10-16 23:57:51.000000', '2024-10-16 06:52:31.000000', '1', '2024-10-16', NULL, NULL, 0, 37, 447, 484, 1025, 11, 1),
('Thimira2024-10-19', '2024-10-20 00:18:16.000000', '2024-10-19 14:23:45.000000', '1', '2024-10-19', NULL, NULL, 0, 6, 48, 54, 594, 11, 2),
('Thimira2024-10-20', '2024-10-20 23:35:05.000000', '2024-10-20 07:26:32.000000', '1', '2024-10-20', NULL, NULL, 0, 3, 425, 428, 968, 11, 1),
('Thimira2024-10-21', '2024-10-21 16:39:57.000000', '2024-10-21 06:56:12.000000', '1', '2024-10-21', NULL, NULL, 0, 33, 9, 42, 583, 11, 1),
('Thimira2024-10-22', '2024-10-22 23:35:30.000000', '2024-10-22 14:19:50.000000', '1', '2024-10-22', NULL, NULL, 0, 10, 5, 15, 555, 11, 2),
('Thimira2024-10-23', '2024-10-23 16:39:03.000000', '2024-10-23 07:29:42.000000', '1', '2024-10-23', NULL, 0, 0, NULL, 9, 9, 549, 11, 1),
('Thimira2024-10-24', '2024-10-24 23:41:34.000000', '2024-10-24 06:01:52.000000', '1', '2024-10-24', NULL, NULL, 0, 88, 431, 519, 1059, 11, 1),
('Thimira2024-10-25', '2024-10-25 23:56:55.000000', '2024-10-25 14:18:55.000000', '1', '2024-10-25', NULL, NULL, 0, 11, 26, 37, 578, 11, 2),
('Thimira2024-10-27', '2024-10-27 16:54:44.000000', '2024-10-27 07:21:09.000000', '1', '2024-10-27', NULL, NULL, 0, 8, 24, 32, 573, 11, 1),
('Thimira2024-10-28', '2024-10-28 23:38:16.000000', '2024-10-28 14:21:31.000000', '1', '2024-10-28', NULL, NULL, 0, 8, 8, 16, 556, 11, 2),
('Thimira2024-10-29', '2024-10-29 23:38:51.000000', '2024-10-29 14:18:29.000000', '1', '2024-10-29', NULL, NULL, 0, 11, 8, 19, 560, 11, 2),
('Thimira2024-10-30', '2024-10-30 23:33:48.000000', '2024-10-30 06:31:29.000000', '1', '2024-10-30', NULL, NULL, 0, 58, 423, 481, 1022, 11, 1),
('Thimira2024-10-31', '2024-10-31 23:28:46.000000', '2024-10-31 10:51:18.000000', '1', '2024-10-31', NULL, 201, 201, NULL, 418, 418, 757, 11, 1),
('Thimira2024-11-01', '2024-11-01 23:30:45.000000', '2024-11-01 14:14:33.000000', '1', '2024-11-01', 0, NULL, 0, 15, NULL, 15, 556, 11, 2),
('Thimira2024-11-02', '2024-11-02 23:43:42.000000', '2024-11-02 14:11:06.000000', '1', '2024-11-02', NULL, NULL, 0, 18, 13, 31, 572, 11, 2),
('Thimira2024-11-03', '2024-11-03 23:45:06.000000', '2024-11-03 14:32:45.000000', '1', '2024-11-03', NULL, 2, 2, NULL, 15, 15, 552, 11, 2),
('Thimira2024-11-04', '2024-11-04 16:40:10.000000', '2024-11-04 06:46:18.000000', '1', '2024-11-04', NULL, NULL, 0, 43, 10, 53, 593, 11, 1),
('Thimira2024-11-05', '2024-11-05 23:24:58.000000', '2024-11-05 14:05:03.000000', '1', '2024-11-05', 5, NULL, 5, 24, NULL, 24, 559, 11, 2),
('Thimira2024-11-06', '2024-11-06 23:03:10.000000', '2024-11-06 06:58:33.000000', '1', '2024-11-06', NULL, NULL, 0, 31, 393, 424, 964, 11, 1),
('Thimira2024-11-07', '2024-11-07 17:15:14.000000', '2024-11-07 06:18:12.000000', '1', '2024-11-07', NULL, NULL, 0, 71, 45, 116, 657, 11, 1),
('Thimira2024-11-08', '2024-11-08 16:33:06.000000', '2024-11-08 06:34:24.000000', '1', '2024-11-08', NULL, NULL, 0, 55, 3, 58, 598, 11, 1),
('Thimira2024-11-09', '2024-11-09 23:36:39.000000', '2024-11-09 14:24:58.000000', '1', '2024-11-09', NULL, NULL, 0, 5, 6, 11, 551, 11, 2),
('Thimira2024-11-10', '2024-11-10 23:17:52.000000', '2024-11-10 14:21:24.000000', '0.5', '2024-11-10', 12, NULL, 12, 8, NULL, 8, 536, 11, 2),
('Thimira2024-11-11', '2024-11-11 16:41:11.000000', '2024-11-11 06:29:04.000000', '1', '2024-11-11', NULL, NULL, 0, 60, 11, 71, 612, 11, 1),
('Thimira2024-11-12', '2024-11-12 23:30:42.000000', '2024-11-12 14:28:07.000000', '1', '2024-11-12', 0, NULL, 0, 1, NULL, 1, 542, 11, 2),
('Thimira2024-11-14', '2024-11-14 16:47:58.000000', '2024-11-14 07:22:28.000000', '1', '2024-11-14', NULL, NULL, 0, 7, 17, 24, 565, 11, 1),
('Thimira2024-11-15', '2024-11-15 22:22:02.000000', '2024-11-15 14:15:25.000000', '0.5', '2024-11-15', 67, NULL, 67, 14, NULL, 14, 486, 11, 2),
('Thimira2024-11-16', '2024-11-16 23:17:33.000000', '2024-11-16 06:19:51.000000', '1', '2024-11-16', NULL, NULL, 0, 70, 407, 477, 1017, 11, 1),
('Thimira2024-11-18', '2024-11-18 23:12:48.000000', '2024-11-18 06:17:59.000000', '1', '2024-11-18', NULL, NULL, 0, 72, 402, 474, 1014, 11, 1),
('Thimira2024-11-19', '2024-11-19 16:37:05.000000', '2024-11-19 06:36:04.000000', '1', '2024-11-19', NULL, NULL, 0, 53, 7, 60, 601, 11, 1),
('Thimira2024-11-20', '2024-11-20 23:16:06.000000', '2024-11-20 14:13:26.000000', '1', '2024-11-20', 13, NULL, 13, 16, NULL, 16, 542, 11, 2),
('Thimira2024-11-21', '2024-11-21 23:06:56.000000', '2024-11-21 14:19:00.000000', '0.5', '2024-11-21', 23, NULL, 23, 11, NULL, 11, 527, 11, 2),
('Thimira2024-11-22', '2024-11-22 23:18:09.000000', '2024-11-22 14:04:22.000000', '1', '2024-11-22', 11, NULL, 11, 25, NULL, 25, 553, 11, 2),
('Thimira2024-11-23', '2024-11-23 23:21:46.000000', '2024-11-23 14:20:48.000000', '0.5', '2024-11-23', 8, NULL, 8, 9, NULL, 9, 540, 11, 2),
('Thimira2024-11-25', '2024-11-25 23:32:06.000000', '2024-11-25 14:19:42.000000', '1', '2024-11-25', NULL, NULL, 0, 10, 2, 12, 552, 11, 2),
('Thimira2024-11-26', '2024-11-26 23:46:51.000000', '2024-11-26 14:14:30.000000', '1', '2024-11-26', NULL, NULL, 0, 15, 16, 31, 572, 11, 2),
('Thimira2024-11-27', '2024-11-27 23:26:07.000000', '2024-11-27 14:23:19.000000', '1', '2024-11-27', 3, NULL, 3, 6, NULL, 6, 542, 11, 2),
('Thimira2024-11-28', '2024-11-28 23:46:09.000000', '2024-11-28 14:17:36.000000', '1', '2024-11-28', NULL, NULL, 0, 12, 16, 28, 568, 11, 2),
('Thimira2024-11-29', '2024-11-29 23:47:58.000000', '2024-11-29 06:43:41.000000', '1', '2024-11-29', NULL, NULL, 0, 46, 437, 483, 1024, 11, 1),
('Thimira2024-12-01', '2024-12-01 23:40:19.000000', '2024-12-01 06:34:49.000000', '1', '2024-12-01', NULL, NULL, 0, 55, 430, 485, 1025, 11, 1),
('Thimira2024-12-02', '2024-12-02 16:33:22.000000', '2024-12-02 04:51:13.000000', '1', '2024-12-02', NULL, NULL, 0, 158, 3, 161, 702, 11, 1),
('Thimira2024-12-03', '2024-12-03 23:20:47.000000', '2024-12-03 14:13:14.000000', '1', '2024-12-03', 9, NULL, 9, 16, NULL, 16, 547, 11, 2),
('Thimira2024-12-04', '2024-12-05 00:02:55.000000', '2024-12-04 14:16:29.000000', '1', '2024-12-04', NULL, NULL, 0, 13, 32, 45, 586, 11, 2),
('Thimira2024-12-05', '2024-12-05 17:31:33.000000', '2024-12-05 08:30:35.000000', '0.5', '2024-12-05', NULL, 60, 60, NULL, 61, 61, 540, 11, 1),
('Thimira2024-12-06', '2024-12-06 16:29:13.000000', '2024-12-06 06:41:11.000000', '1', '2024-12-06', 0, NULL, 0, 48, NULL, 48, 588, 11, 1),
('Thimira2024-12-07', '2024-12-07 23:41:04.000000', '2024-12-07 07:27:29.000000', '1', '2024-12-07', NULL, NULL, 0, 2, 431, 433, 973, 11, 1),
('Thimira2024-12-08', '2024-12-08 16:35:47.000000', '2024-12-08 07:14:39.000000', '1', '2024-12-08', NULL, NULL, 0, 15, 5, 20, 561, 11, 1),
('Thimira2024-12-09', '2024-12-10 00:09:45.000000', '2024-12-09 14:15:41.000000', '1', '2024-12-09', NULL, NULL, 0, 14, 39, 53, 594, 11, 2),
('Thimira2024-12-10', '2024-12-10 23:51:31.000000', '2024-12-10 06:53:17.000000', '1', '2024-12-10', NULL, NULL, 0, 36, 441, 477, 1018, 11, 1),
('Thimira2024-12-11', '2024-12-11 16:39:18.000000', '2024-12-11 05:55:31.000000', '1', '2024-12-11', NULL, NULL, 0, 94, 9, 103, 643, 11, 1),
('Thimira2024-12-15', '2024-12-15 23:43:33.000000', '2024-12-15 13:59:43.000000', '1', '2024-12-15', NULL, NULL, 0, 30, 13, 43, 583, 11, 2),
('Thimira2024-12-16', '2024-12-16 23:46:46.000000', '2024-12-16 14:23:27.000000', '1', '2024-12-16', NULL, NULL, 0, 6, 16, 22, 563, 11, 2),
('Thimira2024-12-17', '2024-12-17 16:54:57.000000', '2024-12-17 07:14:34.000000', '1', '2024-12-17', NULL, NULL, 0, 15, 24, 39, 580, 11, 1),
('Thimira2024-12-18', '2024-12-18 23:51:59.000000', '2024-12-18 13:15:43.000000', '1', '2024-12-18', NULL, NULL, 0, 74, 21, 95, 636, 11, 2),
('Thimira2024-12-19', '2024-12-20 00:36:12.000000', '2024-12-19 07:23:54.000000', '1', '2024-12-19', NULL, NULL, 0, 6, 486, 492, 1032, 11, 1),
('Thimira2024-12-20', '2024-12-20 23:37:10.000000', '2024-12-20 14:25:49.000000', '1', '2024-12-20', NULL, NULL, 0, 4, 7, 11, 551, 11, 2),
('Thimira2024-12-21', '2024-12-21 16:46:14.000000', '2024-12-21 07:24:56.000000', '1', '2024-12-21', NULL, NULL, 0, 5, 16, 21, 561, 11, 1),
('Thimira2024-12-22', '2024-12-22 23:31:16.000000', '2024-12-22 14:37:17.000000', '0.5', '2024-12-22', NULL, 7, 7, NULL, 1, 1, 533, 11, 2),
('Thimira2024-12-23', '2024-12-23 16:45:26.000000', '2024-12-23 07:17:30.000000', '1', '2024-12-23', NULL, NULL, 0, 12, 15, 27, 567, 11, 1),
('Thimira2024-12-24', '2024-12-24 23:43:06.000000', '2024-12-24 07:19:39.000000', '1', '2024-12-24', NULL, NULL, 0, 10, 433, 443, 983, 11, 1),
('Thimira2024-12-25', '2024-12-25 23:34:14.000000', '2024-12-25 07:37:03.000000', '1', '2024-12-25', NULL, 7, 7, NULL, 424, 424, 957, 11, 1),
('Thimira2024-12-26', '2024-12-26 16:36:14.000000', '2024-12-26 06:09:13.000000', '1', '2024-12-26', NULL, NULL, 0, 80, 6, 86, 627, 11, 1),
('Thimira2024-12-27', '2024-12-27 23:57:44.000000', '2024-12-27 07:20:37.000000', '1', '2024-12-27', NULL, NULL, 0, 9, 447, 456, 997, 11, 1),
('Thimira2024-12-28', '2024-12-28 23:26:01.000000', '2024-12-28 14:27:56.000000', '0.5', '2024-12-28', 3, NULL, 3, 2, NULL, 2, 538, 11, 2),
('Thimira2024-12-29', '2024-12-29 23:15:11.000000', '2024-12-29 07:40:07.000000', '1', '2024-12-29', NULL, 10, 10, NULL, 405, 405, 935, 11, 1),
('Thimira2024-12-31', '2025-01-01 00:30:54.000000', '2024-12-31 07:35:16.000000', '1', '2024-12-31', NULL, 5, 5, NULL, 480, 480, 1015, 11, 1),
('Thimira2025-01-01', '2025-01-01 06:48:48.000000', '2025-01-01 06:48:48.000000', '?', '2025-01-01', NULL, NULL, 0, NULL, NULL, 0, 0, 11, 1),
('Thissa2024-09-30', '2024-10-01 00:05:15.000000', '2024-09-30 10:01:34.000000', '1', '2024-09-30', NULL, 1, 1, NULL, 5, 5, 843, 19, 6),
('Thissa2024-10-01', NULL, NULL, NULL, '2024-10-01', NULL, NULL, NULL, NULL, NULL, NULL, NULL, 19, NULL),
('Thissa2024-10-02', '2024-10-03 00:12:59.000000', '2024-10-02 09:54:57.000000', '1', '2024-10-02', NULL, NULL, 0, 5, 12, 17, 858, 19, 6),
('Thissa2024-10-04', '2024-10-05 00:03:22.000000', '2024-10-04 10:14:29.000000', '1', '2024-10-04', NULL, 14, 14, NULL, 3, 3, 828, 19, 6),
('Thissa2024-10-05', '2024-10-06 00:14:49.000000', '2024-10-05 10:01:10.000000', '1', '2024-10-05', NULL, 1, 1, NULL, 14, 14, 853, 19, 6),
('Thissa2024-10-06', '2024-10-07 00:03:48.000000', '2024-10-06 10:06:06.000000', '1', '2024-10-06', NULL, 6, 6, NULL, 3, 3, 837, 19, 6),
('Thissa2024-10-07', '2024-10-08 00:03:29.000000', '2024-10-07 10:07:54.000000', '1', '2024-10-07', NULL, 7, 7, NULL, 3, 3, 835, 19, 6),
('Thissa2024-10-08', '2024-10-09 00:01:24.000000', '2024-10-08 09:56:44.000000', '1', '2024-10-08', NULL, NULL, 0, 3, 1, 4, 844, 19, 6),
('Thissa2024-10-09', '2024-10-10 00:02:58.000000', '2024-10-09 09:58:45.000000', '1', '2024-10-09', NULL, NULL, 0, 1, 2, 3, 844, 19, 6),
('Thissa2024-10-12', '2024-10-13 00:11:27.000000', '2024-10-12 09:47:45.000000', '1', '2024-10-12', NULL, NULL, 0, 12, 11, 23, 863, 19, 6),
('Thissa2024-10-13', '2024-10-14 00:04:09.000000', '2024-10-13 09:49:33.000000', '1', '2024-10-13', NULL, NULL, 0, 10, 4, 14, 854, 19, 6),
('Thissa2024-10-14', '2024-10-15 00:00:48.000000', '2024-10-14 10:01:16.000000', '1', '2024-10-14', 0, 1, 1, NULL, NULL, 0, 839, 19, 6),
('Thissa2024-10-15', '2024-10-16 00:11:28.000000', '2024-10-15 09:59:47.000000', '1', '2024-10-15', NULL, 0, 0, NULL, 11, 11, 851, 19, 6),
('Thissa2024-10-16', '2024-10-17 00:12:22.000000', '2024-10-16 09:54:02.000000', '1', '2024-10-16', NULL, NULL, 0, 5, 12, 17, 858, 19, 6),
('Thissa2024-10-18', '2024-10-19 00:04:34.000000', '2024-10-18 10:01:09.000000', '1', '2024-10-18', NULL, 1, 1, NULL, 4, 4, 843, 19, 6),
('Thissa2024-10-19', '2024-10-20 00:00:18.000000', '2024-10-19 10:05:18.000000', '1', '2024-10-19', 0, 5, 5, NULL, NULL, 0, 835, 19, 6),
('Thissa2024-10-20', '2024-10-21 00:04:25.000000', '2024-10-20 10:40:59.000000', '1', '2024-10-20', NULL, 40, 40, NULL, 4, 4, 803, 19, 6),
('Thissa2024-10-21', '2024-10-22 00:00:03.000000', '2024-10-21 09:56:12.000000', '1', '2024-10-21', 0, NULL, 0, 3, NULL, 3, 843, 19, 6),
('Thissa2024-10-22', '2024-10-23 00:03:45.000000', '2024-10-22 09:56:35.000000', '1', '2024-10-22', NULL, NULL, 0, 3, 3, 6, 847, 19, 6),
('Thissa2024-10-23', '2024-10-23 09:59:55.000000', '2024-10-23 09:59:55.000000', '?', '2024-10-23', NULL, NULL, 0, NULL, NULL, 0, 0, 19, 6),
('Thissa2024-10-24', '2024-10-25 00:01:35.000000', '2024-10-24 09:41:02.000000', '1', '2024-10-24', NULL, NULL, 0, 18, 1, 19, 860, 19, 6),
('Thissa2024-10-25', '2024-10-26 00:10:38.000000', '2024-10-25 10:04:13.000000', '1', '2024-10-25', NULL, 4, 4, NULL, 10, 10, 846, 19, 6),
('Thissa2024-10-26', '2024-10-27 00:01:09.000000', '2024-10-26 10:00:38.000000', '1', '2024-10-26', NULL, 0, 0, NULL, 1, 1, 840, 19, 6),
('Thissa2024-10-27', '2024-10-28 00:11:51.000000', '2024-10-27 09:48:37.000000', '1', '2024-10-27', NULL, NULL, 0, 11, 11, 22, 863, 19, 6),
('Thissa2024-10-28', '2024-10-28 10:02:29.000000', '2024-10-28 10:02:29.000000', '?', '2024-10-28', NULL, NULL, 0, NULL, NULL, 0, 0, 19, 6),
('Thissa2024-10-29', '2024-10-30 00:05:48.000000', '2024-10-29 10:44:52.000000', '1', '2024-10-29', NULL, 44, 44, NULL, 5, 5, 800, 19, 6),
('Thissa2024-10-30', '2024-10-31 00:02:17.000000', '2024-10-30 09:59:14.000000', '1', '2024-10-30', NULL, 0, 0, NULL, 2, 2, 843, 19, 6),
('Thissa2024-10-31', '2024-11-01 00:03:14.000000', '2024-10-31 10:01:19.000000', '1', '2024-10-31', NULL, 1, 1, NULL, 3, 3, 841, 19, 6),
('Thissa2024-11-02', '2024-11-03 00:03:55.000000', '2024-11-02 09:47:50.000000', '1', '2024-11-02', NULL, NULL, 0, 12, 3, 15, 856, 19, 6),
('Thissa2024-11-03', '2024-11-04 00:00:35.000000', '2024-11-03 09:53:35.000000', '1', '2024-11-03', 0, NULL, 0, 6, NULL, 6, 847, 19, 6),
('Thissa2024-11-04', '2024-11-05 00:00:36.000000', '2024-11-04 10:07:51.000000', '1', '2024-11-04', 0, 7, 7, NULL, NULL, 0, 832, 19, 6),
('Thissa2024-11-05', '2024-11-06 00:01:47.000000', '2024-11-05 09:54:41.000000', '1', '2024-11-05', NULL, NULL, 0, 5, 1, 6, 847, 19, 6),
('Thissa2024-11-06', '2024-11-07 00:00:33.000000', '2024-11-06 09:48:22.000000', '1', '2024-11-06', 0, NULL, 0, 11, NULL, 11, 852, 19, 6),
('Thissa2024-11-07', '2024-11-08 00:00:37.000000', '2024-11-07 09:49:47.000000', '1', '2024-11-07', 0, NULL, 0, 10, NULL, 10, 850, 19, 6),
('Thissa2024-11-08', '2024-11-08 15:04:33.000000', '2024-11-08 10:04:01.000000', 'ab', '2024-11-08', 535, 4, 539, NULL, NULL, 0, 300, 19, 6),
('Thissa2024-11-10', '2024-11-11 00:02:34.000000', '2024-11-10 09:24:48.000000', '1', '2024-11-10', NULL, NULL, 0, 35, 2, 37, 877, 19, 6),
('Thissa2024-11-11', '2024-11-12 00:02:34.000000', '2024-11-11 09:50:11.000000', '1', '2024-11-11', NULL, NULL, 0, 9, 2, 11, 852, 19, 6),
('Thissa2024-11-17', '2024-11-18 00:16:26.000000', '2024-11-17 10:27:37.000000', '1', '2024-11-17', NULL, 27, 27, NULL, 16, 16, 828, 19, 6),
('Thissa2024-11-18', '2024-11-19 00:00:03.000000', '2024-11-18 10:01:46.000000', '1', '2024-11-18', 0, 1, 1, NULL, NULL, 0, 838, 19, 6),
('Thissa2024-11-19', '2024-11-20 00:02:55.000000', '2024-11-19 09:57:13.000000', '1', '2024-11-19', NULL, NULL, 0, 2, 2, 4, 845, 19, 6),
('Thissa2024-11-20', '2024-11-21 00:02:07.000000', '2024-11-20 10:06:39.000000', '1', '2024-11-20', NULL, 6, 6, NULL, 2, 2, 835, 19, 6),
('Thissa2024-11-21', '2024-11-22 00:02:12.000000', '2024-11-21 09:57:44.000000', '1', '2024-11-21', NULL, NULL, 0, 2, 2, 4, 844, 19, 6),
('Thissa2024-11-22', '2024-11-23 00:01:30.000000', '2024-11-22 09:55:27.000000', '1', '2024-11-22', NULL, NULL, 0, 4, 1, 5, 846, 19, 6),
('Thissa2024-11-23', '2024-11-24 00:02:22.000000', '2024-11-23 11:11:12.000000', '1', '2024-11-23', NULL, 71, 71, NULL, 2, 2, 771, 19, 6),
('Thissa2024-11-24', '2024-11-25 00:05:26.000000', '2024-11-24 10:04:24.000000', '1', '2024-11-24', NULL, 4, 4, NULL, 5, 5, 841, 19, 6),
('Thissa2024-11-25', '2024-11-26 00:10:56.000000', '2024-11-25 10:00:08.000000', '1', '2024-11-25', NULL, 0, 0, NULL, 10, 10, 850, 19, 6),
('Thissa2024-11-26', '2024-11-27 00:00:58.000000', '2024-11-26 09:48:25.000000', '1', '2024-11-26', 0, NULL, 0, 11, NULL, 11, 852, 19, 6),
('Thissa2024-11-27', '2024-11-28 00:07:13.000000', '2024-11-27 10:07:15.000000', '1', '2024-11-27', NULL, 7, 7, NULL, 7, 7, 839, 19, 6),
('Thissa2024-11-28', '2024-11-29 00:04:48.000000', '2024-11-28 10:11:16.000000', '1', '2024-11-28', NULL, 11, 11, NULL, 4, 4, 833, 19, 6),
('Thissa2024-11-29', '2024-11-30 00:01:28.000000', '2024-11-29 10:08:03.000000', '1', '2024-11-29', NULL, 8, 8, NULL, 1, 1, 833, 19, 6),
('Thissa2024-11-30', '2024-12-01 00:02:09.000000', '2024-11-30 10:02:41.000000', '1', '2024-11-30', NULL, 2, 2, NULL, 2, 2, 839, 19, 6),
('Thissa2024-12-01', '2024-12-02 00:01:54.000000', '2024-12-01 10:09:58.000000', '1', '2024-12-01', NULL, 9, 9, NULL, 1, 1, 831, 19, 6),
('Thissa2024-12-02', '2024-12-03 00:05:01.000000', '2024-12-02 10:17:20.000000', '1', '2024-12-02', NULL, 17, 17, NULL, 5, 5, 827, 19, 6),
('Thissa2024-12-03', '2024-12-04 00:09:16.000000', '2024-12-03 09:59:15.000000', '1', '2024-12-03', NULL, 0, 0, NULL, 9, 9, 850, 19, 6),
('Thissa2024-12-04', '2024-12-05 00:02:07.000000', '2024-12-04 10:09:49.000000', '1', '2024-12-04', NULL, 9, 9, NULL, 2, 2, 832, 19, 6),
('Thissa2024-12-05', '2024-12-05 16:01:42.000000', '2024-12-05 10:01:11.000000', '0.5', '2024-12-05', 478, 1, 479, NULL, NULL, 0, 360, 19, 6),
('Thissa2024-12-06', '2024-12-07 00:00:59.000000', '2024-12-06 09:58:59.000000', '1', '2024-12-06', 0, NULL, 0, 1, NULL, 1, 842, 19, 6),
('Thissa2024-12-11', '2024-12-12 00:03:01.000000', '2024-12-11 09:58:33.000000', '1', '2024-12-11', NULL, NULL, 0, 1, 3, 4, 844, 19, 6),
('Thissa2024-12-12', '2024-12-13 00:01:09.000000', '2024-12-12 09:53:52.000000', '1', '2024-12-12', NULL, NULL, 0, 6, 1, 7, 847, 19, 6),
('Thissa2024-12-13', '2024-12-14 00:09:44.000000', '2024-12-13 09:46:50.000000', '1', '2024-12-13', NULL, NULL, 0, 13, 9, 22, 862, 19, 6),
('Thissa2024-12-15', '2024-12-16 00:18:38.000000', '2024-12-15 09:53:03.000000', '1', '2024-12-15', NULL, NULL, 0, 6, 18, 24, 865, 19, 6),
('Thissa2024-12-16', '2024-12-17 00:07:28.000000', '2024-12-16 10:21:07.000000', '1', '2024-12-16', NULL, 21, 21, NULL, 7, 7, 826, 19, 6),
('Thissa2024-12-17', '2024-12-18 00:04:46.000000', '2024-12-17 10:07:03.000000', '1', '2024-12-17', NULL, 7, 7, NULL, 4, 4, 837, 19, 6),
('Thissa2024-12-18', '2024-12-19 00:02:41.000000', '2024-12-18 09:39:06.000000', '1', '2024-12-18', NULL, NULL, 0, 20, 2, 22, 863, 19, 6),
('Thissa2024-12-19', '2024-12-20 00:09:26.000000', '2024-12-19 11:31:10.000000', '1', '2024-12-19', NULL, 91, 91, NULL, 9, 9, 758, 19, 6),
('Thissa2024-12-20', '2024-12-21 00:01:40.000000', '2024-12-20 09:46:13.000000', '1', '2024-12-20', NULL, NULL, 0, 13, 1, 14, 855, 19, 6),
('Thissa2024-12-21', '2024-12-22 00:16:03.000000', '2024-12-21 09:45:34.000000', '1', '2024-12-21', NULL, NULL, 0, 14, 16, 30, 870, 19, 6),
('Thissa2024-12-22', '2024-12-23 00:02:57.000000', '2024-12-22 12:17:45.000000', '1', '2024-12-22', NULL, 137, 137, NULL, 2, 2, 705, 19, 6),
('Thissa2024-12-23', '2024-12-24 00:00:52.000000', '2024-12-23 09:56:01.000000', '1', '2024-12-23', 0, NULL, 0, 3, NULL, 3, 844, 19, 6),
('Thissa2024-12-24', '2024-12-25 00:03:32.000000', '2024-12-24 09:48:31.000000', '1', '2024-12-24', NULL, NULL, 0, 11, 3, 14, 855, 19, 6),
('Thissa2024-12-26', '2024-12-27 00:00:03.000000', '2024-12-26 09:50:40.000000', '1', '2024-12-26', 0, NULL, 0, 9, NULL, 9, 849, 19, 6),
('Thissa2024-12-27', '2024-12-28 00:03:19.000000', '2024-12-27 09:04:39.000000', '1', '2024-12-27', NULL, NULL, 0, 55, 3, 58, 898, 19, 6),
('Thissa2024-12-28', '2024-12-29 00:03:33.000000', '2024-12-28 09:57:14.000000', '1', '2024-12-28', NULL, NULL, 0, 2, 3, 5, 846, 19, 6),
('Thissa2024-12-29', '2024-12-30 00:02:22.000000', '2024-12-29 10:17:28.000000', '1', '2024-12-29', NULL, 17, 17, NULL, 2, 2, 824, 19, 6),
('Thissa2024-12-30', '2024-12-31 00:01:17.000000', '2024-12-30 11:23:47.000000', '1', '2024-12-30', NULL, 83, 83, NULL, 1, 1, 757, 19, 6),
('Thissa2024-12-31', '2025-01-01 00:14:27.000000', '2024-12-31 09:59:45.000000', '1', '2024-12-31', NULL, 0, 0, NULL, 14, 14, 854, 19, 6),
('Thissa2025-01-01', '2025-01-01 10:02:09.000000', '2025-01-01 10:02:09.000000', '?', '2025-01-01', NULL, NULL, 0, NULL, NULL, 0, 0, 19, 6);

-- --------------------------------------------------------

--
-- Table structure for table `department`
--

CREATE TABLE `department` (
  `department_id` bigint(20) NOT NULL,
  `name` varchar(255) NOT NULL,
  `system_name` varchar(255) NOT NULL
) ENGINE=InnoDB DEFAULT CHARSET=utf8mb4 COLLATE=utf8mb4_general_ci;

--
-- Dumping data for table `department`
--

INSERT INTO `department` (`department_id`, `name`, `system_name`) VALUES
(1, 'Kitchen', 'Grand Elite/Kitchen'),
(2, 'Steward', 'Grand Elite/Steward'),
(3, 'Back Office', 'Grand Elite/Back Office'),
(4, 'Front Office', 'Grand Elite/Front Office'),
(5, 'Cleaning & Maintenance', 'Grand Elite/Cleaning & Maintainance'),
(6, 'General', 'Grand Elite');

-- --------------------------------------------------------

--
-- Table structure for table `department_shift`
--

CREATE TABLE `department_shift` (
  `department_shift_recode_id` bigint(20) NOT NULL,
  `department_id` bigint(20) NOT NULL,
  `shift_id` bigint(20) NOT NULL
) ENGINE=InnoDB DEFAULT CHARSET=utf8mb4 COLLATE=utf8mb4_general_ci;

-- --------------------------------------------------------

--
-- Table structure for table `employee`
--

CREATE TABLE `employee` (
  `employee_id` bigint(20) NOT NULL,
  `designation` varchar(255) DEFAULT NULL,
  `employee_type` enum('PERMANENT','TEMPORARY') NOT NULL,
  `epf_no` bigint(20) DEFAULT NULL,
  `full_name` varchar(255) NOT NULL,
  `joining_date` date DEFAULT NULL,
  `nic_no` varchar(255) DEFAULT NULL,
  `short_name` varchar(255) NOT NULL,
  `status` enum('ACTIVE','INACTIVE') NOT NULL,
  `department_id` bigint(20) DEFAULT NULL
) ENGINE=InnoDB DEFAULT CHARSET=utf8mb4 COLLATE=utf8mb4_general_ci;

--
-- Dumping data for table `employee`
--

INSERT INTO `employee` (`employee_id`, `designation`, `employee_type`, `epf_no`, `full_name`, `joining_date`, `nic_no`, `short_name`, `status`, `department_id`) VALUES
(1, 'EX Chef', 'TEMPORARY', NULL, 'S.C.Senevirathna', '2024-01-01', '843364225V', 'Sajith', 'ACTIVE', 1),
(3, 'Administrative Assistant', 'TEMPORARY', NULL, 'L.P.M. De Silva', '2024-01-01', '985242925V', 'Piyumi', 'ACTIVE', 3),
(5, 'Restaurant Captain', 'PERMANENT', 15, 'L.G.A.D. Liyanage', '2024-01-01', '930732915V', 'Ashan', 'ACTIVE', 4),
(6, 'Chef De partie', 'PERMANENT', 14, 'K.M.G.S.Dias', '2024-01-01', '640661763V', 'Samson', 'ACTIVE', 1),
(8, 'Commi III', 'PERMANENT', 13, 'A.R.P.M.Ramanayaka', '2024-01-01', '200026703075', 'Madhusanka', 'ACTIVE', 1),
(9, 'Cook', 'TEMPORARY', NULL, 'M.Kanageswaran', '2024-01-01', '199318804096', 'Kanageswaran', 'ACTIVE', 1),
(10, 'K Helper', 'PERMANENT', 7, 'S.K. Udayakumara', '2024-01-01', '613481931V', 'Kumara', 'ACTIVE', 1),
(11, 'K.Helper', 'TEMPORARY', NULL, 'D.T.M.Dahanayake', '2024-01-01', '', 'Thimira', 'ACTIVE', 1),
(12, 'Cashier', 'PERMANENT', 19, 'E.M.N.C.Ekanayaka', '2024-01-01', '920872506V', 'Chalinda', 'ACTIVE', 4),
(13, 'Steward 1', 'TEMPORARY', NULL, 'K.Sridharan', '2024-01-01', '941293190V', 'Sridaran', 'ACTIVE', 2),
(14, 'Steward 2', 'TEMPORARY', NULL, 'S.A.D.B.Nirmal', '2024-01-01', '200723801829', 'Nirmal', 'ACTIVE', 2),
(15, 'Steward 3', 'PERMANENT', 17, 'R.A.I.Sampath', '2024-01-01', '200306312115', 'Ishara', 'ACTIVE', 2),
(16, 'Steward 4', 'TEMPORARY', NULL, 'R.M.A.Pushpakumar', '2024-01-01', '199612104190', 'Arjuna', 'ACTIVE', 2),
(17, 'Steward 5', 'TEMPORARY', NULL, 'K.G.I.D.Pathmasiri', '2024-01-01', '981522818V', 'Dilshan', 'ACTIVE', 2),
(19, 'Barman', 'PERMANENT', 21, 'H.M.T. Podimahaththaya', '2024-01-01', '197930300720', 'Thissa', 'ACTIVE', 4),
(20, 'GRE', 'TEMPORARY', NULL, 'E.H.D.R.Sankalpana', '2024-01-01', '200250703156', 'Rashini', 'ACTIVE', 3),
(21, 'Data Entry', 'PERMANENT', 20, 'A.M. Weerasinghe', '2024-01-01', '938060312V', 'Ayesha', 'ACTIVE', 3),
(22, 'SK', 'PERMANENT', 4, 'G.S. Samaraweera', '2024-01-01', '641552780V', 'Samaraweera', 'ACTIVE', 4),
(23, 'Cleaning', 'TEMPORARY', NULL, 'Sudarshani', '2024-01-01', '', 'Sudarshani', 'ACTIVE', 5),
(24, 'Maintenance Officer', 'PERMANENT', 3, 'D.A.T.N. Kumara', '2024-01-01', '963471319V', 'Nadun', 'ACTIVE', 5),
(26, 'Cleaning', 'TEMPORARY', NULL, 'Kumari', '2024-01-01', '', 'Kumari', 'ACTIVE', 5),
(27, 'Garden Maintenance', 'TEMPORARY', NULL, 'Kalimuththu', '2024-01-01', '', 'Kalimuththu', 'ACTIVE', 5),
(28, 'QB Data Entry', 'TEMPORARY', NULL, 'D.M.N.B.Dissanayake', '2024-01-01', '', 'Bhagya', 'ACTIVE', 3),
(29, 'Trainnee', 'TEMPORARY', NULL, 'Natheesha', '2024-01-01', '', 'Natheesha', 'ACTIVE', 3),
(30, NULL, 'TEMPORARY', NULL, 'Nipuna', NULL, NULL, 'Nipuna', 'ACTIVE', 6),
(31, NULL, 'TEMPORARY', NULL, 'Nirwan', NULL, NULL, 'Nirwan', 'ACTIVE', 1),
(32, NULL, 'TEMPORARY', NULL, 'Sridharan', NULL, NULL, 'Sridharan', 'ACTIVE', 2),
(34, NULL, 'TEMPORARY', NULL, 'Kaushalya', NULL, NULL, 'Kaushalya', 'ACTIVE', 3),
(35, NULL, 'TEMPORARY', NULL, 'K K Kumar', NULL, NULL, 'K K Kumar', 'ACTIVE', 1),
(36, NULL, 'TEMPORARY', NULL, 'Manoj', NULL, NULL, 'Manoj', 'ACTIVE', 1);

-- --------------------------------------------------------

--
-- Table structure for table `employee_monthly_leave_usage`
--

CREATE TABLE `employee_monthly_leave_usage` (
  `leave_usage_id` varchar(255) NOT NULL,
  `ab_on_public_holiday` bigint(20) DEFAULT NULL,
  `annual_leaves` bigint(20) DEFAULT NULL,
  `casual` bigint(20) DEFAULT NULL,
  `medical` bigint(20) DEFAULT NULL,
  `month` varchar(255) NOT NULL,
  `monthly_mandatory_leaves` bigint(20) DEFAULT NULL,
  `no_pay_leaves` bigint(20) DEFAULT NULL,
  `other` bigint(20) DEFAULT NULL,
  `year` varchar(255) NOT NULL,
  `employee_id` bigint(20) DEFAULT NULL
) ENGINE=InnoDB DEFAULT CHARSET=utf8mb4 COLLATE=utf8mb4_general_ci;

--
-- Dumping data for table `employee_monthly_leave_usage`
--

INSERT INTO `employee_monthly_leave_usage` (`leave_usage_id`, `ab_on_public_holiday`, `annual_leaves`, `casual`, `medical`, `month`, `monthly_mandatory_leaves`, `no_pay_leaves`, `other`, `year`, `employee_id`) VALUES
('15:2024:October', 0, 0, 0, 0, 'October', 0, 2, 0, '2024', 15),
('28:2024:November', 0, 0, 0, 0, 'November', 0, 5, 0, '2024', 28),
('6:2024:November', 0, 0, 0, 0, 'November', 0, 5, 0, '2024', 6);

-- --------------------------------------------------------

--
-- Table structure for table `employee_yearly_leave_eligibility`
--

CREATE TABLE `employee_yearly_leave_eligibility` (
  `leave_record_id` varchar(255) NOT NULL,
  `annual` bigint(20) DEFAULT NULL,
  `casual` bigint(20) DEFAULT NULL,
  `medical` bigint(20) DEFAULT NULL,
  `year` varchar(255) NOT NULL,
  `employee_id` bigint(20) DEFAULT NULL
) ENGINE=InnoDB DEFAULT CHARSET=utf8mb4 COLLATE=utf8mb4_general_ci;

-- --------------------------------------------------------

--
-- Table structure for table `holiday_calendar`
--

CREATE TABLE `holiday_calendar` (
  `holiday_date` date NOT NULL,
  `description` varchar(255) DEFAULT NULL,
  `mandatory_holiday` bit(1) NOT NULL
) ENGINE=InnoDB DEFAULT CHARSET=utf8mb4 COLLATE=utf8mb4_general_ci;

--
-- Dumping data for table `holiday_calendar`
--

INSERT INTO `holiday_calendar` (`holiday_date`, `description`, `mandatory_holiday`) VALUES
('2024-10-17', 'Poya', b'1'),
('2024-11-15', 'Poya', b'1'),
('2024-12-14', 'Poya', b'1'),
('2025-01-13', 'Poya', b'1');

-- --------------------------------------------------------

--
-- Table structure for table `monthly_full_salary`
--

CREATE TABLE `monthly_full_salary` (
  `monthly_full_salary_record_id` varchar(255) NOT NULL,
  `arrears` double DEFAULT NULL,
  `attendance_allowance` double DEFAULT NULL,
  `basic` double DEFAULT NULL,
  `bonus` double DEFAULT NULL,
  `epf_company_amount` double DEFAULT NULL,
  `epf_employee_amount` double DEFAULT NULL,
  `epf_total` double DEFAULT NULL,
  `etf_company_amount` double DEFAULT NULL,
  `food_bill` double DEFAULT NULL,
  `gross_pay` double DEFAULT NULL,
  `incentives` double DEFAULT NULL,
  `late_charges` double DEFAULT NULL,
  `month` varchar(255) NOT NULL,
  `net_salary` double DEFAULT NULL,
  `no_pay_amount` double DEFAULT NULL,
  `ot_1` double DEFAULT NULL,
  `ot_2` double DEFAULT NULL,
  `other_deductions` double DEFAULT NULL,
  `performance_allowance` double DEFAULT NULL,
  `salary_advance` double DEFAULT NULL,
  `total_allowance` double DEFAULT NULL,
  `total_deduction` double DEFAULT NULL,
  `total_for_epf` double DEFAULT NULL,
  `total_monthly_salary` double DEFAULT NULL,
  `transport_allowance` double DEFAULT NULL,
  `year` varchar(255) NOT NULL,
  `employee_id` bigint(20) NOT NULL
) ENGINE=InnoDB DEFAULT CHARSET=utf8mb4 COLLATE=utf8mb4_general_ci;

--
-- Dumping data for table `monthly_full_salary`
--

INSERT INTO `monthly_full_salary` (`monthly_full_salary_record_id`, `arrears`, `attendance_allowance`, `basic`, `bonus`, `epf_company_amount`, `epf_employee_amount`, `epf_total`, `etf_company_amount`, `food_bill`, `gross_pay`, `incentives`, `late_charges`, `month`, `net_salary`, `no_pay_amount`, `ot_1`, `ot_2`, `other_deductions`, `performance_allowance`, `salary_advance`, `total_allowance`, `total_deduction`, `total_for_epf`, `total_monthly_salary`, `transport_allowance`, `year`, `employee_id`) VALUES
('10:2024:10', 0, 10800, 16000, 0, 1920, 1280, 3200, 480, 5060, 25077.333333333332, 0, 0, 'October', 31276.293333333335, 0, 7610.666666666666, 1466.6666666666667, 5000, 3000, 0, 17538.96, 11340, 16000, 42616.293333333335, 3738.9599999999996, '2024', 10),
('10:2024:11', 0, 10400, 16000, 0, 1920, 1280, 3200, 480, 5000, 22642.221333333335, 0, 0, 'November', 28362.70133333333, 0, 5175.554666666667, 1466.6666666666667, 5000, 3000, 0, 17000.48, 11280, 16000, 39642.70133333333, 3600.4799999999996, '2024', 10),
('10:2024:12', 0, 10000, 16000, 0, 1920, 1280, 3200, 480, 3860, 29000.000000000004, 0, 0, 'December', 40322, 0, 12133.333333333334, 866.6666666666667, 0, 3000, 0, 16462, 5140, 16000, 45462, 3461.9999999999995, '2024', 10),
('10:2024:9', 0, 400, 16000, 0, 1920, 1280, 3200, 480, 0, 16000, 0, 0, 'September', 18258.48, 0, 0, 0, 0, 3000, 0, 3538.48, 1280, 16000, 19538.48, 138.48, '2024', 10),
('10:2025:1', 0, 0, 16000, 0, 1920, 1280, 3200, 480, 0, 16000, 0, 0, 'January', 17720, 0, 0, 0, 0, 3000, 0, 3000, 1280, 16000, 19000, 0, '2025', 10),
('11:2024:10', 0, 4307.8, 16000, 0, NULL, NULL, NULL, NULL, 0, 20200, 533.3333333333334, 0, 'October', 20041.13333333333, 0, 4200, 0, 0, 0, 5000, 4841.133333333333, 5000, 16000, 25041.13333333333, 0, '2024', 11),
('11:2024:11', 0, 3692.3999999999996, 16000, 0, NULL, NULL, NULL, NULL, 0, 16266.666666666666, 0, 0, 'November', 19959.066666666666, 0, 0, 266.6666666666667, 0, 0, 0, 3692.3999999999996, 0, 16000, 19959.066666666666, 0, '2024', 11),
('11:2024:12', 0, 4153.95, 16000, 0, NULL, NULL, NULL, NULL, 720, 23016.667, 0, 0, 'December', 21450.617000000002, 0, 7016.6669999999995, 0, 0, 0, 5000, 4153.95, 5720, 16000, 27170.617000000002, 0, '2024', 11),
('11:2024:9', 0, 0, 16000, 0, NULL, NULL, NULL, NULL, 0, 16000, 0, 0, 'September', 16000, 0, 0, 0, 0, 0, 0, 0, 0, 16000, 16000, 0, '2024', 11),
('11:2025:1', 0, 0, 16000, 0, NULL, NULL, NULL, NULL, 0, 16000, 0, 0, 'January', 16000, 0, 0, 0, 0, 0, 0, 0, 0, 16000, 16000, 0, '2025', 11),
('12:2024:10', 0, 4712.5, 17000, 0, 2040, 1360, 3400, 510, 6189, 26845.833333333332, 0, 0, 'October', 14009.333333333328, 0, 8287.5, 1558.3333333333333, 5000, 5000, 10000, 9712.5, 22549, 17000, 36558.33333333333, 0, '2024', 12),
('12:2024:11', 0, 4168.75, 17000, 0, 2040, 1360, 3400, 510, 5720, 26527.083333333332, 0, 0, 'November', 13615.833333333328, 0, 7968.75, 1558.3333333333333, 5000, 5000, 10000, 9168.75, 22080, 17000, 35695.83333333333, 0, '2024', 12),
('12:2024:12', 0, 4893.75, 17000, 0, 2040, 1360, 3400, 510, 1310, 26527.083333333332, 0, 0, 'December', 18750.83333333333, 0, 8606.25, 920.8333333333333, 5000, 5000, 10000, 9893.75, 17670, 17000, 36420.83333333333, 0, '2024', 12),
('12:2024:9', 0, 181.25, 17000, 0, 2040, 1360, 3400, 510, 0, 17000, 0, 0, 'September', 20821.25, 0, 0, 0, 0, 5000, 0, 5181.25, 1360, 17000, 22181.25, 0, '2024', 12),
('12:2025:1', 0, 0, 17000, 0, 2040, 1360, 3400, 510, 0, 17000, 0, 0, 'January', 20640, 0, 0, 0, 0, 5000, 0, 5000, 1360, 17000, 22000, 0, '2025', 12),
('14:2024:10', 0, 3000, 16000, 0, NULL, NULL, NULL, NULL, 2396, 20454, 1600, 0, 'October', 24273.5, 0, 4454, 0, 0, 0, 0, 6215.5, 2396, 16000, 26669.5, 1615.5, '2024', 14),
('14:2024:11', 0, 2200, 16000, 0, NULL, NULL, NULL, NULL, 0, 16000, 0, 0, 'November', 19384.7, 0, 0, 0, 0, 0, 0, 3384.7, 0, 16000, 19384.7, 1184.7, '2024', 14),
('14:2024:12', 0, 2750, 16000, 0, NULL, NULL, NULL, NULL, 3271, 24840, 266.6666666666667, 372.96000000000004, 'December', 25693.58166666667, 0, 8840, 0, 0, 0, 0, 4497.541666666667, 3643.96, 16000, 29337.541666666668, 1480.875, '2024', 14),
('14:2024:9', 0, 0, 16000, 0, NULL, NULL, NULL, NULL, 0, 16000, 0, 0, 'September', 16000, 0, 0, 0, 0, 0, 0, 0, 0, 16000, 16000, 0, '2024', 14),
('14:2025:1', 0, 0, 16000, 0, NULL, NULL, NULL, NULL, 0, 16000, 0, 0, 'January', 16000, 0, 0, 0, 0, 0, 0, 0, 0, 16000, 16000, 0, '2025', 14),
('15:2024:10', 0, 3400, 16000, 0, 1920, 1194.6666666666667, 3114.666666666667, 480, 3000, 17424.40666666667, 0, 0, 'October', 23421.760000000002, 1066.6666666666667, 1624.4066666666668, 866.6666666666667, 0, 3000, 0, 10192.02, 4194.666666666667, 14933.333333333334, 27616.42666666667, 3792.02, '2024', 15),
('15:2024:11', 0, 4800, 16000, 0, 1920, 1280, 3200, 480, 4425, 21291.666666666668, 0, 116.55000000000001, 'November', 18623.556666666667, 0, 3825, 1466.6666666666667, 0, 3000, 10000, 13153.44, 15821.55, 16000, 34445.10666666667, 5353.4400000000005, '2024', 15),
('15:2024:12', 0, 5800, 16000, 0, 1920, 1280, 3200, 480, 1412, 26639.06666666667, 1066.6666666666667, 233.10000000000002, 'December', 40049.37333333334, 0, 9472.4, 1166.6666666666667, 0, 3000, 0, 16335.406666666666, 2925.1, 16000, 42974.473333333335, 6468.74, '2024', 15),
('15:2024:9', 0, 100, 16000, 0, 1920, 1280, 3200, 480, 0, 16000, 0, 0, 'September', 17931.53, 0, 0, 0, 0, 3000, 0, 3211.53, 1280, 16000, 19211.53, 111.53, '2024', 15),
('15:2025:1', 0, 200, 16000, 0, 1920, 1280, 3200, 480, 0, 16000, 0, 0, 'January', 18143.06, 0, 0, 0, 0, 3000, 0, 3423.06, 1280, 16000, 19423.06, 223.06, '2025', 15),
('16:2024:10', 0, 4461.65, 16000, 0, NULL, NULL, NULL, NULL, 6080, 20592.146666666667, 1066.6666666666667, 499.50000000000006, 'October', 24540.963333333333, 0, 4325.48, 266.6666666666667, 0, 5000, 0, 10528.316666666666, 6579.5, 16000, 31120.463333333333, 0, '2024', 16),
('16:2024:11', 0, 4000.1, 16000, 0, NULL, NULL, NULL, NULL, 4570, 20460, 0, 666.0000000000001, 'November', 24224.1, 0, 4193.333333333333, 266.6666666666667, 0, 5000, 0, 9000.1, 5236, 16000, 29460.1, 0, '2024', 16),
('16:2024:12', 0, 4461.65, 16000, 0, NULL, NULL, NULL, NULL, 7572, 24953.333333333336, 1066.6666666666667, 0, 'December', 27909.65, 0, 8953.333333333334, 0, 0, 5000, 0, 10528.316666666666, 7572, 16000, 35481.65, 0, '2024', 16),
('16:2024:9', 0, 76.925, 16000, 0, NULL, NULL, NULL, NULL, 0, 16000, 0, 0, 'September', 21076.925, 0, 0, 0, 0, 5000, 0, 5076.925, 0, 16000, 21076.925, 0, '2024', 16),
('16:2025:1', 0, 0, 16000, 0, NULL, NULL, NULL, NULL, 0, 16000, 0, 0, 'January', 21000, 0, 0, 0, 0, 5000, 0, 5000, 0, 16000, 21000, 0, '2025', 16),
('17:2024:10', 0, 4307.8, 16000, 0, NULL, NULL, NULL, NULL, 2660, 22885.333333333332, 533.3333333333334, 982.3500000000001, 'October', 19084.11666666667, 0, 6618.666666666666, 266.6666666666667, 0, 5000, 10000, 9841.133333333333, 13642.35, 16000, 32726.466666666667, 0, '2024', 17),
('17:2024:11', 0, 4000.1, 16000, 0, NULL, NULL, NULL, NULL, 4980, 23406.666666666668, 0, 532.8000000000001, 'November', 21893.96666666667, 0, 7140, 266.6666666666667, 0, 5000, 5000, 9000.1, 10512.8, 16000, 32406.76666666667, 0, '2024', 17),
('17:2024:12', 0, 3846.25, 16000, 0, NULL, NULL, NULL, NULL, 0, 16000, 0, 0, 'December', 24846.25, 0, 0, 0, 0, 5000, 0, 8846.25, 0, 16000, 24846.25, 0, '2024', 17),
('17:2024:9', 0, 76.925, 16000, 0, NULL, NULL, NULL, NULL, 0, 16000, 0, 0, 'September', 21076.925, 0, 0, 0, 0, 5000, 0, 5076.925, 0, 16000, 21076.925, 0, '2024', 17),
('17:2025:1', 0, 153.85, 16000, 0, NULL, NULL, NULL, NULL, 0, 16000, 0, 0, 'January', 21153.85, 0, 0, 0, 0, 5000, 0, 5153.85, 0, 16000, 21153.85, 0, '2025', 17),
('19:2024:10', 0, 9450, 17000, 0, 2040, 1360, 3400, 510, 9260, 26881.25, 0, 0, 'October', 36539.2, 0, 8606.25, 1275, 0, 5000, 0, 20277.95, 10620, 17000, 47159.2, 5827.95, '2024', 19),
('19:2024:11', 0, 7700, 17000, 0, 2040, 1360, 3400, 510, 0, 17956.25, 0, 0, 'November', 34044.95, 0, 0, 956.25, 0, 5000, 0, 17448.7, 1360, 17000, 35404.95, 4748.7, '2024', 19),
('19:2024:12', 0, 8750, 17000, 0, 2040, 1360, 3400, 510, 6510, 25105.100625, 0, 233.64, 'December', 31147.710625, 0, 7467.600624999999, 637.5, 0, 5000, 5000, 19146.25, 13103.64, 17000, 44251.350625, 5396.25, '2024', 19),
('19:2024:9', 0, 350, 17000, 0, 2040, 1360, 3400, 510, 0, 17000, 0, 0, 'September', 21205.85, 0, 0, 0, 0, 5000, 0, 5565.85, 1360, 17000, 22565.85, 215.85, '2024', 19),
('19:2025:1', 0, 0, 17000, 0, 2040, 1360, 3400, 510, 0, 17000, 0, 0, 'January', 20640, 0, 0, 0, 0, 5000, 0, 5000, 1360, 17000, 22000, 0, '2025', 19),
('1:2024:10', 0, 0, 0, 0, NULL, NULL, NULL, NULL, 0, 0, 0, 0, 'October', 0, 0, 0, 0, 0, 120000, 120000, 120000, 120000, 0, 120000, 0, '2024', 1),
('1:2024:11', 0, 0, 0, 0, NULL, NULL, NULL, NULL, 21085, 0, 0, 0, 'November', 0, 0, 0, 0, 0, 120000, 98915, 120000, 120000, 0, 120000, 0, '2024', 1),
('1:2024:12', 0, 0, 0, 0, NULL, NULL, NULL, NULL, 29520, 0, 0, 0, 'December', 4810, 0, 0, 0, 0, 120000, 85670, 120000, 115190, 0, 120000, 0, '2024', 1),
('20:2024:10', 0, 7350, 16000, 0, NULL, NULL, NULL, NULL, 0, 16000, 0, 0, 'October', 36250, 0, 0, 0, 0, 4500, 0, 20250, 0, 16000, 36250, 8400, '2024', 20),
('20:2024:11', 0, 8925, 16000, 0, NULL, NULL, NULL, NULL, 0, 16266.666666666666, 0, 0, 'November', 39891.666666666664, 0, 0, 266.6666666666667, 0, 4500, 0, 23625, 0, 16000, 39891.666666666664, 10200, '2024', 20),
('20:2024:12', 0, 9100, 16000, 0, NULL, NULL, NULL, NULL, 0, 16000, 0, 0, 'December', 40000, 0, 0, 0, 0, 4500, 0, 24000, 0, 16000, 40000, 10400, '2024', 20),
('20:2024:9', 0, 0, 16000, 0, NULL, NULL, NULL, NULL, 0, 16000, 0, 0, 'September', 20500, 0, 0, 0, 0, 4500, 0, 4500, 0, 16000, 20500, 0, '2024', 20),
('20:2025:1', 0, 350, 16000, 0, NULL, NULL, NULL, NULL, 0, 16000, 0, 0, 'January', 21250, 0, 0, 0, 0, 4500, 0, 5250, 0, 16000, 21250, 400, '2025', 20),
('21:2024:10', 0, 3600, 16000, 0, 1920, 1280, 3200, 480, 0, 17166.666666666668, 0, 0, 'October', 21386.666666666668, 0, 0, 1166.6666666666667, 0, 2500, 3000, 8500, 4280, 16000, 25666.666666666668, 2400, '2024', 21),
('21:2024:11', 0, 4050, 16000, 0, 1920, 1280, 3200, 480, 0, 17166.666666666668, 533.3333333333334, 0, 'November', 27670, 0, 0, 1166.6666666666667, 0, 4500, 0, 11783.333333333334, 1280, 16000, 28950, 2700, '2024', 21),
('21:2024:12', 0, 4200, 16000, 0, 1920, 1280, 3200, 480, 1773, 17166.666666666668, 533.3333333333334, 0, 'December', 19147, 0, 0, 1166.6666666666667, 0, 4500, 7000, 12033.333333333334, 10053, 16000, 29200, 2800, '2024', 21),
('21:2024:9', 0, 150, 16000, 0, 1920, 1280, 3200, 480, 0, 16000, 0, 0, 'September', 17470, 0, 0, 0, 0, 2500, 0, 2750, 1280, 16000, 18750, 100, '2024', 21),
('21:2025:1', 0, 150, 16000, 0, 1920, 1280, 3200, 480, 0, 16000, 0, 0, 'January', 19470, 0, 0, 0, 0, 4500, 0, 4750, 1280, 16000, 20750, 100, '2025', 21),
('22:2024:10', 0, 10000, 16000, 0, 1920, 1280, 3200, 480, 0, 16600, 0, 0, 'October', 20782, 0, 0, 600, 0, 2000, 10000, 15462, 11280, 16000, 32062, 3461.9999999999995, '2024', 22),
('22:2024:11', 0, 8800, 16000, 0, 1920, 1280, 3200, 480, 0, 17200, 0, 0, 'November', 19766.559999999998, 0, 0, 1200, 0, 2000, 10000, 13846.56, 11280, 16000, 31046.559999999998, 3046.56, '2024', 22),
('22:2024:12', 0, 10400, 16000, 0, 1920, 1280, 3200, 480, 0, 16900, 0, 0, 'December', 21620.479999999996, 0, 0, 900, 0, 2000, 10000, 16000.48, 11280, 16000, 32900.479999999996, 3600.4799999999996, '2024', 22),
('22:2024:9', 0, 400, 16000, 0, 1920, 1280, 3200, 480, 0, 16000, 0, 0, 'September', 17258.48, 0, 0, 0, 0, 2000, 0, 2538.48, 1280, 16000, 18538.48, 138.48, '2024', 22),
('22:2025:1', 0, 400, 16000, 0, 1920, 1280, 3200, 480, 0, 16000, 0, 0, 'January', 17258.48, 0, 0, 0, 0, 2000, 0, 2538.48, 1280, 16000, 18538.48, 138.48, '2025', 22),
('23:2024:10', 0, 0, 0, 0, NULL, NULL, NULL, NULL, 0, 0, 0, 0, 'October', 34450, 0, 0, 0, 0, 0, 0, 34450, 0, 0, 34450, 34450, '2024', 23),
('23:2024:11', 0, 0, 0, 0, NULL, NULL, NULL, NULL, 0, 0, 600, 0, 'November', 35700, 0, 0, 0, 0, 0, 0, 35700, 0, 0, 35700, 35100, '2024', 23),
('23:2024:12', 0, 0, 0, 0, NULL, NULL, NULL, NULL, 0, 0, 1600, 0, 'December', 39300, 0, 0, 0, 0, 0, 0, 39300, 0, 0, 39300, 37700, '2024', 23),
('23:2024:9', 0, 0, 0, 0, NULL, NULL, NULL, NULL, 0, 0, 0, 0, 'September', 1300, 0, 0, 0, 0, 0, 0, 1300, 0, 0, 1300, 1300, '2024', 23),
('23:2025:1', 0, 0, 0, 0, NULL, NULL, NULL, NULL, 0, 0, 0, 0, 'January', 0, 0, 0, 0, 0, 0, 0, 0, 0, 0, 0, 0, '2025', 23),
('24:2024:10', 0, 10800, 17000, 0, 2040, 1360, 3400, 510, 1620, 20152.083333333332, 0, 0, 'October', 23238.983333333337, 0, 1721.25, 1430.8333333333333, 0, 2000, 15500, 21566.9, 18480, 17000, 41718.98333333334, 8766.9, '2024', 24),
('24:2024:11', 0, 5600, 17000, 0, 2040, 1360, 3400, 510, 0, 18147.5, 0, 0, 'November', 28933.3, 0, 0, 1147.5, 0, 2000, 0, 12145.8, 1360, 17000, 30293.3, 4545.8, '2024', 24),
('24:2024:12', 0, 0, 17000, 0, 2040, 1360, 3400, 510, 0, 17000, 0, 0, 'December', 17640, 0, 0, 0, 0, 2000, 0, 2000, 1360, 17000, 19000, 0, '2024', 24),
('24:2024:9', 0, 0, 17000, 0, 2040, 1360, 3400, 510, 0, 17000, 0, 0, 'September', 17640, 0, 0, 0, 0, 2000, 0, 2000, 1360, 17000, 19000, 0, '2024', 24),
('24:2025:1', 0, 0, 17000, 0, 2040, 1360, 3400, 510, 0, 17000, 0, 0, 'January', 17640, 0, 0, 0, 0, 2000, 0, 2000, 1360, 17000, 19000, 0, '2025', 24),
('26:2024:10', 0, 0, 0, 0, NULL, NULL, NULL, NULL, 0, 0, 0, 0, 'October', 22100, 0, 0, 0, 0, 0, 0, 22100, 0, 0, 22100, 22100, '2024', 26),
('26:2024:11', 0, 0, 0, 0, NULL, NULL, NULL, NULL, 0, 0, 0, 0, 'November', 0, 0, 0, 0, 0, 0, 0, 0, 0, 0, 0, 0, '2024', 26),
('26:2024:9', 0, 0, 0, 0, NULL, NULL, NULL, NULL, 0, 0, 0, 0, 'September', 0, 0, 0, 0, 0, 0, 0, 0, 0, 0, 0, 0, '2024', 26),
('27:2024:10', 0, 0, 0, 0, NULL, NULL, NULL, NULL, 0, 0, 0, 0, 'October', 22100, 0, 0, 0, 0, 0, 0, 22100, 0, 0, 22100, 22100, '2024', 27),
('27:2024:11', 0, 0, 0, 0, NULL, NULL, NULL, NULL, 0, 0, 0, 0, 'November', -3400, 0, 0, 0, 0, 0, 28100, 24700, 28100, 0, 24700, 24700, '2024', 27),
('27:2024:12', 0, 0, 0, 0, NULL, NULL, NULL, NULL, 0, 0, 0, 0, 'December', 3900, 0, 0, 0, 0, 0, 0, 3900, 0, 0, 3900, 3900, '2024', 27),
('28:2024:10', 0, 5625, 16000, 0, NULL, NULL, NULL, NULL, 0, 16000, 0, 0, 'October', 28000, 0, 0, 0, 0, 0, 0, 12000, 0, 16000, 28000, 6375, '2024', 28),
('28:2024:11', 0, 9000, 16000, 0, NULL, NULL, NULL, NULL, 0, 13333.333333333332, 0, 299.70000000000005, 'November', 32233.63333333333, 2666.666666666667, 0, 0, 0, 0, 0, 19200, 299.70000000000005, 13333.333333333332, 32533.333333333332, 10200, '2024', 28),
('28:2024:12', 0, 5400, 16000, 0, NULL, NULL, NULL, NULL, 0, 16000, 0, 0, 'December', 27520, 0, 0, 0, 0, 0, 0, 11520, 0, 16000, 27520, 6120, '2024', 28),
('28:2024:9', 0, 450, 16000, 0, NULL, NULL, NULL, NULL, 0, 16000, 0, 0, 'September', 16960, 0, 0, 0, 0, 0, 0, 960, 0, 16000, 16960, 510, '2024', 28),
('28:2025:1', 0, 0, 16000, 0, NULL, NULL, NULL, NULL, 0, 16000, 0, 0, 'January', 16000, 0, 0, 0, 0, 0, 0, 0, 0, 16000, 16000, 0, '2025', 28),
('3:2024:10', 0, 0, 0, 0, NULL, NULL, NULL, NULL, 0, 0, 0, 0, 'October', 12000, 0, 0, 0, 0, 0, 0, 12000, 0, 0, 12000, 12000, '2024', 3),
('3:2024:11', 0, 0, 0, 0, NULL, NULL, NULL, NULL, 0, 0, 0, 0, 'November', 9000, 0, 0, 0, 0, 0, 0, 9000, 0, 0, 9000, 9000, '2024', 3),
('3:2024:12', 0, 0, 0, 0, NULL, NULL, NULL, NULL, 0, 0, 0, 0, 'December', 0, 0, 0, 0, 0, 0, 0, 0, 0, 0, 0, 0, '2024', 3),
('3:2024:9', 0, 0, 0, 0, NULL, NULL, NULL, NULL, 0, 0, 0, 0, 'September', 0, 0, 0, 0, 0, 0, 0, 0, 0, 0, 0, 0, '2024', 3),
('3:2025:1', 0, 0, 0, 0, NULL, NULL, NULL, NULL, 0, 0, 0, 0, 'January', 0, 0, 0, 0, 0, 0, 0, 0, 0, 0, 0, 0, '2025', 3),
('5:2024:10', 0, 8750, 17000, 0, 2040, 1360, 3400, 510, 0, 26527.083333333332, 0, 0, 'October', 49313.33333333333, 0, 8287.5, 1239.5833333333333, 0, 10000, 0, 24146.25, 1360, 17000, 50673.33333333333, 5396.25, '2024', 5),
('5:2024:11', 0, 8400, 17000, 0, 2040, 1360, 3400, 510, 0, 25925, 0, 0, 'November', 48145.4, 0, 7650, 1275, 0, 10000, 0, 23580.4, 1360, 17000, 49505.4, 5180.4, '2024', 5),
('5:2024:12', 0, 8750, 17000, 0, 2040, 1360, 3400, 510, 0, 25925, 0, 0, 'December', 48711.25, 0, 7968.75, 956.25, 0, 10000, 0, 24146.25, 1360, 17000, 50071.25, 5396.25, '2024', 5),
('5:2024:9', 0, 350, 17000, 0, 2040, 1360, 3400, 510, 0, 17000, 0, 0, 'September', 26205.85, 0, 0, 0, 0, 10000, 0, 10565.85, 1360, 17000, 27565.85, 215.85, '2024', 5),
('5:2025:1', 0, 0, 17000, 0, 2040, 1360, 3400, 510, 0, 17000, 0, 0, 'January', 25640, 0, 0, 0, 0, 10000, 0, 10000, 1360, 17000, 27000, 0, '2025', 5),
('6:2024:10', 0, 19920, 23000, 0, 2760, 1840, 4600, 690, 5300, 34327.50000000001, 0, 284.16, 'October', 39210.70000000001, 0, 10512.916666666668, 814.5833333333333, 0, 0, 20000, 32307.36, 27424.16, 23000, 66634.86000000002, 12387.36, '2024', 6),
('6:2024:11', 0, 16600, 23000, 0, 2760, 1533.3333333333335, 4293.333333333334, 690, 4980, 28318.75, 0, 240, 'November', 33488.216666666674, 3833.333333333333, 7043.75, 2108.3333333333335, 0, 0, 15000, 26922.8, 21753.333333333332, 19166.666666666668, 55241.55, 10322.8, '2024', 6),
('6:2024:12', 0, 21580, 23000, 0, 2760, 1840, 4600, 690, 5180, 32426.166666666668, 0, 192, 'December', 45213.80666666667, 0, 7749.083333333334, 1677.0833333333333, 0, 0, 15000, 34999.64, 22212, 23000, 67425.80666666667, 13419.64, '2024', 6),
('6:2024:9', 0, 0, 23000, 0, 2760, 1840, 4600, 690, 0, 23000, 0, 0, 'September', 21160, 0, 0, 0, 0, 0, 0, 0, 1840, 23000, 23000, 0, '2024', 6),
('6:2025:1', 0, 830, 23000, 0, 2760, 1840, 4600, 690, 0, 23000, 0, 0, 'January', 22506.14, 0, 0, 0, 0, 0, 0, 1346.1399999999999, 1840, 23000, 24346.14, 516.14, '2025', 6),
('8:2024:10', 0, 7800, 20000, 0, 2400, 1600, 4000, 600, 5720, 36430, 0, 83.39999999999999, 'October', 25026.6, 0, 14596.666666666666, 1833.3333333333333, 5000, 7300, 18000, 19000, 30403.4, 20000, 55430, 3900, '2024', 8),
('8:2024:11', 0, 7500, 20000, 0, 2400, 1600, 4000, 600, 6110, 38791.666666666664, 0, 0, 'November', 29631.666666666664, 0, 16958.333333333332, 1833.3333333333333, 5000, 7300, 15000, 18550, 27710, 20000, 57341.666666666664, 3750, '2024', 8),
('8:2024:12', 0, 8400, 20000, 0, 2400, 1600, 4000, 600, 7680, 33438.333333333336, 666.6666666666666, 0, 'December', 19725, 0, 11979.999999999998, 1458.3333333333333, 0, 7300, 25000, 20566.666666666668, 34280, 20000, 54005, 4200, '2024', 8),
('8:2024:9', 0, 300, 20000, 0, 2400, 1600, 4000, 600, 0, 20000, 0, 0, 'September', 26150, 0, 0, 0, 0, 7300, 0, 7750, 1600, 20000, 27750, 150, '2024', 8),
('8:2025:1', 0, 300, 20000, 0, 2400, 1600, 4000, 600, 0, 20000, 0, 0, 'January', 26150, 0, 0, 0, 0, 7300, 0, 7750, 1600, 20000, 27750, 150, '2025', 8),
('9:2024:10', 0, 20335, 20000, 0, NULL, NULL, NULL, NULL, 0, 29499.999999999996, 0, 33.36, 'October', 44447.06999999999, 0, 9166.666666666666, 333.3333333333333, 0, 0, 18000, 32980.43, 18033.36, 20000, 62480.42999999999, 12645.43, '2024', 9),
('9:2024:11', 0, 0, 20000, 0, NULL, NULL, NULL, NULL, 0, 20000, 0, 0, 'November', 20000, 0, 0, 0, 0, 0, 0, 0, 0, 20000, 20000, 0, '2024', 9),
('9:2024:12', 0, 0, 20000, 0, NULL, NULL, NULL, NULL, 0, 20000, 0, 0, 'December', 20000, 0, 0, 0, 0, 0, 0, 0, 0, 20000, 20000, 0, '2024', 9),
('9:2024:9', 0, 830, 20000, 0, NULL, NULL, NULL, NULL, 0, 20000, 0, 0, 'September', 21346.14, 0, 0, 0, 0, 0, 0, 1346.1399999999999, 0, 20000, 21346.14, 516.14, '2024', 9);

-- --------------------------------------------------------

--
-- Table structure for table `monthly_salary_updates`
--

CREATE TABLE `monthly_salary_updates` (
  `monthly_salary_updates_record_id` varchar(255) NOT NULL,
  `arrears` double DEFAULT NULL,
  `bonus` double DEFAULT NULL,
  `food_bill` double DEFAULT NULL,
  `incentives` double DEFAULT NULL,
  `month` varchar(255) NOT NULL,
  `other_deductions` double DEFAULT NULL,
  `salary_advance` double DEFAULT NULL,
  `year` varchar(255) NOT NULL,
  `employee_id` bigint(20) NOT NULL
) ENGINE=InnoDB DEFAULT CHARSET=utf8mb4 COLLATE=utf8mb4_general_ci;

--
-- Dumping data for table `monthly_salary_updates`
--

INSERT INTO `monthly_salary_updates` (`monthly_salary_updates_record_id`, `arrears`, `bonus`, `food_bill`, `incentives`, `month`, `other_deductions`, `salary_advance`, `year`, `employee_id`) VALUES
('10:2024:December', NULL, NULL, 3860, NULL, 'December', NULL, NULL, '2024', 10),
('10:2024:November', NULL, NULL, 5000, NULL, 'November', 5000, NULL, '2024', 10),
('10:2024:October', 0, 0, 5060, 0, 'October', 5000, 0, '2024', 10),
('11:2024:December', NULL, NULL, 720, NULL, 'December', NULL, 5000, '2024', 11),
('11:2024:October', NULL, NULL, NULL, NULL, 'October', NULL, 5000, '2024', 11),
('12:2024:December', NULL, NULL, 1310, NULL, 'December', 5000, 10000, '2024', 12),
('12:2024:November', 0, NULL, 5720, NULL, 'November', 5000, 10000, '2024', 12),
('12:2024:October', 0, 0, 6189, 0, 'October', 5000, 10000, '2024', 12),
('14:2024:December', NULL, NULL, 3271, NULL, 'December', NULL, NULL, '2024', 14),
('14:2024:October', NULL, NULL, 2396, NULL, 'October', NULL, NULL, '2024', 14),
('15:2024:December', NULL, NULL, 1412, NULL, 'December', NULL, NULL, '2024', 15),
('15:2024:November', NULL, 0, 4425, NULL, 'November', NULL, 10000, '2024', 15),
('15:2024:October', 0, 0, 3000, 0, 'October', 0, 0, '2024', 15),
('16:2024:December', NULL, NULL, 7572, NULL, 'December', NULL, NULL, '2024', 16),
('16:2024:November', NULL, NULL, 4570, NULL, 'November', NULL, NULL, '2024', 16),
('16:2024:October', NULL, NULL, 6080, NULL, 'October', NULL, NULL, '2024', 16),
('17:2024:November', NULL, NULL, 4980, NULL, 'November', NULL, 5000, '2024', 17),
('17:2024:October', NULL, NULL, 2660, NULL, 'October', NULL, 10000, '2024', 17),
('19:2024:December', NULL, NULL, 6510, NULL, 'December', NULL, 5000, '2024', 19),
('19:2024:October', 0, 0, 9260, 0, 'October', 0, 0, '2024', 19),
('1:2024:December', NULL, NULL, 29520, NULL, 'December', NULL, 85670, '2024', 1),
('1:2024:November', NULL, NULL, 21085, NULL, 'November', NULL, 98915, '2024', 1),
('1:2024:October', NULL, NULL, NULL, NULL, 'October', NULL, 120000, '2024', 1),
('21:2024:December', NULL, NULL, 1773, NULL, 'December', NULL, 7000, '2024', 21),
('21:2024:October', NULL, NULL, NULL, NULL, 'October', NULL, 3000, '2024', 21),
('22:2024:December', NULL, NULL, NULL, NULL, 'December', NULL, 10000, '2024', 22),
('22:2024:November', NULL, NULL, NULL, NULL, 'November', NULL, 10000, '2024', 22),
('22:2024:October', NULL, NULL, NULL, NULL, 'October', NULL, 10000, '2024', 22),
('23:2024:December', NULL, NULL, NULL, 1600, 'December', NULL, NULL, '2024', 23),
('23:2024:November', NULL, NULL, NULL, 600, 'November', NULL, NULL, '2024', 23),
('24:2024:October', NULL, 0, 1620, NULL, 'October', NULL, 15500, '2024', 24),
('27:2024:November', NULL, NULL, NULL, NULL, 'November', NULL, 28100, '2024', 27),
('32:2024:November', NULL, NULL, NULL, NULL, 'November', NULL, 10000, '2024', 32),
('5:2024:October', 0, 0, 0, 0, 'October', 0, 0, '2024', 5),
('6:2024:December', NULL, NULL, 5180, NULL, 'December', NULL, 15000, '2024', 6),
('6:2024:November', NULL, NULL, 4980, NULL, 'November', NULL, 15000, '2024', 6),
('6:2024:October', 0, 0, 5300, 0, 'October', 0, 20000, '2024', 6),
('8:2024:December', NULL, NULL, 7680, NULL, 'December', NULL, 25000, '2024', 8),
('8:2024:November', NULL, NULL, 6110, NULL, 'November', 5000, 15000, '2024', 8),
('8:2024:October', 0, 0, 5720, 0, 'October', 5000, 18000, '2024', 8),
('9:2024:October', NULL, NULL, NULL, NULL, 'October', NULL, 18000, '2024', 9);

-- --------------------------------------------------------

--
-- Table structure for table `overwritten_attendance_status`
--

CREATE TABLE `overwritten_attendance_status` (
  `attendance_record_id` varchar(255) NOT NULL,
  `updated_attendance_status` varchar(255) DEFAULT NULL,
  `updated_lc_early_clockout_mins` bigint(20) DEFAULT NULL,
  `updated_lc_late_clockin_mins` bigint(20) DEFAULT NULL,
  `updated_ot_early_clockin_mins` bigint(20) DEFAULT NULL,
  `updated_ot_late_clockout_mins` bigint(20) DEFAULT NULL,
  `updated_total_lc_mins` bigint(20) DEFAULT NULL,
  `updated_total_ot_mins` bigint(20) DEFAULT NULL
) ENGINE=InnoDB DEFAULT CHARSET=utf8mb4 COLLATE=utf8mb4_general_ci;

--
-- Dumping data for table `overwritten_attendance_status`
--

INSERT INTO `overwritten_attendance_status` (`attendance_record_id`, `updated_attendance_status`, `updated_lc_early_clockout_mins`, `updated_lc_late_clockin_mins`, `updated_ot_early_clockin_mins`, `updated_ot_late_clockout_mins`, `updated_total_lc_mins`, `updated_total_ot_mins`) VALUES
('Arjuna2024-10-01', '1', 0, 116, 0, 1, 116, 1),
('Arjuna2024-10-02', '1', 0, 169, 0, 0, 169, 0),
('Arjuna2024-10-07', '1', 0, 0, 0, 0, 0, 0),
('Arjuna2024-10-08', '1', 22, 128, 0, 0, 150, 0),
('Arjuna2024-10-09', '1', 19, 116, 0, 0, 135, 0),
('Arjuna2024-10-12', '1', 13, 0, 7, 0, 13, 7),
('Arjuna2024-10-17', '1', 82, 0, 4, 0, 82, 4),
('Arjuna2024-10-21', '1', 0, 203, 0, 0, 203, 0),
('Arjuna2024-10-23', '1', 0, 162, 0, 0, 162, 0),
('Arjuna2024-10-25', '1', 0, 0, 0, 0, NULL, 0),
('Arjuna2024-10-28', '1', 0, 167, 0, 1, 167, 1),
('Arjuna2024-10-29', '1', 0, 192, 0, 2, 192, 2),
('Arjuna2024-10-30', '1', 0, 114, 0, 10, 114, 10),
('Arjuna2024-11-04', '1', 5, 199, 0, 0, 204, 0),
('Arjuna2024-11-05', '1', 0, 80, 0, 0, 80, 0),
('Arjuna2024-11-11', '1', 45, 0, 8, 0, 45, 8),
('Arjuna2024-11-12', '1', 0, 140, 0, 0, 140, 0),
('Arjuna2024-11-18', '1', 4, 3, 0, 0, 7, 0),
('Arjuna2024-11-19', '1', 0, 115, 0, 1, 115, 1),
('Arjuna2024-11-26', '1', 0, 204, 0, 8, 204, 8),
('Arjuna2024-11-28', '1', 0, 0, 0, 0, NULL, 0),
('Arjuna2024-12-03', '1', 0, 202, 0, 0, 202, 0),
('Arjuna2024-12-17', '1', 0, 212, 0, 7, 212, 7),
('Arjuna2024-12-25', '1', 59, 0, 7, 0, 59, 7),
('Ashan2024-10-02', '1', 0, 0, 0, 0, 0, 0),
('Ashan2024-10-04', '1', 0, 0, 0, 0, NULL, 0),
('Ashan2024-10-10', '1', 0, 0, 0, 0, NULL, 0),
('Ashan2024-10-20', '1', 0, 0, 0, 0, NULL, 0),
('Ashan2024-11-13', '1', 555, 0, 162, 0, 555, 162),
('Ashan2024-11-20', '1', 0, 0, 0, 0, NULL, 0),
('Ashan2024-11-25', '1', 0, 0, 0, 0, NULL, 0),
('Ashan2024-12-04', '1', 0, 0, 0, 0, NULL, 0),
('Ashan2024-12-23', '1', 0, 0, 0, 0, NULL, 0),
('Ashan2024-12-24', '1', 0, 0, 0, 0, NULL, 0),
('Ashan2024-12-30', '1', 0, 0, 0, 0, NULL, 0),
('Ashan2024-12-31', '1', 0, 0, 0, 0, NULL, 0),
('Ayesha2024-11-08', '1', 106, 0, 7, 0, 106, 7),
('Ayesha2024-12-06', '1', 0, 0, 0, 0, NULL, 0),
('Bhagya2024-11-01', '1', 0, 16, 0, 11, 16, 11),
('Bhagya2024-11-05', '1', 0, 17, 0, 14, 17, 14),
('Bhagya2024-11-06', '1', 0, 2, 0, 3, 2, 3),
('Bhagya2024-11-08', '1', 117, 0, 6, 0, 117, 6),
('Bhagya2024-11-11', '1', 0, 15, 0, 10, 15, 10),
('Bhagya2024-11-12', '1', 0, 8, 0, 5, 8, 5),
('Bhagya2024-11-13', '1', 0, 14, 0, 6, 14, 6),
('Bhagya2024-11-16', '1', 0, 20, 0, 15, 20, 15),
('Bhagya2024-11-21', '1', 0, 16, 0, 7, 16, 7),
('Bhagya2024-11-25', '1', 0, 31, 0, 15, 31, 15),
('Bhagya2024-11-26', '1', 0, 19, 0, 3, 19, 3),
('Bhagya2024-11-27', '1', 0, 34, 0, 16, 34, 16),
('Bhagya2024-11-28', '1', 0, 50, 0, 5, 50, 5),
('Bhagya2024-11-29', '1', 0, 40, 0, 7, 40, 7),
('Bhagya2024-11-30', '1', 0, 39, 0, 16, 39, 16),
('Bhagya2024-12-02', '1', 0, 31, 0, 17, 31, 17),
('Bhagya2024-12-05', '1', 0, 17, 0, 7, 17, 7),
('Bhagya2024-12-09', '1', 0, 13, 0, 6, 13, 6),
('Bhagya2024-12-13', '1', 0, 13, 0, 3, 13, 3),
('Bhagya2024-12-20', '1', 0, 9, 0, 3, 9, 3),
('Bhagya2024-12-23', '1', 0, 19, 0, 13, 19, 13),
('Bhagya2024-12-30', '1', 0, 24, 0, 6, 24, 6),
('Chalinda2024-10-10', '1', 0, 0, 0, 0, NULL, 0),
('Chalinda2024-10-16', '1', 0, 0, 0, 0, NULL, 0),
('Chalinda2024-10-24', '1', 0, 0, 0, 0, 0, 0),
('Chalinda2024-11-05', '1', 0, 0, 0, 0, NULL, 0),
('Chalinda2024-11-20', '1', 298, 1, 0, 0, 299, 0),
('Chalinda2024-12-18', '1', 0, 0, 0, 0, NULL, 0),
('Dilshan2024-10-01', '1', 0, 115, 0, 6, 115, 6),
('Dilshan2024-10-02', '1', 0, 169, 0, 1, 169, 1),
('Dilshan2024-10-07', '1', 0, 202, 0, 0, 202, 0),
('Dilshan2024-10-08', '1', 0, 128, 0, 4, 128, 4),
('Dilshan2024-10-09', '1', 19, 116, 0, 0, 135, 0),
('Dilshan2024-10-10', '1', 0, 0, 0, 0, NULL, 0),
('Dilshan2024-10-19', '1', 0, 11, 0, 0, 11, 0),
('Dilshan2024-10-20', '1', 0, 3, 0, 0, 3, 0),
('Dilshan2024-10-21', '1', 0, 203, 0, 1, 203, 1),
('Dilshan2024-10-22', '1', 0, 117, 0, 13, 117, 13),
('Dilshan2024-10-23', '1', 0, 0, 0, 0, NULL, 0),
('Dilshan2024-10-28', '1', 0, 178, 0, 11, 178, 11),
('Dilshan2024-10-29', '1', 0, 192, 0, 20, 192, 20),
('Dilshan2024-10-30', '1', 0, 0, 0, 0, NULL, 0),
('Dilshan2024-11-04', '1', 0, 0, 0, 0, 0, 0),
('Dilshan2024-11-06', '1', 0, 41, 0, 3, 41, 3),
('Dilshan2024-11-12', '1', 0, 140, 0, 6, 140, 6),
('Dilshan2024-11-13', '1', 75, 4, 0, 0, 79, 0),
('Dilshan2024-11-15', '1', 108, 0, 4, 0, 108, 4),
('Dilshan2024-11-18', '1', 3, 5, 0, 0, 8, 0),
('Dilshan2024-11-19', '1', 0, 115, 0, 1, 115, 1),
('Dilshan2024-11-20', '1', 0, 0, 0, 0, NULL, 0),
('Dilshan2024-11-21', '1', 0, 0, 0, 0, NULL, 0),
('Dilshan2024-11-23', '1', 0, 0, 0, 0, NULL, 0),
('Dilshan2024-11-24', '1', 0, 0, 0, 0, NULL, 0),
('Dilshan2024-11-26', '1', 0, 204, 0, 12, 204, 12),
('Dilshan2024-12-18', '1', 0, 32, 0, 0, 32, 0),
('Dilshan2024-12-24', '1', 0, 0, 0, 0, NULL, 0),
('Dilshan2024-12-31', '1', 0, 0, 0, 0, NULL, 0),
('Ishara2024-10-01', '1', 0, 0, 0, 0, NULL, 0),
('Ishara2024-10-02', '1', 0, 24, 0, 1, 24, 1),
('Ishara2024-10-06', '1', 0, 2, 0, 1, 2, 1),
('Ishara2024-10-07', '1', 0, 6, 0, 1, 6, 1),
('Ishara2024-10-08', '1', 27, 3, 0, 0, 30, 0),
('Ishara2024-10-10', '1', 0, 0, 0, 0, NULL, 0),
('Ishara2024-10-13', '1', 0, 4, 0, 3, 4, 3),
('Ishara2024-10-15', '1', 0, 11, 0, 8, 11, 8),
('Ishara2024-10-16', '1', 0, 5, 0, 0, 5, 0),
('Ishara2024-10-17', '1', 85, 2, 0, 0, 87, 0),
('Ishara2024-10-18', '1', 0, 1, 0, 2, 1, 2),
('Ishara2024-10-19', '1', 20, 5, 0, 0, 25, 0),
('Ishara2024-11-02', '1', 0, 4, 0, 4, 4, 4),
('Ishara2024-11-10', '1', 0, 1, 0, 2, 1, 2),
('Ishara2024-11-11', '1', 0, 3, 0, 3, 3, 3),
('Ishara2024-11-15', '1', 110, 0, 2, 0, 110, 2),
('Ishara2024-11-18', '1', 0, 4, 0, 1, 4, 1),
('Ishara2024-11-20', '1', 0, 0, 0, 0, NULL, 0),
('Ishara2024-12-03', '1', 0, 0, 0, 0, NULL, 0),
('Ishara2024-12-04', '1', 0, 202, 0, 102, 202, 102),
('Ishara2024-12-05', '1', 0, 0, 0, 0, NULL, 0),
('Ishara2024-12-08', '1', 0, 0, 0, 0, NULL, 0),
('Ishara2024-12-14', '1', 114, 0, 13, 0, 114, 13),
('Ishara2024-12-23', '1', 0, 0, 0, 0, 0, 0),
('Kalimuththu2024-11-24', '1', 243, 0, 34, 0, 243, 34),
('Kanageswaran2024-10-05', '1', 10, 0, 11, 0, 10, 11),
('Kanageswaran2024-10-07', '1', 9, 0, 8, 0, 9, 8),
('Kanageswaran2024-10-10', '1', 0, 18, 0, 18, 18, 18),
('Kanageswaran2024-10-18', '1', 18, 0, 18, 0, 18, 18),
('Kanageswaran2024-10-25', '0.5', 0, 4, 0, 4, 4, 4),
('Kanageswaran2024-10-29', '1', 7, 0, 0, 0, 7, 0),
('Kumara2024-11-13', '1', 0, 0, 0, 0, NULL, 0),
('Kumara2024-12-14', '1', 0, 0, 0, 0, NULL, 0),
('Madhusanka2024-10-17', '1', 56, 0, 0, 0, 56, 0),
('Madhusanka2024-10-25', '1', 0, 0, 0, 0, NULL, 0),
('Madhusanka2024-12-12', '1', 0, 0, 0, 0, NULL, 0),
('Madhusanka2024-12-14', '1', 89, 0, 11, 0, 89, 11),
('Nadun2024-10-01', '1', 0, 0, 0, 0, 0, 0),
('Nadun2024-10-02', '1', 0, 0, 0, 0, 0, 0),
('Nadun2024-10-03', '1', 0, 0, 0, 0, 0, 0),
('Nadun2024-10-04', '1', 0, 0, 0, 0, 0, 0),
('Nadun2024-10-05', '1', 0, 0, 0, 0, 0, 0),
('Nadun2024-10-06', '1', 0, 0, 0, 0, 0, 0),
('Nadun2024-10-07', '1', 0, 0, 0, 0, 0, 0),
('Nadun2024-10-08', '1', 0, 0, 0, 0, 0, 0),
('Nadun2024-10-09', '1', 0, 0, 0, 0, 0, 0),
('Nadun2024-10-10', '1', 0, 0, 0, 0, NULL, 0),
('Nadun2024-10-11', '1', 0, 0, 0, 0, NULL, 0),
('Nadun2024-10-13', '1', 0, 0, 0, 0, NULL, 0),
('Nadun2024-10-14', '1', 0, 0, 0, 0, NULL, 0),
('Nadun2024-10-16', '1', 0, 0, 0, 0, NULL, 0),
('Nadun2024-10-18', '1', 0, 0, 0, 0, NULL, 0),
('Nadun2024-10-20', '1', 0, 0, 0, 0, NULL, 0),
('Nadun2024-10-21', '1', 0, 0, 0, 0, 0, 0),
('Nadun2024-10-22', '1', 0, 0, 0, 0, NULL, 0),
('Nadun2024-10-23', '1', 0, 0, 0, 0, NULL, 0),
('Nadun2024-10-24', '1', 0, 0, 0, 0, 0, 0),
('Nadun2024-10-29', '1', 0, 0, 0, 0, 0, 0),
('Nadun2024-10-30', '1', 0, 0, 0, 0, 0, 0),
('Nadun2024-10-31', '1', 0, 0, 0, 0, NULL, 0),
('Nadun2024-11-01', '1', 0, 0, 0, 0, NULL, 0),
('Nadun2024-11-03', '1', 0, 0, 0, 0, NULL, 0),
('Nadun2024-11-04', '1', 0, 0, 0, 0, NULL, 0),
('Nadun2024-11-05', '1', 0, 0, 0, 0, NULL, 0),
('Nadun2024-11-06', '1', 0, 0, 0, 0, NULL, 0),
('Nadun2024-11-08', '1', 0, 0, 0, 0, NULL, 0),
('Nadun2024-11-09', '1', 0, 0, 0, 0, NULL, 0),
('Nadun2024-11-10', '1', 0, 0, 0, 0, NULL, 0),
('Nadun2024-11-11', '1', 0, 0, 0, 0, NULL, 0),
('Nadun2024-11-13', '1', 0, 0, 0, 0, NULL, 0),
('Nadun2024-11-29', '1', 0, 0, 0, 0, NULL, 0),
('Nirmal2024-10-01', '1', 0, 0, 0, 0, 0, 0),
('Nirmal2024-10-02', '1', 0, 24, 0, 1, 24, 1),
('Nirmal2024-10-04', '1', 17, 0, 0, 0, 17, 0),
('Nirmal2024-10-07', '1', 0, 1, 0, 0, 1, 0),
('Nirmal2024-10-11', '1', 0, 13, 0, 3, 13, 3),
('Nirmal2024-10-14', '1', 0, 31, 0, 29, 31, 29),
('Nirmal2024-10-18', '1', 0, 98, 0, 0, 98, 0),
('Nirmal2024-10-24', '1', 0, 172, 0, 0, 172, 0),
('Nirmal2024-10-25', '1', 0, 102, 0, 4, 102, 4),
('Nirmal2024-11-06', '1', 0, 0, 0, 0, NULL, 0),
('Nirmal2024-11-30', '1', 0, 0, 0, 0, NULL, 0),
('Nirmal2024-12-14', '1', 108, 13, 0, 0, 121, 0),
('Piyumi2024-10-01', '1', 0, 0, 0, 0, 0, 0),
('Piyumi2024-10-03', '1', 0, 0, 0, 0, NULL, 0),
('Piyumi2024-10-13', '1', 64, 46, 0, 0, 110, 0),
('Piyumi2024-11-01', '1', 0, 0, 0, 0, 0, 0),
('Piyumi2024-11-02', '1', 0, 0, 0, 0, NULL, 0),
('Piyumi2024-11-03', '1', 0, 0, 0, 0, NULL, 0),
('Rashini2024-11-03', '0.5', 296, 0, 21, 0, 296, 21),
('Rashini2024-11-10', '1', 301, 9, 0, 0, 310, 0),
('Rashini2024-11-13', '1', 0, 168, 0, 8, 168, 8),
('Rashini2024-11-17', 'ab', 298, 0, 12, 0, 298, 12),
('Rashini2024-11-24', 'ab', 231, 10, 0, 0, 241, 0),
('Rashini2024-12-05', '1', 0, 10, 0, 6, 10, 6),
('Rashini2024-12-21', '1', 287, 9, 0, 0, 296, 0),
('Samaraweera2024-12-31', '1', 0, 0, 0, 0, NULL, 0),
('Samson2024-10-08', '1', 36, 4, 0, 0, 40, 0),
('Samson2024-10-13', '1', 0, 144, 0, 26, 144, 26),
('Samson2024-10-15', '1', 28, 24, 0, 0, 52, 0),
('Samson2024-10-18', '1', 18, 0, 19, 0, 18, 19),
('Samson2024-10-19', '1', 12, 0, 4, 0, 12, 4),
('Samson2024-10-28', '1', 14, 0, 6, 0, 14, 6),
('Samson2024-11-15', '1', 78, 0, 27, 0, 78, 27),
('Samson2024-11-18', '1', 29, 28, 0, 0, 57, 0),
('Samson2024-11-21', '1', 28, 0, 23, 0, 28, 23),
('Samson2024-11-23', '1', 19, 1, 0, 0, 20, 0),
('Samson2024-12-13', '1', 5, 18, 0, 0, 23, 0),
('Samson2024-12-28', '1', 7, 0, 0, 0, 7, 0),
('Samson2024-12-29', '1', 80, 0, 47, 0, 80, 47),
('Sridharan2024-11-14', '1', 0, 0, 0, 0, NULL, 0),
('Sridharan2024-11-15', '1', 0, 0, 0, 0, NULL, 0),
('Sridharan2024-11-30', '1', 0, 11, 0, 0, 11, 0),
('Sudarshani2024-11-09', '1', 0, 0, 0, 0, 0, 0),
('Sudarshani2024-11-14', '1', 269, 4, 0, 0, 273, 0),
('Sudarshani2024-11-18', '1', 56, 0, 13, 0, 56, 13),
('Sudarshani2024-12-31', '1', 0, 0, 0, 0, 0, 0),
('Thimira2024-10-06', '1', 0, 4, 0, 4, 4, 4),
('Thimira2024-10-11', '1', 0, 38, 0, 23, 38, 23),
('Thimira2024-10-12', '1', 0, 10, 0, 0, 10, 0),
('Thimira2024-10-15', '1', 12, 0, 4, 0, 12, 4),
('Thimira2024-12-05', '1', 0, 60, 0, 61, 60, 61),
('Thimira2024-12-22', '1', 0, 7, 0, 1, 7, 1),
('Thimira2024-12-28', '1', 3, 0, 2, 0, 3, 2),
('Thissa2024-10-01', '1', 0, 0, 0, 0, 0, 0),
('Thissa2024-10-23', '1', 0, 0, 0, 0, NULL, 0),
('Thissa2024-10-28', '1', 0, 0, 0, 0, NULL, 0),
('Thissa2024-12-05', '1', 478, 1, 0, 0, 479, 0);

-- --------------------------------------------------------

--
-- Table structure for table `overwritten_monthly_attendance_summary`
--

CREATE TABLE `overwritten_monthly_attendance_summary` (
  `overwritten_monthly_attendance_record_id` varchar(255) NOT NULL,
  `adjusted_late_time` double DEFAULT NULL,
  `adjusted_ot_hours` double DEFAULT NULL,
  `month` varchar(255) NOT NULL,
  `year` varchar(255) NOT NULL,
  `employee_id` bigint(20) DEFAULT NULL
) ENGINE=InnoDB DEFAULT CHARSET=utf8mb4 COLLATE=utf8mb4_general_ci;

--
-- Dumping data for table `overwritten_monthly_attendance_summary`
--

INSERT INTO `overwritten_monthly_attendance_summary` (`overwritten_monthly_attendance_record_id`, `adjusted_late_time`, `adjusted_ot_hours`, `month`, `year`, `employee_id`) VALUES
('10:2024:December', 0, 91, 'December', '2024', 10),
('10:2024:November', 0, 38.81666, 'November', '2024', 10),
('10:2024:October', 0, 57.08, 'October', '2024', 10),
('11:2024:December', 0, 70.16667, 'December', '2024', 11),
('11:2024:October', 0, 42, 'October', '2024', 11),
('12:2024:December', 0, 81, 'December', '2024', 12),
('12:2024:November', 0, 75, 'November', '2024', 12),
('12:2024:October', 0, 78, 'October', '2024', 12),
('14:2024:December', 5.6, 78, 'December', '2024', 14),
('14:2024:October', 0, 39.3, 'October', '2024', 14),
('15:2024:December', 3.5, 83.58, 'December', '2024', 15),
('15:2024:November', 1.75, 33.75, 'November', '2024', 15),
('15:2024:October', 0, 14.333, 'October', '2024', 15),
('16:2024:December', 0, 79, 'December', '2024', 16),
('16:2024:November', 10, 37, 'November', '2024', 16),
('16:2024:October', 7.5, 38.166, 'October', '2024', 16),
('17:2024:November', 8, 63, 'November', '2024', 17),
('17:2024:October', 14.75, 58.4, 'October', '2024', 17),
('19:2024:December', 3.3, 70.2833, 'December', '2024', 19),
('19:2024:October', 0, 81, 'October', '2024', 19),
('23:2024:November', 0, 4, 'November', '2024', 23),
('24:2024:October', 0, 13.5, 'October', '2024', 24),
('28:2024:November', 4.5, 0, 'November', '2024', 28),
('5:2024:December', 0, 75, 'December', '2024', 5),
('5:2024:November', 0, 72, 'November', '2024', 5),
('5:2024:October', 0, 78, 'October', '2024', 5),
('6:2024:December', 2, 40.43, 'December', '2024', 6),
('6:2024:November', 2.5, 36.75, 'November', '2024', 6),
('6:2024:October', 2.96, 54.85, 'October', '2024', 6),
('8:2024:December', 0, 71.88, 'December', '2024', 8),
('8:2024:November', 0, 101.75, 'November', '2024', 8),
('8:2024:October', 1, 87.58, 'October', '2024', 8),
('9:2024:October', 0.4, 55, 'October', '2024', 9);

-- --------------------------------------------------------

--
-- Table structure for table `salary_attendance_portion`
--

CREATE TABLE `salary_attendance_portion` (
  `salary_attendance_portion_recode_id` bigint(20) NOT NULL
) ENGINE=InnoDB DEFAULT CHARSET=utf8mb4 COLLATE=utf8mb4_general_ci;

-- --------------------------------------------------------

--
-- Table structure for table `salary_base`
--

CREATE TABLE `salary_base` (
  `salary_base_recode_id` bigint(20) NOT NULL,
  `attendance_allowance` double DEFAULT NULL,
  `basic_salary` double NOT NULL,
  `late_charges_per_min` double DEFAULT NULL,
  `ot_1_rate` double DEFAULT NULL,
  `ot_2_rate` double DEFAULT NULL,
  `performance_allowance` double DEFAULT NULL,
  `transport_allowance` double DEFAULT NULL,
  `working_hours` double DEFAULT NULL,
  `employee_id` bigint(20) DEFAULT NULL,
  `compulsory_ot_1_amount_per_day` double DEFAULT NULL,
  `compulsory_ot_1_hours_per_day` double DEFAULT NULL,
  `monthly_total` double DEFAULT NULL,
  `ot_1_per_hour` double DEFAULT NULL,
  `ot_2_sat_full_day` double DEFAULT NULL
) ENGINE=InnoDB DEFAULT CHARSET=utf8mb4 COLLATE=utf8mb4_general_ci;

--
-- Dumping data for table `salary_base`
--

INSERT INTO `salary_base` (`salary_base_recode_id`, `attendance_allowance`, `basic_salary`, `late_charges_per_min`, `ot_1_rate`, `ot_2_rate`, `performance_allowance`, `transport_allowance`, `working_hours`, `employee_id`, `compulsory_ot_1_amount_per_day`, `compulsory_ot_1_hours_per_day`, `monthly_total`, `ot_1_per_hour`, `ot_2_sat_full_day`) VALUES
(27, 0, 0, 0, 1.5, 0, 120000, 0, 240, 1, 0, 0, 120000, 0, 0),
(28, 0, 0, 0, 0, 1.5, 0, 3000, 240, 3, 0, 0, 78000, 0, 0),
(29, 350, 17000, 1.18, 1.5, 1.5, 10000, 215.85, 240, 5, 318.75, 3, 49999.6, 106.25, 318.75),
(30, 830, 23000, 1.6, 2, 1.5, 0, 516.14, 240, 6, 0, 0, 57999.64, 191.67, 431.25),
(31, 300, 20000, 1.39, 2, 1.5, 7300, 150, 240, 8, 0, 0, 39000, 166.67, 375),
(32, 400, 16000, 1.11, 2, 1.5, 3000, 138.48, 240, 10, 0, 0, 33000.48, 133.33, 300),
(33, 153.85, 16000, 1.11, 1.5, 0, 0, 0, 240, 11, 0, 0, 20000.1, 100, 0),
(34, 181.25, 17000, 1.18, 1.5, 1.5, 5000, 0, 240, 12, 318.75, 3, 35000, 106.25, 318.75),
(35, 146.15, 16000, 1.11, 1.7, 0, 3000, 200, 240, 13, 0, 0, 27999.9, 113.33, 0),
(36, 100, 16000, 1.11, 1.7, 0, 0, 53.85, 240, 14, 0, 0, 20000.1, 113.33, 0),
(37, 200, 16000, 1.11, 1.7, 1.5, 3000, 223.06, 240, 15, 0, 0, 29999.56, 113.33, 300),
(38, 153.85, 16000, 1.11, 1.7, 0, 5000, 0, 240, 16, 0, 0, 25000.1, 113.33, 0),
(39, 153.85, 16000, 1.11, 1.7, 0, 5000, 0, 240, 17, 0, 0, 25000.1, 113.33, 0),
(40, 350, 17000, 1.18, 1.5, 1.5, 5000, 215.85, 240, 19, 318.75, 3, 44999.6, 106.25, 318.75),
(41, 350, 16000, 1.11, 0, 0, 4500, 400, 240, 20, 0, 0, 40000, 0, 0),
(42, 150, 16000, 1.11, NULL, 1.5, 4500, 100, 240, 21, 0, NULL, 27000, 0, 300),
(43, 400, 16000, 1.11, 0, 1.5, 2000, 138.48, 240, 22, 0, 0, 32000.48, 0, 300),
(44, 0, 0, 0, 0, 0, 0, 1300, 240, 23, 0, 0, 33800, 0, 0),
(45, 400, 17000, 1.42, 1.5, 1.5, 2000, 324.7, 200, 24, 63.75, 0.5, 39499.7, 127.5, 382.5),
(46, 0, 0, 0, 0, 0, 0, 1300, 240, 26, 0, 0, 33800, 0, 0),
(47, 0, 0, 0, 0, 0, 0, 1300, 240, 27, 0, 0, 33800, 0, 0),
(48, 450, 16000, 1.11, 0, 0, 0, 510, 240, 28, 0, 0, 40960, 0, 0),
(49, 153.85, 16000, 1.11, 1.5, 0, 0, 0, 240, 29, 0, 0, 20000.1, 100, 0),
(50, 830, 20000, 1.39, 2, 0, 0, 516.14, 240, 9, 0, 0, 54999.64, 166.67, 0);

-- --------------------------------------------------------

--
-- Table structure for table `salary_payment`
--

CREATE TABLE `salary_payment` (
  `salary_payment_recode_id` bigint(20) NOT NULL,
  `count_100` bigint(20) DEFAULT NULL,
  `count_1000` bigint(20) DEFAULT NULL,
  `count_20` bigint(20) DEFAULT NULL,
  `count_50` bigint(20) DEFAULT NULL,
  `count_500` bigint(20) DEFAULT NULL,
  `count_5000` bigint(20) DEFAULT NULL,
  `paid` bit(1) DEFAULT NULL,
  `monthly_full_salary_record_id` varchar(255) DEFAULT NULL
) ENGINE=InnoDB DEFAULT CHARSET=utf8mb4 COLLATE=utf8mb4_general_ci;

-- --------------------------------------------------------

--
-- Table structure for table `shift`
--

CREATE TABLE `shift` (
  `shift_id` bigint(20) NOT NULL,
  `end_time` time(6) NOT NULL,
  `shift_period` enum('EVENING','MORNING') NOT NULL,
  `shift_type` varchar(255) NOT NULL,
  `start_time` time(6) NOT NULL,
  `department_id` bigint(20) NOT NULL
) ENGINE=InnoDB DEFAULT CHARSET=utf8mb4 COLLATE=utf8mb4_general_ci;

--
-- Dumping data for table `shift`
--

INSERT INTO `shift` (`shift_id`, `end_time`, `shift_period`, `shift_type`, `start_time`, `department_id`) VALUES
(1, '16:30:00.000000', 'MORNING', 'Kitchen Morning Shift', '07:30:00.000000', 1),
(2, '23:30:00.000000', 'EVENING', 'Kitchen Evening Shift', '14:30:00.000000', 1),
(3, '16:00:00.000000', 'MORNING', 'Steward Morning Shift', '07:00:00.000000', 2),
(4, '00:00:00.000000', 'EVENING', 'Steward Evening Shift', '15:00:00.000000', 2),
(5, '17:00:00.000000', 'MORNING', 'Back Office Shift', '08:00:00.000000', 3),
(6, '00:00:00.000000', 'MORNING', 'Cashier & Bar Shift', '10:00:00.000000', 4),
(7, '17:00:00.000000', 'MORNING', 'Cleaning & Maintenance Shift', '07:30:00.000000', 5),
(8, '16:00:00.000000', 'MORNING', 'General Shift', '07:00:00.000000', 6);

--
-- Indexes for dumped tables
--

--
-- Indexes for table `attendance`
--
ALTER TABLE `attendance`
  ADD PRIMARY KEY (`attendance_record_id`),
  ADD KEY `FKr7q0h8jfngkyybll6o9r3h9ua` (`employee_id`),
  ADD KEY `FK9gmenkx8eh7vy88vybmrbdyb4` (`shift_id`);

--
-- Indexes for table `department`
--
ALTER TABLE `department`
  ADD PRIMARY KEY (`department_id`);

--
-- Indexes for table `department_shift`
--
ALTER TABLE `department_shift`
  ADD PRIMARY KEY (`department_shift_recode_id`),
  ADD KEY `fk_department_shift_department` (`department_id`),
  ADD KEY `fk_department_shift_shift` (`shift_id`);

--
-- Indexes for table `employee`
--
ALTER TABLE `employee`
  ADD PRIMARY KEY (`employee_id`),
  ADD UNIQUE KEY `UKoidskighbi7noak5np2orc6k1` (`short_name`),
  ADD KEY `FKbejtwvg9bxus2mffsm3swj3u9` (`department_id`);

--
-- Indexes for table `employee_monthly_leave_usage`
--
ALTER TABLE `employee_monthly_leave_usage`
  ADD PRIMARY KEY (`leave_usage_id`),
  ADD KEY `FKd2iacbf6ntp0gbhksn3842328` (`employee_id`);

--
-- Indexes for table `employee_yearly_leave_eligibility`
--
ALTER TABLE `employee_yearly_leave_eligibility`
  ADD PRIMARY KEY (`leave_record_id`),
  ADD KEY `FKhal8xssnp91xgkxs38nvlvsbj` (`employee_id`);

--
-- Indexes for table `holiday_calendar`
--
ALTER TABLE `holiday_calendar`
  ADD PRIMARY KEY (`holiday_date`);

--
-- Indexes for table `monthly_full_salary`
--
ALTER TABLE `monthly_full_salary`
  ADD PRIMARY KEY (`monthly_full_salary_record_id`),
  ADD KEY `FKfbwdfqrxewdrgh21nl9gs1ftp` (`employee_id`);

--
-- Indexes for table `monthly_salary_updates`
--
ALTER TABLE `monthly_salary_updates`
  ADD PRIMARY KEY (`monthly_salary_updates_record_id`),
  ADD KEY `FKi7m2ycbdiohnp8rs7glla76m8` (`employee_id`);

--
-- Indexes for table `overwritten_attendance_status`
--
ALTER TABLE `overwritten_attendance_status`
  ADD PRIMARY KEY (`attendance_record_id`);

--
-- Indexes for table `overwritten_monthly_attendance_summary`
--
ALTER TABLE `overwritten_monthly_attendance_summary`
  ADD PRIMARY KEY (`overwritten_monthly_attendance_record_id`),
  ADD KEY `FKbeb07892nf369dymfwne9cvj1` (`employee_id`);

--
-- Indexes for table `salary_attendance_portion`
--
ALTER TABLE `salary_attendance_portion`
  ADD PRIMARY KEY (`salary_attendance_portion_recode_id`);

--
-- Indexes for table `salary_base`
--
ALTER TABLE `salary_base`
  ADD PRIMARY KEY (`salary_base_recode_id`),
  ADD UNIQUE KEY `UKsa3yci6bn9ipsdv29gmbnfiay` (`employee_id`);

--
-- Indexes for table `salary_payment`
--
ALTER TABLE `salary_payment`
  ADD PRIMARY KEY (`salary_payment_recode_id`),
  ADD UNIQUE KEY `UKfr0pcp240uwooh4wmxrmm0s1a` (`monthly_full_salary_record_id`);

--
-- Indexes for table `shift`
--
ALTER TABLE `shift`
  ADD PRIMARY KEY (`shift_id`),
  ADD KEY `FKaov3qiu87c73ejh7bcsyd46sv` (`department_id`);

--
-- AUTO_INCREMENT for dumped tables
--

--
-- AUTO_INCREMENT for table `department_shift`
--
ALTER TABLE `department_shift`
  MODIFY `department_shift_recode_id` bigint(20) NOT NULL AUTO_INCREMENT;

--
-- AUTO_INCREMENT for table `salary_attendance_portion`
--
ALTER TABLE `salary_attendance_portion`
  MODIFY `salary_attendance_portion_recode_id` bigint(20) NOT NULL AUTO_INCREMENT;

--
-- AUTO_INCREMENT for table `salary_base`
--
ALTER TABLE `salary_base`
  MODIFY `salary_base_recode_id` bigint(20) NOT NULL AUTO_INCREMENT, AUTO_INCREMENT=51;

--
-- AUTO_INCREMENT for table `salary_payment`
--
ALTER TABLE `salary_payment`
  MODIFY `salary_payment_recode_id` bigint(20) NOT NULL AUTO_INCREMENT;

--
-- Constraints for dumped tables
--

--
-- Constraints for table `attendance`
--
ALTER TABLE `attendance`
  ADD CONSTRAINT `FK9gmenkx8eh7vy88vybmrbdyb4` FOREIGN KEY (`shift_id`) REFERENCES `shift` (`shift_id`),
  ADD CONSTRAINT `FKr7q0h8jfngkyybll6o9r3h9ua` FOREIGN KEY (`employee_id`) REFERENCES `employee` (`employee_id`);

--
-- Constraints for table `department_shift`
--
ALTER TABLE `department_shift`
  ADD CONSTRAINT `fk_department_shift_department` FOREIGN KEY (`department_id`) REFERENCES `department` (`department_id`),
  ADD CONSTRAINT `fk_department_shift_shift` FOREIGN KEY (`shift_id`) REFERENCES `shift` (`shift_id`);

--
-- Constraints for table `employee`
--
ALTER TABLE `employee`
  ADD CONSTRAINT `FKbejtwvg9bxus2mffsm3swj3u9` FOREIGN KEY (`department_id`) REFERENCES `department` (`department_id`);

--
-- Constraints for table `employee_monthly_leave_usage`
--
ALTER TABLE `employee_monthly_leave_usage`
  ADD CONSTRAINT `FKd2iacbf6ntp0gbhksn3842328` FOREIGN KEY (`employee_id`) REFERENCES `employee` (`employee_id`);

--
-- Constraints for table `employee_yearly_leave_eligibility`
--
ALTER TABLE `employee_yearly_leave_eligibility`
  ADD CONSTRAINT `FKhal8xssnp91xgkxs38nvlvsbj` FOREIGN KEY (`employee_id`) REFERENCES `employee` (`employee_id`);

--
-- Constraints for table `monthly_full_salary`
--
ALTER TABLE `monthly_full_salary`
  ADD CONSTRAINT `FKfbwdfqrxewdrgh21nl9gs1ftp` FOREIGN KEY (`employee_id`) REFERENCES `employee` (`employee_id`);

--
-- Constraints for table `monthly_salary_updates`
--
ALTER TABLE `monthly_salary_updates`
  ADD CONSTRAINT `FKi7m2ycbdiohnp8rs7glla76m8` FOREIGN KEY (`employee_id`) REFERENCES `employee` (`employee_id`);

--
-- Constraints for table `overwritten_monthly_attendance_summary`
--
ALTER TABLE `overwritten_monthly_attendance_summary`
  ADD CONSTRAINT `FKbeb07892nf369dymfwne9cvj1` FOREIGN KEY (`employee_id`) REFERENCES `employee` (`employee_id`);

--
-- Constraints for table `salary_base`
--
ALTER TABLE `salary_base`
  ADD CONSTRAINT `FK3pbijoiv3c7rwcny4da0eco8i` FOREIGN KEY (`employee_id`) REFERENCES `employee` (`employee_id`);

--
-- Constraints for table `salary_payment`
--
ALTER TABLE `salary_payment`
  ADD CONSTRAINT `FK4ymk064lnfw1um8v7nxjvh6fd` FOREIGN KEY (`monthly_full_salary_record_id`) REFERENCES `monthly_full_salary` (`monthly_full_salary_record_id`);

--
-- Constraints for table `shift`
--
ALTER TABLE `shift`
  ADD CONSTRAINT `FKaov3qiu87c73ejh7bcsyd46sv` FOREIGN KEY (`department_id`) REFERENCES `department` (`department_id`);
COMMIT;

/*!40101 SET CHARACTER_SET_CLIENT=@OLD_CHARACTER_SET_CLIENT */;
/*!40101 SET CHARACTER_SET_RESULTS=@OLD_CHARACTER_SET_RESULTS */;
/*!40101 SET COLLATION_CONNECTION=@OLD_COLLATION_CONNECTION */;
